ë‚ ì§œ,returns
2015-01-05,0.014519175136185503
2015-01-06,-0.004444061851010983
2015-01-07,0.004950281020319913
2015-01-08,0.006657488868334394
2015-01-09,0.010630682607348563
2015-01-12,0.0010677435723951412
2015-01-13,-0.006294023845479502
2015-01-14,0.003953367269944774
2015-01-15,0.015751198805957545
2015-01-16,-0.010098273184864115
2015-01-19,-0.0025055796521665785
2015-01-20,0.00708179419525079
2015-01-21,0.004317707842089291
2015-01-22,-0.013700917220581643
2015-01-23,0.023793906051629232
2015-01-26,-0.0010540565677025215
2015-01-27,-0.0068068730797479216
2015-01-28,0.013009197054442811
2015-01-29,-0.0034650105903885065
2015-01-30,-0.0034461055911515492
2015-02-02,-0.0046797188027374315
2015-02-03,0.00818640453528885
2015-02-04,0.00043333814820156746
2015-02-05,0.00491935151190126
2015-02-06,0.008230621606921007
2015-02-09,-0.019329621448856305
2015-02-10,0.0012974341941376366
2015-02-11,0.016481978666721853
2015-02-12,-0.0003977197401564547
2015-02-13,0.016006937359722473
2015-02-16,0.00856520298426533
2015-02-17,-0.002060890862388143
2015-02-23,0.017029979548061958
2015-02-24,0.005405034235153483
2015-02-25,-0.012508171289746683
2015-02-26,-0.0036458487713786347
2015-02-27,0.01306995101247499
2015-03-02,-0.009485121378230321
2015-03-03,0.0069670227589411216
2015-03-04,0.007321190233178898
2015-03-05,-0.00152958827770322
2015-03-06,0.01597306922964359
2015-03-09,-0.012687040202839062
2015-03-10,-0.0164589838620246
2015-03-11,-0.007022124637767191
2015-03-12,0.014621659578282653
2015-03-13,0.011780066164705172
2015-03-16,0.002697274588374432
2015-03-17,-0.00011611592239602064
2015-03-18,-0.01761296004180657
2015-03-19,0.009900209825342676
2015-03-20,0.014202383971595234
2015-03-23,-0.0022986515859735324
2015-03-24,-0.0014749120354750067
2015-03-25,0.024009963121005784
2015-03-26,-0.02237222939784478
2015-03-27,-0.00099328807282828
2015-03-30,0.008755417837112534
2015-03-31,0.004899521531100293
2015-04-01,-0.005304155715537218
2015-04-02,-0.00042123402422100664
2015-04-03,0.011617549875013289
2015-04-06,0.0030106793910475993
2015-04-07,0.0048989069490852355
2015-04-08,-0.0011553526643557355
2015-04-09,0.014162387857586056
2015-04-10,0.004432328177738087
2015-04-13,0.018666568194826594
2015-04-14,0.0002809396070468928
2015-04-15,0.013399773499433776
2015-04-16,0.0028698124340658104
2015-04-17,0.012114998885669692
2015-04-20,5.284760512291875e-05
2015-04-21,0.00755680817333082
2015-04-22,-0.013286945575971654
2015-04-23,-0.01778025833200436
2015-04-24,-0.006701481902391171
2015-04-27,0.009643324131919373
2015-04-28,0.00016188506160608185
2015-04-29,-0.002832530033810343
2015-04-30,-0.004265372927055866
2015-05-04,-0.016835718166998914
2015-05-06,-0.018763644402685964
2015-05-07,0.010805076790206813
2015-05-08,0.010801021592756088
2015-05-11,0.013193921240743034
2015-05-12,-0.014291673467907162
2015-05-13,0.007497838046698346
2015-05-14,0.014884077689406805
2015-05-15,0.013559108535850184
2015-05-18,0.0044651575676875055
2015-05-19,0.0025629015580674874
2015-05-20,0.015144169318512146
2015-05-21,0.001076753414784637
2015-05-22,-0.007060762458255487
2015-05-26,-0.011662342427339767
2015-05-27,-0.014628411822938725
2015-05-28,0.013526968721127464
2015-05-29,-0.00011505544787560051
2015-06-01,0.008311499787565513
2015-06-02,-0.018092437343633527
2015-06-03,-0.015716916694977323
2015-06-04,0.01964649033570698
2015-06-05,0.012693859735076973
2015-06-08,0.015323176524401072
2015-06-09,0.004115190684941039
2015-06-10,-0.011604731624403675
2015-06-11,-0.0008554767973741884
2015-06-12,-0.00244631218438196
2015-06-15,-0.007243076599695142
2015-06-16,0.00553149067939418
2015-06-17,0.022662268157012777
2015-06-18,0.014653271677490975
2015-06-19,0.004379845944414651
2015-06-22,0.004689065301758832
2015-06-23,0.0016087947446037365
2015-06-24,0.009009838040423102
2015-06-25,0.010023795113296208
2015-06-26,-0.004555827354664976
2015-06-29,-0.020417755861033893
2015-06-30,0.009722958810010729
2015-07-01,0.03145582178647066
2015-07-02,0.011663527833234877
2015-07-03,-9.587574503433505e-05
2015-07-06,-0.020679184978026455
2015-07-07,-0.03848664349472086
2015-07-08,-0.004887776316347736
2015-07-09,0.004297811015698816
2015-07-10,0.005807782768546099
2015-07-13,0.02490355149970025
2015-07-14,0.006721194000345987
2015-07-15,0.009204486880538099
2015-07-16,0.013603787657683997
2015-07-17,-0.00017596339961289953
2015-07-20,0.013991552270327334
2015-07-21,-0.0047257264127871235
2015-07-22,-0.007435356786150149
2015-07-23,-5.590339892680429e-05
2015-07-24,0.0008465845106981895
2015-07-27,-0.03723416989187256
2015-07-28,-0.005155450936186856
2015-07-29,-0.024077915802277916
2015-07-30,-0.02736112415376868
2015-07-31,0.02110030544535335
2015-08-03,-0.02037202585614073
2015-08-04,0.026218345822438094
2015-08-05,0.01681857824443811
2015-08-06,0.012218195272491794
2015-08-07,0.004909698107564919
2015-08-10,-0.003108337122308069
2015-08-11,-0.02321107232002917
2015-08-12,-0.015400288649291216
2015-08-13,0.01747775401807261
2015-08-17,-0.009626873893036514
2015-08-18,-0.029187024566387554
2015-08-19,-0.04133761105626843
2015-08-20,-0.02238751080300838
2015-08-21,-0.03732683789299451
2015-08-24,-0.022586506711474996
2015-08-25,0.05906046976511736
2015-08-26,0.030747742051170812
2015-08-27,0.004797787890163718
2015-08-28,0.019892291850812205
2015-08-31,-0.0035113112469176144
2015-09-01,-0.025741722032439407
2015-09-02,0.00492361494570237
2015-09-03,-0.004789596593250622
2015-09-04,-0.047730786219081334
2015-09-07,0.0002415809054452378
2015-09-08,-0.018606897884262286
2015-09-09,0.04165025988344628
2015-09-10,0.011756367244719401
2015-09-11,0.007621965458298741
2015-09-14,-0.014164542294322069
2015-09-15,0.005171749085540744
2015-09-16,0.01501445316519634
2015-09-17,-0.009299367753589749
2015-09-18,0.03335100890290521
2015-09-21,-0.006463926250022567
2015-09-22,0.002691192461036662
2015-09-23,-0.023116477041669192
2015-09-24,0.003459791487432806
2015-09-25,-0.0066375964525734465
2015-09-30,-0.00851948437630512
2015-10-01,0.009556793185753865
2015-10-02,0.0014185580774366269
2015-10-05,0.007619735392421001
2015-10-06,-0.0031057042046456207
2015-10-07,-0.0209412502073848
2015-10-08,-0.010751068516879791
2015-10-12,-0.0035401598781881205
2015-10-13,0.0014134545593460501
2015-10-14,-0.008344777599755826
2015-10-15,0.007857204681624541
2015-10-16,0.01175594954102177
2015-10-19,0.004130906347260321
2015-10-20,0.01094225494984391
2015-10-21,-0.011167578716564597
2015-10-22,-0.01625466264528186
2015-10-23,0.01255002339996758
2015-10-26,0.016290147620619644
2015-10-27,-0.006005086224499245
2015-10-28,0.015052056585274753
2015-10-29,-0.005271049702411101
2015-10-30,-0.010533227292063407
2015-11-02,-0.0036356839104632055
2015-11-03,0.003451963304129224
2015-11-04,0.008170209583637122
2015-11-05,0.012044729619464345
2015-11-06,0.008575590717106119
2015-11-09,-0.03169426705304168
2015-11-10,-0.027703247837589373
2015-11-11,0.01962543780936099
2015-11-12,0.01250059143600657
2015-11-13,-0.0009719989532318563
2015-11-16,-0.011404033978221095
2015-11-17,0.019503562877934755
2015-11-18,-0.0020513486921489577
2015-11-19,0.015998065350236512
2015-11-20,0.004751311416879567
2015-11-23,0.006797142648881094
2015-11-24,-0.004144871400387218
2015-11-25,0.0006270447110139354
2015-11-26,0.006529893105922335
2015-11-27,0.0017143682101996571
2015-11-30,-0.007115963177142581
2015-12-01,0.012265486083390842
2015-12-02,-0.00244667503136764
2015-12-03,0.00036835059789597224
2015-12-04,-0.011217085174408115
2015-12-07,-0.007139029418977372
2015-12-08,-0.025385818704088292
2015-12-09,-0.005781974506748888
2015-12-10,-0.010281150280395113
2015-12-11,-0.01468049182986264
2015-12-14,-0.033748330009487515
2015-12-15,0.016481644757935232
2015-12-16,0.010458044611790784
2015-12-17,0.01451509062176859
2015-12-18,0.016538143497240476
2015-12-21,0.0010026295378444683
2015-12-22,-0.007181464262765891
2015-12-23,-0.00958426923516209
2015-12-24,-0.008254773642382807
2015-12-28,-0.0038468246739404854
2015-12-29,0.05169009289431448
2015-12-30,0.01319842025915885
2016-01-04,-0.006599967137093099
2016-01-05,0.010007075710097846
2016-01-06,0.009907926341072848
2016-01-07,-0.009909820632246547
2016-01-08,0.010345674743633015
2016-01-11,-0.010122660710747633
2016-01-12,-0.008406572411157831
2016-01-13,0.02791999265987699
2016-01-14,-0.004944971570876366
2016-01-15,-0.014836875106522318
2016-01-18,0.02615069428636474
2016-01-19,-0.0006211345466161644
2016-01-20,-0.010352757331723361
2016-01-21,-0.00400139959268242
2016-01-22,0.004675043912984567
2016-01-25,0.014901285706600875
2016-01-26,-0.002296900950563785
2016-01-27,-0.012856839271799925
2016-01-28,0.009409421979835741
2016-01-29,0.0025859081336141454
2016-02-01,0.010822165496702896
2016-02-02,0.00011399009163048923
2016-02-03,-0.004839642988654913
2016-02-04,-0.0008633904815604776
2016-02-05,-0.007874224040631872
2016-02-11,-0.055539261431809095
2016-02-12,-0.07119869007961166
2016-02-15,0.016930091185410445
2016-02-16,0.024240069342738257
2016-02-17,-0.030096105209913904
2016-02-18,0.03119045231170392
2016-02-19,0.008548920443493424
2016-02-22,0.00895862062314956
2016-02-23,-0.015043774133119303
2016-02-24,3.8814602053349745e-05
2016-02-25,0.007199829222379606
2016-02-26,0.003034682080924833
2016-02-29,0.004206886615761407
2016-03-02,0.02299312310502799
2016-03-03,0.014473106014566639
2016-03-04,0.0013271277821298444
2016-03-07,-0.0062586862281290845
2016-03-08,0.00011114301327230791
2016-03-09,0.005232401996647651
2016-03-10,0.017531737696460548
2016-03-11,-0.007949370297603342
2016-03-14,-0.004864425806098249
2016-03-15,-0.004723124048496952
2016-03-16,0.0024142347705093936
2016-03-17,0.002086684745139511
2016-03-18,0.007632187282134328
2016-03-21,-0.008375514365827952
2016-03-22,0.00044067423157434504
2016-03-23,-0.005056344749109876
2016-03-24,-0.007184954944152833
2016-03-25,-0.005666932981550077
2016-03-28,-0.00964197623140739
2016-03-29,0.012490566037735906
2016-03-30,0.0009410756214827121
2016-03-31,-0.0005306027461018381
2016-04-01,0.010654943744877299
2016-04-04,0.00991595399587153
2016-04-05,-0.0024911486659123794
2016-04-06,-0.010199881077619821
2016-04-07,0.012070240295748658
2016-04-08,-0.0035523167680308054
2016-04-11,-0.013114363481400826
2016-04-12,-0.0005200304589267901
2016-04-14,-0.0010034377032425157
2016-04-15,-0.00047432153419768586
2016-04-18,-0.0010979706153287916
2016-04-19,0.008700269205331956
2016-04-20,-0.004765114926075897
2016-04-21,0.0008351040632450513
2016-04-22,-0.002271441948433428
2016-04-25,0.0034102735652690175
2016-04-26,-0.0016021040348943583
2016-04-27,-0.006520730915499429
2016-04-28,-0.00659153930181966
2016-04-29,0.0011841993966221764
2016-05-02,-0.017957888610399153
2016-05-03,0.015265643221748393
2016-05-04,-0.004942990838990302
2016-05-09,-0.00431466797872937
2016-05-10,0.012011783711869395
2016-05-11,0.0047983923976937515
2016-05-12,0.002822298023456904
2016-05-13,-0.002655931113534016
2016-05-16,-0.003980489992711722
2016-05-17,-0.009315546549589215
2016-05-18,-0.02029298410083058
2016-05-19,-0.007838778271795799
2016-05-20,0.014291420276865807
2016-05-23,0.00718429444081603
2016-05-24,-0.004586893500152733
2016-05-25,0.007558702087504754
2016-05-26,-0.009603316472064916
2016-05-27,0.005913864941149427
2016-05-30,0.007740174464105243
2016-05-31,0.012160357613008932
2016-06-01,-0.0004678450123043465
2016-06-02,-0.0008144313490541233
2016-06-03,-0.0005996102533352143
2016-06-07,0.005540347982601057
2016-06-08,0.0023400426987871814
2016-06-09,0.00758040813289429
2016-06-10,-0.0019662324954535793
2016-06-13,-0.020385511857634597
2016-06-14,-0.003833371100536276
2016-06-15,0.0022937084146874565
2016-06-16,-0.02069069864205475
2016-06-17,-0.0034762456546928444
2016-06-20,0.013284883720930285
2016-06-21,0.0010232282372741874
2016-06-22,-0.0027704006572535356
2016-06-23,-0.01018316281564946
2016-06-24,-0.044471328332930105
2016-06-27,0.002299199837942023
2016-06-28,0.016855806057176403
2016-06-29,0.016248447204968874
2016-06-30,0.009925679640133023
2016-07-01,0.015066569837811628
2016-07-04,0.004054144289380002
2016-07-05,0.007686022649540325
2016-07-06,-0.013802856738792335
2016-07-07,0.01715088765881778
2016-07-08,-0.007970299356172772
2016-07-11,0.004254029010772431
2016-07-12,0.0009528661458921839
2016-07-13,0.0026673704251769514
2016-07-14,-0.001363038165068664
2016-07-15,-0.004791264649126825
2016-07-18,-0.0027523977072811956
2016-07-19,0.0018020581400863822
2016-07-20,0.006002366863905317
2016-07-21,0.006992348883388733
2016-07-22,-0.0044858974598604995
2016-07-25,-0.006073862676254649
2016-07-26,0.0013978748524203777
2016-07-27,-0.009045207172028613
2016-07-28,0.002493718114672916
2016-07-29,0.004500313312952198
2016-08-01,-0.008988657844990589
2016-08-02,-0.005112113611002389
2016-08-03,-0.003201901968115317
2016-08-04,0.00497215783956384
2016-08-05,-0.011608099831572627
2016-08-08,0.00518962462360717
2016-08-09,0.010027066336604884
2016-08-10,0.016717528132748516
2016-08-11,-0.005806046166977774
2016-08-12,6.604147404565275e-05
2016-08-16,-0.007669738964726669
2016-08-17,-0.006369547857170033
2016-08-18,0.005463173807382482
2016-08-19,-0.002550219337894566
2016-08-22,-0.014653552246210344
2016-08-23,-0.0013554727211113615
2016-08-24,0.0012312763585244912
2016-08-25,-0.006081028739639005
2016-08-26,-0.004637387475156962
2016-08-29,-0.022648970323388862
2016-08-30,0.002974342540108532
2016-08-31,-0.0036045571187507397
2016-09-01,0.01565287102916124
2016-09-02,0.005653563817191509
2016-09-05,0.0030610743193524304
2016-09-06,-0.001085712608938083
2016-09-07,-0.010398918982433503
2016-09-08,0.0021570489986544317
2016-09-09,-0.003969115933729728
2016-09-12,-0.021461141950832596
2016-09-13,0.007192422630805773
2016-09-19,0.004898164445561903
2016-09-20,0.012150692609496305
2016-09-21,0.006022190139034489
2016-09-22,0.009947412394947674
2016-09-23,0.004623006024506715
2016-09-26,-0.0044273507585591565
2016-09-27,0.0024327348805526228
2016-09-28,-0.006173858175993918
2016-09-29,0.0034089022162748783
2016-09-30,-0.01664589985203646
2016-10-04,0.005137698231998389
2016-10-05,-0.0022159409870293745
2016-10-06,-0.0057248894504106085
2016-10-07,-0.013054441488305701
2016-10-10,-0.0008449259181024793
2016-10-11,-0.006503377528112586
2016-10-12,-0.0019151458652102438
2016-10-13,-0.009959593088184615
2016-10-14,0.002840530369063954
2016-10-17,-0.009877906620038068
2016-10-18,0.007229313834841156
2016-10-19,0.00307603970141912
2016-10-20,-0.00784029112319573
2016-10-21,-0.00689257271200594
2016-10-24,-0.007749605776412927
2016-10-25,-0.009744367191175773
2016-10-26,0.0016365229693917627
2016-10-27,0.023959607032929986
2016-10-28,-0.0159047158254495
2016-10-31,-0.01694631574542871
2016-11-01,0.0018621775772538207
2016-11-02,-0.022793172669435258
2016-11-03,0.005467094179664178
2016-11-04,-0.002097115925109194
2016-11-07,0.016346382997161957
2016-11-08,0.004252688573164409
2016-11-09,-0.03633970834836875
2016-11-10,0.04226965351659717
2016-11-11,-0.010820406610592137
2016-11-14,-0.0070931077212322835
2016-11-15,-0.009898007488057914
2016-11-16,0.02015690876689713
2016-11-17,-0.003163512030932125
2016-11-18,-0.013944393392174126
2016-11-21,-0.01691572479708703
2016-11-22,0.004541446208112809
2016-11-23,-0.012289865250406096
2016-11-24,-0.011365151313158295
2016-11-25,0.007180662778545566
2016-11-28,-0.010387378944079928
2016-11-29,0.005693540931485774
2016-11-30,6.726306585069786e-05
2016-12-01,-0.005683346785041787
2016-12-02,-0.015400051859618236
2016-12-05,-0.017484399152687957
2016-12-06,0.009614488159612078
2016-12-07,-0.006244733531102553
2016-12-08,0.009396924220601344
2016-12-09,0.020736240089296976
2016-12-12,0.011848528234670752
2016-12-13,0.013013347594536206
2016-12-14,0.000670904731528088
2016-12-15,0.011507644285196017
2016-12-16,0.0030098880799740435
2016-12-19,-0.0028600214501609544
2016-12-20,-0.013808763295416138
2016-12-21,-0.0018728242189222088
2016-12-22,-0.006633407651045253
2016-12-23,0.010366551482761333
2016-12-26,-0.00394791827039398
2016-12-27,0.0058404637041125085
2016-12-28,0.022084650509307968
2016-12-29,0.005294471412002233
2017-01-02,-0.003525302054289692
2017-01-03,0.005789084359823837
2017-01-04,0.0067683518263890186
2017-01-05,0.002572680881699041
2017-01-06,0.0006758397837312025
2017-01-09,-0.0032819408828527186
2017-01-10,-0.01147697194282693
2017-01-11,0.0005033952402373476
2017-01-12,-0.008189438300878815
2017-01-13,0.006184699076072997
2017-01-16,-0.008163396659551014
2017-01-17,-0.007949383517196651
2017-01-18,0.005734532570182527
2017-01-19,-0.0013007989073289261
2017-01-20,-0.006653569374043489
2017-01-23,-0.0074520859284511465
2017-01-24,-0.006098903518428789
2017-01-25,-0.005438514875612088
2017-01-26,0.010179193905847983
2017-01-31,-0.0024364698748690072
2017-02-01,0.014610317846248888
2017-02-02,-0.010957889462562265
2017-02-03,-0.002665198237885469
2017-02-06,0.0031250690165418593
2017-02-07,-0.004370273334727615
2017-02-08,0.0009619211888018953
2017-02-09,0.001215053407120248
2017-02-10,0.002041018964927588
2017-02-13,0.002818576178627241
2017-02-14,-0.0011528073604005762
2017-02-15,0.009793684117963775
2017-02-16,-0.0009578961118126283
2017-02-17,0.004336456744388872
2017-02-20,0.0019527436047648283
2017-02-21,0.004547521600727578
2017-02-22,-0.002780831662678618
2017-02-23,-0.0033722438391698972
2017-02-24,-0.0005747874370988226
2017-02-27,-0.005653518528565882
2017-02-28,0.00044743217582987604
2017-03-02,-0.006195800381783467
2017-03-03,-0.011371244800070235
2017-03-06,0.002731178736774309
2017-03-07,0.002701595491435782
2017-03-08,-0.004008347964355563
2017-03-09,0.001075411871660048
2017-03-10,0.011096959964560504
2017-03-13,0.001204858867213554
2017-03-14,-0.007089172601660754
2017-03-15,-0.012858228935973326
2017-03-16,0.009855790695597832
2017-03-17,-0.004785852445426952
2017-03-20,-0.005353057462073152
2017-03-21,0.004968736042876287
2017-03-22,-0.0026442975390256196
2017-03-23,-0.001882651753985276
2017-03-24,0.004988950646219736
2017-03-27,0.0018879449164306283
2017-03-28,0.007171756359807269
2017-03-29,0.002256168695384142
2017-03-30,0.0022071661523932473
2017-03-31,0.009400885304816642
2017-04-03,0.016206065605800735
2017-04-04,-0.0008865721701791784
2017-04-05,0.004522322955867297
2017-04-06,0.00328866846177589
2017-04-07,0.004179573131921854
2017-04-10,-0.02338847689674839
2017-04-11,0.00692281066112832
2017-04-12,-0.001020539704365775
2017-04-13,0.00211843902229214
2017-04-14,-0.007307651035518781
2017-04-17,0.020387205569187827
2017-04-18,0.006419831558874822
2017-04-19,0.002010505152577391
2017-04-20,0.002101016892175789
2017-04-21,-0.0030925025159341812
2017-04-24,-0.013554581111917319
2017-04-25,0.010596111205867231
2017-04-26,0.004134933862154799
2017-04-27,-0.0069437149400172204
2017-04-28,-0.005289158283350748
2017-05-02,-0.0007550540767603531
2017-05-04,0.017028160320129437
2017-05-08,0.021169502521922956
2017-05-10,-0.0018445457806015586
2017-05-11,0.008459524665058282
2017-05-12,-0.008663429333496175
2017-05-15,0.004847090718642866
2017-05-16,-0.010189064895247846
2017-05-17,0.0016313382135815235
2017-05-18,-0.005339600663842314
2017-05-19,0.004280103219922671
2017-05-22,-0.0010319278476048632
2017-05-23,0.003636138255893373
2017-05-24,0.007143004178760348
2017-05-25,-0.005467440624616793
2017-05-26,0.0035245640535570555
2017-05-29,-0.005334835142330574
2017-05-30,0.009656265763493543
2017-05-31,0.007412543205848499
2017-06-01,0.0016699728755922294
2017-06-02,0.009841465509401903
2017-06-05,0.01043594849063978
2017-06-07,0.008189253955993792
2017-06-08,0.006973569190574791
2017-06-09,0.0059889000516955004
2017-06-12,-0.02021582943075706
2017-06-13,0.009787040335668795
2017-06-14,0.004929391127096006
2017-06-15,-0.002993836792011262
2017-06-16,-1.9562389350191722e-05
2017-06-19,0.01367437765931423
2017-06-20,-0.005992299750079644
2017-06-21,-0.005601289170193757
2017-06-22,-0.005496168301849846
2017-06-23,0.008549945029056039
2017-06-26,0.0005061172050651042
2017-06-27,0.008161875577605837
2017-06-28,-0.012177470714244243
2017-06-29,0.003624037822842263
2017-06-30,0.003971073455125929
2017-07-03,-0.013853476941571019
2017-07-04,-0.005377401152159789
2017-07-05,0.005070422535211172
2017-07-06,0.006795295413421387
2017-07-07,0.0036237900350657437
2017-07-10,-0.01057907542579073
2017-07-11,-0.0062657997501549545
2017-07-12,-0.012937263674697497
2017-07-13,0.0037705953729980646
2017-07-14,0.005195064688545914
2017-07-17,0.010266858818267721
2017-07-18,0.0035317960018887984
2017-07-19,0.014440185477467171
2017-07-20,0.009982605334364347
2017-07-21,-0.005568685235329718
2017-07-24,-0.0005388190241601976
2017-07-25,-0.011696750902527198
2017-07-26,0.004022988505747227
2017-07-27,0.00041718005685287274
2017-07-28,-0.020636952558283905
2017-07-31,-0.0012377708242563568
2017-08-01,-0.0005651229886083353
2017-08-02,0.005614745154058465
2017-08-03,-0.026466874482105607
2017-08-04,-0.0037086200083088494
2017-08-07,0.017228929141706262
2017-08-08,0.005599048161812448
2017-08-09,-0.012995018741859377
2017-08-10,-0.0017830160169236553
2017-08-11,-0.018800520722957237
2017-08-14,0.0049573177002983915
2017-08-16,0.014542737841820808
2017-08-17,0.014425065316292285
2017-08-18,0.000765689169972994
2017-08-21,-0.00524642289348165
2017-08-22,0.00934952852804849
2017-08-23,-0.0036121447232998483
2017-08-24,0.006138076934537162
2017-08-25,0.0033365909517182324
2017-08-28,0.0089827723610032
2017-08-29,0.002262266947499647
2017-08-30,-0.0015177459526773962
2017-08-31,0.0079997661456912
2017-09-01,0.00634128894431063
2017-09-04,-0.016973248162912458
2017-09-05,-0.0017491059039652646
2017-09-06,0.010395559862567127
2017-09-07,0.009833270361651048
2017-09-08,-0.004470624352430841
2017-09-11,0.005810928013876726
2017-09-12,0.005116265700899625
2017-09-13,-0.0021066277750769746
2017-09-14,0.016009781632692066
2017-09-15,0.017120776217069977
2017-09-18,0.009973840621909202
2017-09-19,0.002352144386886801
2017-09-20,-0.007103790209917915
2017-09-21,-0.009140986380482108
2017-09-22,-0.014060716307646715
2017-09-25,0.0018167783718654462
2017-09-26,-0.0005355884425650714
2017-09-27,0.013519103489771256
2017-09-28,-0.005565552937684348
2017-09-29,0.002546499263101021
2017-10-10,0.006931586635528841
2017-10-11,0.014165065050266046
2017-10-12,0.008509707809069234
2017-10-13,0.007064711674842572
2017-10-16,0.002332403362249158
2017-10-17,0.029131948484333314
2017-10-18,0.0017393119282012037
2017-10-19,-0.01112095009896874
2017-10-20,0.01304573028874434
2017-10-23,0.0039343807683307475
2017-10-24,0.025386932764767334
2017-10-25,1.6836717513513122e-05
2017-10-26,-0.02007744759659913
2017-10-27,0.020480219921824805
2017-10-30,0.0008249922130836307
2017-10-31,0.006720667524624302
2017-11-01,0.0007853884330666361
2017-11-02,0.0004675237936215826
2017-11-03,0.015137354384325397
2017-11-06,0.006263871763255047
2017-11-07,-0.010750580008495825
2017-11-08,0.019373059390896508
2017-11-09,-0.0034348114904165783
2017-11-10,0.017607179437155507
2017-11-13,0.04192229038854811
2017-11-14,0.036026435230618326
2017-11-15,0.031043949944868254
2017-11-16,0.01644344917675089
2017-11-17,-0.012357273491176879
2017-11-20,0.02036220123402943
2017-11-21,0.00550047297060563
2017-11-22,-0.02721254355400693
2017-11-23,0.03002972885848343
2017-11-24,-0.020495594177498577
2017-11-27,-0.00423885259869361
2017-11-28,-0.03735658820761112
2017-11-29,0.014925483689372188
2017-11-30,-0.015581780628963982
2017-12-01,0.031152694166839634
2017-12-04,-0.009921918812820785
2017-12-05,-0.024784686215560625
2017-12-06,-0.013157796757835571
2017-12-07,-0.022833255361212168
2017-12-08,-0.00889575289575284
2017-12-11,0.035738772711690014
2017-12-12,-0.010945198781359244
2017-12-13,0.015652570733191373
2017-12-14,-0.011779418592460567
2017-12-15,0.0024551964536050352
2017-12-18,-0.009086167406209267
2017-12-19,-0.00045771129097460506
2017-12-20,-0.018576323963763186
2017-12-21,-0.018025864549392367
2017-12-22,0.04487824193229062
2017-12-26,0.002069090964211595
2017-12-27,0.05915365124985805
2017-12-28,0.009597532063183811
2018-01-02,0.017951619748196368
2018-01-03,0.01695409886185173
2018-01-04,-0.02597056532611819
2018-01-05,0.03616798894477302
2018-01-08,0.028555374273083522
2018-01-09,-0.013940538797217017
2018-01-10,0.004612416812959985
2018-01-11,0.03845744963589004
2018-01-12,0.048402989276482344
2018-01-15,0.031875354730038996
2018-01-16,0.00799030044949145
2018-01-17,-0.029795049022771636
2018-01-18,0.011720380035439293
2018-01-19,-0.03952394330836695
2018-01-22,-0.011488744639934323
2018-01-23,0.036497453300006866
2018-01-24,-0.005940594059405946
2018-01-25,-0.0008188106469825263
2018-01-26,0.015557920228965516
2018-01-29,0.02535197697245617
2018-01-30,-0.008844672054125091
2018-01-31,-0.01380609838474589
2018-02-01,-0.020710663558364706
2018-02-02,-0.0040738945573014496
2018-02-05,-0.05240104728168793
2018-02-06,0.008386480213757652
2018-02-07,-0.04620621627371713
2018-02-08,0.05054007651647274
2018-02-09,-0.0304724647565614
2018-02-12,-0.0008295560879462149
2018-02-13,-0.026182600725301763
2018-02-14,0.03207016969498544
2018-02-19,0.045797591826484574
2018-02-20,-0.02383600424649923
2018-02-21,0.01642973665812164
2018-02-22,-0.008820869476607318
2018-02-23,0.006952431744726262
2018-02-26,0.0035798380458296197
2018-02-27,-0.0013924919884023002
2018-02-28,-0.022431917887592134
2018-03-02,0.008376213117957443
2018-03-05,-0.018693158329888382
2018-03-06,0.02340016587459348
2018-03-07,-0.027785460228844205
2018-03-08,0.016453091818440457
2018-03-09,0.014754887922730386
2018-03-12,0.028214814862325355
2018-03-13,0.00017466159316326113
2018-03-14,-0.0007484189649366035
2018-03-15,0.0020534521714163922
2018-03-16,0.006072987972369548
2018-03-19,-0.02049875558747427
2018-03-20,0.020106060893364086
2018-03-21,-0.009089669872112682
2018-03-22,-0.02256682820071909
2018-03-23,-0.05998106399856695
2018-03-26,0.03996869470532194
2018-03-27,-0.001878112464253734
2018-03-28,-0.00924432555760979
2018-03-29,0.025708727070594684
2018-03-30,0.0009483809781871688
2018-04-02,-0.006851522417304801
2018-04-03,0.008618619593081966
2018-04-04,-0.009864039687799697
2018-04-05,0.007629321549259105
2018-04-06,-0.00024507590903810605
2018-04-09,0.010134437735459523
2018-04-10,-0.00035124244030471097
2018-04-11,0.005066056780722139
2018-04-12,-0.01199427935801678
2018-04-13,0.008916738506671296
2018-04-16,0.0013008213028617988
2018-04-17,0.0002738365132333165
2018-04-18,-0.010492070464948933
2018-04-19,-0.017860934353345348
2018-04-20,0.0027055887112095167
2018-04-23,-0.018371880308375776
2018-04-24,-0.012372876843618541
2018-04-25,-0.0015701972518179508
2018-04-26,0.01345203704203679
2018-04-27,0.01366642468481305
2018-04-30,-0.01768713740382788
2018-05-02,-0.010233497648970968
2018-05-03,-0.010812344994897916
2018-05-04,-0.023145396539120955
2018-05-08,-0.04735263058514172
2018-05-09,0.04577888709440603
2018-05-10,-0.003144830684562283
2018-05-11,0.011562728860345928
2018-05-14,-0.0235294117647058
2018-05-15,0.012504455692592842
2018-05-16,-0.0003309299836647961
2018-05-17,0.00715608866224815
2018-05-18,0.016763058331526803
2018-05-21,0.00022009766834019118
2018-05-23,-0.0023586527485525144
2018-05-24,0.01299981389449889
2018-05-25,0.01098901098901095
2018-05-28,0.003035401803742177
2018-05-29,-0.020874851540954475
2018-05-30,0.015700383771929616
2018-05-31,0.006605447638839301
2018-06-01,0.0019036128426836996
2018-06-04,-0.01649116234261483
2018-06-05,-0.0005305797604228113
2018-06-07,0.015905424995406037
2018-06-08,-0.01591097891041615
2018-06-11,-0.0017972265526609021
2018-06-12,0.0038669021816966076
2018-06-14,-0.010700019022256035
2018-06-15,0.00129102258602809
2018-06-18,-0.032823762593529815
2018-06-19,-0.03372499521354666
2018-06-20,0.0418810130112206
2018-06-21,-0.022363249609083313
2018-06-22,0.013004416458331836
2018-06-25,0.007140621888424237
2018-06-26,-0.0037144794079430055
2018-06-27,-0.007768531775846688
2018-06-28,-0.0213164173560213
2018-06-29,0.015919475628092927
2018-07-02,-0.03858948291098774
2018-07-03,0.010245717872836568
2018-07-04,0.003572934466611999
2018-07-05,0.0029189332625711994
2018-07-06,0.022070820655289758
2018-07-09,0.0012727861072159286
2018-07-10,-0.0014794386751124655
2018-07-11,-0.023799591472712045
2018-07-12,0.01946554480685503
2018-07-13,0.011093525283842443
2018-07-16,-0.004889066788654972
2018-07-17,-0.012605947421347463
2018-07-18,-0.010075291892481797
2018-07-19,-0.018628747795414347
2018-07-20,-0.009809427533790216
2018-07-23,-0.05476613604567615
2018-07-24,0.0017600985655197299
2018-07-25,-0.02429460199819511
2018-07-26,0.02825547797758876
2018-07-27,0.0052617753118455735
2018-07-30,-0.012519400715846785
2018-07-31,0.014875343816908915
2018-08-01,0.02987563014586203
2018-08-02,-0.017385433369904724
2018-08-03,0.011196739359583985
2018-08-06,-0.014763680727682638
2018-08-07,0.006896821975782785
2018-08-08,-0.003494843354738264
2018-08-09,0.013387905581678794
2018-08-10,-0.00546477570525683
2018-08-13,-0.03957963590144997
2018-08-14,0.01137794131887282
2018-08-16,-0.000773932053552917
2018-08-17,0.019187620271964523
2018-08-20,-0.00742713882795365
2018-08-21,0.033672212925835776
2018-08-22,-0.008201102643595637
2018-08-23,0.011394783037171674
2018-08-24,0.013291312688407553
2018-08-27,0.009623619562767693
2018-08-28,-0.00842318310005885
2018-08-29,0.007669275621158711
2018-08-30,0.0005659773162249859
2018-08-31,0.02447955819198122
2018-09-03,-0.0018017232611191591
2018-09-04,0.01909052533515765
2018-09-05,-0.01629755536669497
2018-09-06,-0.0063525943995528245
2018-09-07,0.0017754851531446292
2018-09-10,-0.0023120628414302624
2018-09-11,0.008640982527962526
2018-09-12,0.014901574232452974
2018-09-13,0.007177136001371043
2018-09-14,0.008735544163422926
2018-09-17,-0.005693599971883567
2018-09-18,0.006235198473012682
2018-09-19,-0.0015948066911625203
2018-09-20,-0.0076138202800647425
2018-09-21,0.006204441671157523
2018-09-27,0.006708808129496813
2018-09-28,-0.011774176612649123
2018-10-01,-0.00755810247001909
2018-10-02,-0.03751445334246928
2018-10-04,-0.003804226918798781
2018-10-05,-0.024192888035314164
2018-10-08,-0.010275618482381788
2018-10-10,-0.01468321257900429
2018-10-11,-0.044440098564555885
2018-10-12,0.04267563894755799
2018-10-15,-0.031012742704154106
2018-10-16,0.018927700397838088
2018-10-17,0.008977917027824356
2018-10-18,-0.01820589208871226
2018-10-19,0.02296663776771668
2018-10-22,0.0076589266516522425
2018-10-23,-0.03784002678939946
2018-10-24,-0.025827600161877795
2018-10-25,-0.011723261243446581
2018-10-26,-0.03453609980831951
2018-10-29,-0.02923197492163021
2018-10-30,0.024568768332391633
2018-10-31,-0.015522403740085067
2018-11-01,0.0013161522112246082
2018-11-02,0.05922893149906305
2018-11-05,0.002129693290627621
2018-11-06,-0.004392570281124497
2018-11-07,-0.014185469977730292
2018-11-08,0.010323339613151905
2018-11-09,-0.017533201707757406
2018-11-12,-0.03637066300240477
2018-11-13,0.0031816763958825156
2018-11-14,0.001767914571525031
2018-11-15,0.02533677423932046
2018-11-16,0.015127402307599125
2018-11-19,0.024299845782886242
2018-11-20,-0.0239063708731565
2018-11-21,0.010882440666410975
2018-11-22,-0.0028240967105597203
2018-11-23,-0.0149466974392789
2018-11-26,0.024614011448776507
2018-11-27,0.005930293918098517
2018-11-28,-0.002955993172072069
2018-11-29,-0.010648070820110211
2018-11-30,0.001671379732410383
2018-12-03,0.029866091367991565
2018-12-04,-0.005908008542882204
2018-12-05,-0.011968555788780533
2018-12-06,-0.035390857361848216
2018-12-07,0.01580542912171934
2018-12-10,-0.021341178271109595
2018-12-11,-0.017514747660790864
2018-12-12,0.03103805035061513
2018-12-13,0.002967486298961486
2018-12-14,-0.0321011090873331
2018-12-17,-0.005309703239714136
2018-12-18,-0.0024958254876187302
2018-12-19,0.02794126813110509
2018-12-20,-0.004409025943089895
2018-12-21,0.010997424653720334
2018-12-24,-0.00447504302925994
2018-12-26,0.00848893499308434
2018-12-27,-0.004851622636333874
2018-12-28,0.004556573869900715
2019-01-02,-0.018726688102893796
2019-01-03,-0.02603088054106495
2019-01-04,0.01550304139527392
2019-01-07,0.008048414170862994
2019-01-08,-0.008843042567549753
2019-01-09,0.015164644714038111
2019-01-10,0.005182610816413691
2019-01-11,6.065752759920606e-05
2019-01-14,-0.013335181831572784
2019-01-15,0.00941424431369109
2019-01-16,-0.00216630996502587
2019-01-17,-0.016260800571961775
2019-01-18,0.01753110929911017
2019-01-21,-0.007421214919080876
2019-01-22,0.0007195886059285783
2019-01-23,-0.0035252025676102416
2019-01-24,0.016922751993241558
2019-01-25,0.010401793054509945
2019-01-28,0.007965124744131247
2019-01-29,-0.002948448877975074
2019-01-30,0.009399873872952602
2019-01-31,0.005926801469036347
2019-02-01,7.553694176087866e-05
2019-02-07,0.021224277417838833
2019-02-08,-0.002366766651600294
2019-02-11,0.010519205581686508
2019-02-12,-0.00751585503040586
2019-02-13,0.014061370655102268
2019-02-14,0.0015065120196979809
2019-02-15,-0.005790537808330054
2019-02-18,0.00942782305952794
2019-02-19,0.006164731290241976
2019-02-20,0.0042047766262474084
2019-02-21,-0.006141183414019258
2019-02-22,-0.005448869700593217
2019-02-25,0.010739587199638745
2019-02-26,-0.003568434917973873
2019-02-27,0.008916983127433387
2019-02-28,-0.019097759884381116
2019-03-04,0.02668264171105683
2019-03-05,-0.000607150178991045
2019-03-06,-0.011140478914355656
2019-03-07,-0.019484094372591243
2019-03-08,0.000618434222196873
2019-03-11,0.010401164540079888
2019-03-12,0.024700996410347287
2019-03-13,-0.001625888544162235
2019-03-14,-0.011997671271674504
2019-03-15,-0.010065056576128883
2019-03-18,0.00023327085964330863
2019-03-19,-0.012521311159005344
2019-03-20,0.003583324510753938
2019-03-21,-0.011141677013089213
2019-03-22,0.0004513450081242709
2019-03-25,-0.02573146424089323
2019-03-26,0.01389169529197809
2019-03-27,-0.01827678408317135
2019-03-28,-0.01012476210615354
2019-03-29,0.02018320401955087
2019-04-01,0.004791021023536235
2019-04-02,0.002425768159917352
2019-04-03,0.0175712872028142
2019-04-04,-0.0018387460569112557
2019-04-05,-0.007417656642732751
2019-04-08,-0.0015424588608898837
2019-04-09,0.004618002775758301
2019-04-10,0.004185614314965447
2019-04-11,0.00940089750728812
2019-04-12,-0.0037561656282451006
2019-04-15,-0.0020358140406022684
2019-04-16,0.0017543716493542139
2019-04-17,0.0001710571330821864
2019-04-18,-0.022477949620073767
2019-04-19,0.015671473918368317
2019-04-22,-0.0004593627981755999
2019-04-23,0.0005498473558087635
2019-04-24,-0.007086672298821428
2019-04-25,-0.009128082276651073
2019-04-26,-0.011571488120050155
2019-04-29,0.016210927615931015
2019-04-30,0.002257561169947797
2019-05-02,0.000687336447050324
2019-05-03,0.0014813098420212167
2019-05-07,-0.014402816110000272
2019-05-08,-0.013800041919933004
2019-05-09,-0.02768024891820886
2019-05-10,-0.0033661790807270053
2019-05-13,-0.025853598624416607
2019-05-14,0.0010806819102853193
2019-05-15,0.027167801657056012
2019-05-16,-0.01857577004930766
2019-05-17,-0.009646617883276809
2019-05-20,-0.019282927400679273
2019-05-21,0.0028298679701208584
2019-05-22,0.0024920520032616356
2019-05-23,-0.019082609053272415
2019-05-24,-0.010528179184019493
2019-05-27,-0.0005837986459636957
2019-05-28,0.02308293841095166
2019-05-29,-0.02363038613487556
2019-05-30,-4.7159578581923434e-05
2019-05-31,0.01424286441924938
2019-06-03,0.0030968677925748977
2019-06-04,0.00492300275354407
2019-06-05,0.0017528968927595923
2019-06-07,0.007376913300547017
2019-06-10,0.005403033378130084
2019-06-11,0.01288486369505537
2019-06-12,-0.010036717508595916
2019-06-13,-0.002076664278653828
2019-06-14,-0.007860492166769761
2019-06-17,-0.0068602936462139885
2019-06-18,-0.012450428848104766
2019-06-19,0.007349645125140247
2019-06-20,0.015250261896594619
2019-06-21,-0.011131200233764127
2019-06-24,-0.007378131550515699
2019-06-25,-0.006977133607457109
2019-06-26,-0.0017237502810464322
2019-06-27,-0.026154279279279158
2019-06-28,-0.024081408458847653
2019-07-01,0.02402393506724332
2019-07-02,-0.008427589265912583
2019-07-03,-0.0018573804129022875
2019-07-04,-0.006361918123185539
2019-07-05,0.010765866907215482
2019-07-08,-0.03509656891751611
2019-07-09,-0.024459881973278197
2019-07-10,0.011944020775794595
2019-07-11,0.01594785885228367
2019-07-12,0.00220527059672615
2019-07-15,-0.00842160010401971
2019-07-16,0.004952642249770545
2019-07-17,-0.010097360232861563
2019-07-18,-0.004400551589876733
2019-07-19,0.02060291272023629
2019-07-22,-0.0008781295839861425
2019-07-23,-0.008519350811485582
2019-07-24,-0.010315093883471738
2019-07-25,-0.01063634883152842
2019-07-26,-0.010133432095717265
2019-07-29,-0.03457772973871831
2019-07-30,0.004295356923706306
2019-07-31,0.007321256297566858
2019-08-01,-0.009609143051727553
2019-08-02,-0.029676587514773867
2019-08-05,-0.08383531913008813
2019-08-06,-0.029358086466756084
2019-08-07,0.019773870598196908
2019-08-08,0.03534971182963753
2019-08-09,0.00025946149945155206
2019-08-12,0.0023109664791953755
2019-08-13,-0.012386923737486732
2019-08-14,0.02027252370289201
2019-08-16,-0.005265124098157825
2019-08-19,0.005645076108770297
2019-08-20,0.0214149005695079
2019-08-21,0.021434365823840507
2019-08-22,-0.0061186366737883136
2019-08-23,-0.007810741457704884
2019-08-26,-0.05376709997958218
2019-08-27,0.011784027428133115
2019-08-28,0.04009431167877153
2019-08-29,-0.003952839323346891
2019-08-30,0.019453784395800477
2019-09-02,0.022145188974523
2019-09-03,-0.006332795539604641
2019-09-04,0.016214544490589233
2019-09-05,0.00706491022129474
2019-09-06,-0.00466250782481048
2019-09-09,-0.008067489319251386
2019-09-10,-0.007837950108222747
2019-09-11,0.014653871156113274
2019-09-16,0.023455060755122714
2019-09-17,0.0063129303667865955
2019-09-18,-0.003532041414503584
2019-09-19,-0.00210557501243247
2019-09-20,0.0032233437950630606
2019-09-23,-0.008148727487951257
2019-09-24,-0.0163567584847355
2019-09-25,-0.027375148954609463
2019-09-26,0.0067607453526836725
2019-09-27,-0.0054873326695430436
2019-09-30,-0.005094889536565339
2019-10-01,0.03539961536741343
2019-10-02,-0.019589209736290747
2019-10-04,0.003403533506630918
2019-10-07,0.037981492255507954
2019-10-08,0.013240690800258026
2019-10-10,-0.002995543216190555
2019-10-11,-0.008825192102343005
2019-10-14,0.02063815629653898
2019-10-15,0.010027630312626101
2019-10-16,0.00759205753980452
2019-10-17,-0.009527876920573886
2019-10-18,-0.007514937478183992
2019-10-21,0.02169145788940141
2019-10-22,0.02322544066578236
2019-10-23,0.023470044031069115
2019-10-24,-0.003142009145663538
2019-10-25,-0.02650515943828069
2019-10-28,-0.0050508572510186145
2019-10-29,0.017482377443127195
2019-10-30,-0.004418508531952914
2019-10-31,0.004873034229853079
2019-11-01,0.006177332730026963
2019-11-04,0.011340306970378355
2019-11-05,0.011077815369743949
2019-11-06,-0.017993039886802453
2019-11-07,-0.003709328815935553
2019-11-08,-0.0036351909941074734
2019-11-11,-0.01000382499190866
2019-11-12,0.008807124954181234
2019-11-13,-0.01397427084356273
2019-11-14,0.005656976107243361
2019-11-15,0.014874969051745568
2019-11-18,-0.004410745825892626
2019-11-19,-0.017476108796863565
2019-11-20,-0.021328385307555764
2019-11-21,-0.025493353991682288
2019-11-22,-0.004100289739861651
2019-11-25,0.0292193128945184
2019-11-26,0.004816670578510651
2019-11-27,-0.00624587416848621
2019-11-28,-0.019294839039345923
2019-11-29,-0.013265667660115499
2019-12-02,0.006473824837098352
2019-12-03,-0.012717466579924896
2019-12-04,-0.003549792751620817
2019-12-05,-0.014345748538760139
2019-12-06,0.0210256354762961
2019-12-09,-0.0016851431841786724
2019-12-10,-0.0020383247518446224
2019-12-11,-0.002063763922427908
2019-12-12,0.019561022929569738
2019-12-13,0.00863619254736303
2019-12-16,-0.003006115890950678
2019-12-17,0.017456851736327827
2019-12-18,-0.006938554450791501
2019-12-19,0.0019139740687383888
2019-12-20,0.0066450300926401695
2019-12-23,0.009162049932151861
2019-12-24,-0.015852635197298626
2019-12-26,0.02578511038287301
2019-12-27,0.014841817471683338
2019-12-30,0.016006315685597183
2020-01-02,0.001175247919034117
2020-01-03,-0.01544461475775627
2020-01-06,-0.029028634491456984
2020-01-07,0.020438400649482436
2020-01-08,-0.034379537363008916
2020-01-09,0.045768664325365194
2020-01-10,0.009582336199170927
2020-01-13,0.0070917143024367135
2020-01-14,-0.002266541393438848
2020-01-15,-0.00445600784412703
2020-01-16,0.012189413737956789
2020-01-17,-0.0024085242490221592
2020-01-20,-0.008884768416579814
2020-01-21,-0.014294344623299593
2020-01-22,0.022192346853036282
2020-01-23,-0.008916310465543642
2020-01-28,-0.03786932594356185
2020-01-29,0.012149731752583603
2020-01-30,-0.021392571216721334
2020-01-31,-0.01857350562119875
2020-02-03,0.013833827150189881
2020-02-04,0.021969993208339256
2020-02-05,-0.004007531743074888
2020-02-06,0.022059343881110083
2020-02-07,-0.0010287149964886
2020-02-10,0.006921271771310966
2020-02-11,0.011790504661133738
2020-02-12,0.004509626692324797
2020-02-13,-0.0007450050795800855
2020-02-14,-0.001462073239218431
2020-02-17,0.003471447826466356
2020-02-18,-0.015364545586316725
2020-02-19,0.001521173757299099
2020-02-20,-0.006849583537481663
2020-02-21,-0.023265680654359633
2020-02-24,-0.04421524754275552
2020-02-25,0.037446097911558285
2020-02-26,0.00039731456106917307
2020-02-27,-0.017912788447829953
2020-02-28,-0.03827289789400545
2020-03-02,0.030900935869237145
2020-03-03,-0.0070910117765180525
2020-03-04,0.01975014746776771
2020-03-05,0.013015049942671775
2020-03-06,-0.01056377522407237
2020-03-09,-0.04158293399288915
2020-03-10,0.018838709677419407
2020-03-11,-0.04424181019925699
2020-03-12,-0.04304328621908127
2020-03-13,-0.053529805451062784
2020-03-16,-0.030747473269692627
2020-03-17,0.03982339844781824
2020-03-18,-0.06656827996661296
2020-03-19,-0.09623658700948623
2020-03-20,0.10350167770799268
2020-03-23,-0.05027548209366384
2020-03-24,0.08856568199543013
2020-03-25,0.042345399698340724
2020-03-26,0.008416838500403978
2020-03-27,0.005058174991330544
2020-03-30,0.03151695419393219
2020-03-31,0.057105618288561644
2020-04-01,-0.04457174031642119
2020-04-02,0.035493633300976546
2020-04-03,0.00476437307688049
2020-04-06,0.041161297404094244
2020-04-07,0.006652258710663661
2020-04-08,-0.007634627065747801
2020-04-09,0.009709045242040082
2020-04-10,-0.008309207019450815
2020-04-13,-0.021921966231740586
2020-04-14,0.026605030064007273
2020-04-16,0.02458250674392004
2020-04-17,0.016217102230235758
2020-04-20,-0.002076696640993636
2020-04-21,-0.011688049297908787
2020-04-22,0.011049441395030168
2020-04-23,0.006369169177265155
2020-04-24,-0.01778108173270121
2020-04-27,0.02406570253850715
2020-04-28,-0.007120956385390564
2020-04-29,-0.0014484881405032457
2020-05-04,-0.009217286189181162
2020-05-06,0.029007167912155074
2020-05-07,0.012370563591810768
2020-05-08,0.027542455592426407
2020-05-11,0.007237704450903326
2020-05-12,-0.003687148730715628
2020-05-13,0.010988802968207256
2020-05-14,-0.0010953620311945356
2020-05-15,-0.0005998294235077806
2020-05-18,-0.010512693068749912
2020-05-19,0.00976192281446675
2020-05-20,0.015402376527566375
2020-05-21,0.01072257193828996
2020-05-22,-0.011962356986729983
2020-05-25,0.014189845883278762
2020-05-26,0.013754015771028083
2020-05-27,-0.007364393427864102
2020-05-28,-0.022755924793890547
2020-05-29,0.014756654415859272
2020-06-01,0.04167809910552589
2020-06-02,0.013029544756135047
2020-06-03,-0.005867618890786019
2020-06-04,0.006346881484193823
2020-06-05,0.012544399202980117
2020-06-08,0.003961395643320431
2020-06-09,0.001525468506319072
2020-06-10,0.012806330837304314
2020-06-11,0.0003780718336483524
2020-06-12,-0.012547241118669783
2020-06-15,-0.07221711913996065
2020-06-16,0.07236558646926716
2020-06-17,-0.0021114900965131245
2020-06-18,-0.002955487783983912
2020-06-19,0.002620567589163958
2020-06-22,0.021818119494052768
2020-06-23,0.001954075043190784
2020-06-24,0.00412652442852246
2020-06-25,-0.011303391017305375
2020-06-26,0.0029677593416970183
2020-06-29,-0.02365501008742421
2020-06-30,0.0048903965698345875
2020-07-01,-0.01927789296913829
2020-07-02,0.021919555493430165
2020-07-03,0.013481743650244127
2020-07-06,0.00917756221003807
2020-07-07,0.0013039335328239865
2020-07-08,0.0075045494766015075
2020-07-09,0.006479249003670473
2020-07-10,0.0025025725457912262
2020-07-13,0.006372198819172503
2020-07-14,-0.004430663783607458
2020-07-15,0.001975215552568743
2020-07-16,-0.010650045397658903
2020-07-17,0.012674554158295548
2020-07-20,-0.0019104536102674263
2020-07-21,0.013406952965235197
2020-07-22,0.004108516494603975
2020-07-23,0.015796073891863216
2020-07-24,-0.011324517461598904
2020-07-27,0.00900489866487364
2020-07-28,0.014509309280722249
2020-07-29,-0.0031981608620176294
2020-07-30,-0.001992516297057434
2020-07-31,0.00420521446593769
2020-08-03,0.016272953552810776
2020-08-04,0.008248804269969323
2020-08-05,0.02276407858954399
2020-08-06,0.009395913001911893
2020-08-07,0.005882527044825725
2020-08-10,0.0018611015072715897
2020-08-11,-0.0027534252610247334
2020-08-12,-0.023060102047578135
2020-08-13,0.019436719497765598
2020-08-14,-0.03068028920793109
2020-08-18,-0.03472497635681382
2020-08-19,0.023711511263165397
2020-08-20,-0.03443857861751731
2020-08-21,0.0045882559831178504
2020-08-24,0.03337152678315669
2020-08-25,0.017602217602217474
2020-08-26,0.0022700444928720476
2020-08-27,-0.003782388113788726
2020-08-28,0.005289682088590819
2020-08-31,0.00784754208348093
2020-09-01,0.003021825960776159
2020-09-02,0.021484287610553432
2020-09-03,0.004767154089312831
2020-09-04,-0.014575098814229248
2020-09-07,0.013913261469040039
2020-09-08,-0.0010762618806949842
2020-09-09,-0.015673570414589055
2020-09-10,0.01674407596958849
2020-09-11,-0.004124356251273054
2020-09-14,0.008144095713211064
2020-09-15,0.011889236654494928
2020-09-16,0.000995238606665838
2020-09-17,-0.012775027896197444
2020-09-18,0.005245692590821527
2020-09-21,-0.023698663706736345
2020-09-22,-0.030371934383628285
2020-09-23,-0.0022993756662098574
2020-09-24,-0.04845159419405054
2020-09-25,0.00017643898018260273
2020-09-28,0.038946043251998796
2020-09-29,0.011430291429982642
2020-10-05,0.008607467435844507
2020-10-06,0.0018914031942016685
2020-10-07,0.0061920907367833955
2020-10-08,-0.0006754373456814289
2020-10-12,0.0013217480117455604
2020-10-13,-0.007095017737544396
2020-10-14,-0.01571151245968261
2020-10-15,-0.02369788269241091
2020-10-16,-0.00887446057585739
2020-10-19,-0.01134110555952117
2020-10-20,0.005077811647681729
2020-10-21,0.00809302993782568
2020-10-22,-0.0268710364429523
2020-10-23,-0.00724089396565053
2020-10-26,-0.036411168386287884
2020-10-27,0.012774281340363958
2020-10-28,0.03024806435901306
2020-10-29,0.01724756284438067
2020-10-30,-0.03547275641025638
2020-11-02,0.012261885971106556
2020-11-03,0.021157334077423595
2020-11-04,0.021466401986707018
2020-11-05,0.018214291334246013
2020-11-06,-0.01764892244210403
2020-11-09,0.012412588787766632
2020-11-10,-0.017512644999883475
2020-11-11,0.0033055759847533395
2020-11-12,-0.002049325693026849
2020-11-13,0.00047389247379769905
2020-11-16,0.01071279140450443
2020-11-17,-0.01124753960071223
2020-11-18,0.015040920150409143
2020-11-19,0.011992964542539397
2020-11-20,0.01475779225273599
2020-11-23,0.004456165878501395
2020-11-24,-0.010049796287913249
2020-11-25,-0.001996829461618166
2020-11-26,0.014486887724711073
2020-11-27,0.01619957393313909
2020-11-30,-0.0010815215378348064
2020-12-01,0.00915097627716932
2020-12-02,0.011066775423822284
2020-12-03,0.01797382058158714
2020-12-04,0.01763504733617971
2020-12-07,0.033978334689753975
2020-12-08,-0.04091603053435111
2020-12-09,0.011050974565778748
2020-12-10,0.017248980105943
2020-12-11,0.006741325702336098
2020-12-14,0.0026033125614954855
2020-12-15,0.00035438517579544637
2020-12-16,0.00746670300098784
2020-12-17,0.005335371007769929
2020-12-18,0.0038272684468958484
2020-12-21,0.014607441754501238
2020-12-22,-0.028748043508410426
2020-12-23,-0.00779921939809336
2020-12-24,0.009333945545131117
2020-12-28,0.005384265451755521
2020-12-29,0.03397625511568547
2020-12-30,0.000960125404134482
2021-01-04,-0.0035301333750946684
2021-01-05,0.004662401529686777
2021-01-06,-0.012182006609178564
2021-01-07,0.00525885163044193
2021-01-08,0.007390827759581553
2021-01-11,-0.0012835799500902079
2021-01-12,-0.0037186847599165462
2021-01-13,0.00155196123371093
2021-01-14,-0.0076039412345453306
2021-01-15,-0.024765456174563827
2021-01-18,-0.021928728255362295
2021-01-19,0.009683724849598452
2021-01-20,0.02353247002004366
2021-01-21,-0.0009290139753109772
2021-01-22,-0.0018798249956516466
2021-01-25,0.03023438180709248
2021-01-26,-0.009049391069012036
2021-01-27,-0.010340005645971373
2021-01-28,-0.021300731031005937
2021-01-29,-0.03228386484562973
2021-02-01,0.04259938923598461
2021-02-02,0.00010076988189777758
2021-02-03,0.0037818484708032063
2021-02-04,-0.01091466352588466
2021-02-05,0.003031102631240623
2021-02-08,-0.007339003973045433
2021-02-09,-0.006428333593818891
2021-02-10,0.002639948021748717
2021-02-15,0.015613808909898275
2021-02-16,-0.01674390489623212
2021-02-17,-0.005109394318189575
2021-02-18,-0.012516392148246847
2021-02-19,0.0018007870621443711
2021-02-22,-0.018239233785612652
2021-02-23,-0.02434662123472142
2021-02-24,-0.030815937629064094
2021-02-25,0.04241178229665077
2021-02-26,-0.02238351035981445
2021-03-02,0.01841363929808093
2021-03-03,0.0073763524513406065
2021-03-04,-0.006314088354332559
2021-03-05,-0.000734008333153624
2021-03-08,-0.025406701665694476
2021-03-09,-0.00752957519599784
2021-03-10,-0.0017570767008652233
2021-03-11,0.0244260803412939
2021-03-12,0.016155453466615288
2021-03-15,-0.0035465566159401662
2021-03-16,0.021462930606786168
2021-03-17,0.00278047613014043
2021-03-18,0.0035449293471012666
2021-03-19,0.0007624403687693793
2021-03-22,0.0022226726590295343
2021-03-23,-0.0052235527132485915
2021-03-24,0.009962142456533707
2021-03-25,-0.002422584877239564
2021-03-26,0.00039662658650652105
2021-03-29,-0.005133234563779454
2021-03-30,0.0013843152882941911
2021-03-31,-0.006346480112267683
2021-04-01,0.010272625070264052
2021-04-02,0.0003616586220807072
2021-04-05,-0.006104259076435303
2021-04-06,-0.0051834130781498455
2021-04-07,0.0013992898076855553
2021-04-08,0.011726375215919571
2021-04-09,0.006274117875683771
2021-04-12,0.01016635859519388
2021-04-13,0.01602463437615209
2021-04-14,0.0015388854168767452
2021-04-15,-0.0002080006441311788
2021-04-16,0.007570114155710739
2021-04-19,0.01232224331435039
2021-04-20,-0.005408428463335113
2021-04-21,-0.01338290454674751
2021-04-22,0.0019981225693979088
2021-04-23,-0.00019406041301417432
2021-04-26,0.002282325696577825
2021-04-27,-0.013322203672788024
2021-04-28,-0.028310378667388503
2021-04-29,-0.013512384030312408
2021-04-30,-0.007660698147311296
2021-05-03,-0.031206642617772062
2021-05-04,0.009128898877064806
2021-05-06,-0.0035370149340629986
2021-05-07,0.013372967761726029
2021-05-10,0.019956900590274662
2021-05-11,-0.02172161845136311
2021-05-12,-0.014020109213833787
2021-05-13,-0.015171827725398046
2021-05-14,0.022390502261366407
2021-05-17,-0.00019644650106953598
2021-05-18,0.012021977222282931
2021-05-20,0.0005033544981913884
2021-05-21,-0.0053472476767501
2021-05-24,-0.020297269370560755
2021-05-25,0.017885591220202945
2021-05-26,0.00047822968067312566
2021-05-27,0.010190114068441058
2021-05-28,-0.0018497010366929079
2021-05-31,0.005286444865827633
2021-06-01,0.0005644469848529177
2021-06-02,-0.011810995508394262
2021-06-03,0.011598077826354247
2021-06-04,-0.006764768912065122
2021-06-07,-0.003962802873931026
2021-06-08,0.0059498021546371405
2021-06-09,-0.013874931809698898
2021-06-10,0.019354650866555634
2021-06-11,0.0003141914568485227
2021-06-14,0.011971217680567747
2021-06-15,-0.0034494191008938024
2021-06-16,-0.003362260571655118
2021-06-17,0.007308290541836238
2021-06-18,0.02099726429195936
2021-06-21,-0.0028451859729567985
2021-06-22,-0.00279097469423939
2021-06-23,0.009090845955650018
2021-06-24,-0.005051617343427295
2021-06-25,-0.006107936859289342
2021-06-28,0.004141060529081475
2021-06-29,0.005988438985846889
2021-06-30,0.008722492455663922
2021-07-01,0.00701464400852414
2021-07-02,0.003696544239834454
2021-07-05,0.013961346127855156
2021-07-06,-0.009916958799301656
2021-07-07,0.0028069844774432084
2021-07-08,-0.014599765061251935
2021-07-09,-0.003610354223433254
2021-07-12,0.000239283516783928
2021-07-13,0.008953897679505163
2021-07-14,-0.00014226196524746992
2021-07-15,0.013923330216675467
2021-07-16,-0.0031139533174294742
2021-07-19,-0.0010658050850297363
2021-07-20,-0.004797884904444993
2021-07-21,0.0015508162013095905
2021-07-22,0.008832697136778922
2021-07-23,0.0031231022815998433
2021-07-26,-0.007763489645354227
2021-07-27,-0.0035198991632696686
2021-07-28,-0.01366508104180264
2021-07-29,0.00779011705639987
2021-07-30,-0.01659694865234418
2021-08-02,0.013511281197087222
2021-08-03,-0.0010118914220130781
2021-08-04,0.011611148878313937
2021-08-05,0.005980861244019309
2021-08-06,0.002224478616948744
2021-08-09,0.0014730289073592306
2021-08-10,-0.0073276894816708404
2021-08-11,0.003888676576087269
2021-08-12,-0.002297453433156793
2021-08-13,-0.009967400108443103
2021-08-17,-0.021251132537289275
2021-08-18,0.014597077821146165
2021-08-19,-0.02386496718141462
2021-08-20,-0.01902164435733089
2021-08-23,0.02745385249864918
2021-08-24,0.020540218828072554
2021-08-25,0.0037296985725425724
2021-08-26,0.005262980103367898
2021-08-27,-0.0024194523972741466
2021-08-30,0.010226767452200969
2021-08-31,0.008356007255655218
2021-09-01,0.0059720247346317645
2021-09-02,-0.001617271938359588
2021-09-03,0.006288604127431707
2021-09-06,-0.0007067276546458556
2021-09-07,0.00286165190001908
2021-09-08,-0.020555548300314697
2021-09-09,0.0016200216002879575
2021-09-10,0.001557497620489734
2021-09-13,-0.008340255856454482
2021-09-14,0.01241790644685703
2021-09-15,0.009684060023961827
2021-09-16,-0.0018356322441914763
2021-09-17,0.009254150903741154
2021-09-23,-0.0038460286987929138
2021-09-24,-0.00047036074055684107
2021-09-27,-0.006254820198428712
2021-09-28,-0.023802163833075762
2021-09-29,-0.011325509007855783
2021-09-30,0.005185866639408454
2021-10-01,-0.020189009260640267
2021-10-05,-0.024500442820768353
2021-10-06,-0.028477802917999395
2021-10-07,0.026290044680664648
2021-10-08,-0.0024471271154489216
2021-10-12,-0.01712912450349069
2021-10-13,0.011869952911983894
2021-10-14,0.03210170439471405
2021-10-15,0.0038140892038349694
2021-10-18,0.002574590453252368
2021-10-19,0.016325995264425908
2021-10-20,-0.00842921766535809
2021-10-21,-0.0066102681782373995
2021-10-22,0.0014135981243965645
2021-10-25,-0.0028438629712516095
2021-10-26,0.02220810430074871
2021-10-27,-0.004634258383549028
2021-10-28,-0.009820689280721107
2021-10-29,-0.010116864868569886
2021-11-01,0.01101655599332485
2021-11-02,0.010615711252653925
2021-11-03,-0.0016535646516669944
2021-11-04,0.0014458714599907552
2021-11-05,0.009937029329826652
2021-11-08,-0.006288801637638897
2021-11-09,0.007544340731335142
2021-11-10,-0.023495894084129332
2021-11-11,0.008910551245966847
2021-11-12,0.017929072995481965
2021-11-15,0.024090425994131026
2021-11-16,0.006814310051107331
2021-11-17,-0.010346772468249776
2021-11-18,-0.0011201729389800352
2021-11-19,0.012617717268696982
2021-11-22,-0.007285891922698351
2021-11-23,-0.024497171897731596
2021-11-24,0.008627146755122883
2021-11-25,-0.010277287856887085
2021-11-26,-0.0007369295495351924
2021-11-29,-0.011779455342656786
2021-11-30,-0.01707586787063864
2021-12-01,0.003237072416554021
2021-12-02,-0.0043480354722640335
2021-12-03,0.02438485085094766
2021-12-06,-0.010475548060708273
2021-12-07,0.007859738099620373
2021-12-08,0.014453838349678616
2021-12-09,0.019788381659743948
2021-12-10,-0.022052237586218215
2021-12-13,-0.01036889465309998
2021-12-14,-0.0017428781809215588
2021-12-15,0.006002449703260915
2021-12-16,0.004769272164671268
2021-12-17,-0.012981274561656098
2021-12-20,-0.0038323272061315805
2021-12-21,0.00595104347530051
2021-12-22,0.0017327855204110065
2021-12-23,0.0017973580188519467
2021-12-24,0.0009375358320800053
2021-12-27,0.010795148247978448
2021-12-28,0.026319649071345763
2021-12-29,-0.012302695680415754
2021-12-30,0.002400431420003235
2022-01-03,-0.0015155391973546983
2022-01-04,-0.014639595242788794
2022-01-05,-0.024732932342860114
2022-01-06,-0.03511722836454634
2022-01-07,0.012613646832061232
2022-01-10,-0.020154376928836815
2022-01-11,-0.005842147739203107
2022-01-12,0.028074914331281065
2022-01-13,-0.013975556751242069
2022-01-14,-0.017461926056113408
2022-01-17,-0.010011324048094794
2022-01-18,-0.013187133437761789
2022-01-19,-0.012137768097751911
2022-01-20,0.029738193287045744
2022-01-21,-0.019821454492669477
2022-01-24,-0.02479840650430587
2022-01-25,-0.022915717539863323
2022-01-26,-0.018541831802427633
2022-01-27,-0.0417827959713688
2022-01-28,0.028681446714978742
2022-02-03,0.021230620933408106
2022-02-04,0.010335632762540126
2022-02-07,-0.012799053306032926
2022-02-08,-0.00429011931894363
2022-02-09,0.020236181183123758
2022-02-10,-0.021333084913130573
2022-02-11,-0.024867926324306455
2022-02-14,-0.01823787327850568
2022-02-15,-0.016165516327088625
2022-02-16,0.05145783152823857
2022-02-17,-0.009739843649878344
2022-02-18,0.006624498511712318
2022-02-21,0.0014865288346417316
2022-02-22,-0.014746943098302157
2022-02-23,0.009592990113845401
2022-02-24,-0.03317577595663668
2022-02-25,0.04039611890241335
2022-02-28,0.008091094984162828
2022-03-02,0.01584549055793305
2022-03-03,0.02435281036129866
2022-03-04,-0.01941658512720168
2022-03-07,-0.021570675730456235
2022-03-08,-0.010118796261622487
2022-03-10,0.03094036494176522
2022-03-11,-0.00623814245450216
2022-03-14,-0.026837622953395424
2022-03-15,-0.001138308521975051
2022-03-16,0.029557008575331167
2022-03-17,0.029556302204358564
2022-03-18,0.008966900243234877
2022-03-21,-0.011978084262233124
2022-03-22,0.002837693131405805
2022-03-23,0.007878820236288497
2022-03-24,-0.0031859183920571743
2022-03-25,-3.795844309650853e-05
2022-03-28,-0.015259873365827126
2022-03-29,0.018934838252073982
2022-03-30,0.004048000968493559
2022-03-31,0.00426529212729565
2022-04-01,-0.007556372640978637
2022-04-04,0.005791710142297735
2022-04-05,0.007119016117392407
2022-04-06,-0.016637929104059812
2022-04-07,-0.01002717432557576
2022-04-08,0.009430996541967884
2022-04-11,-0.024413031423992315
2022-04-12,-0.007708059204123319
2022-04-13,0.019867082002714698
2022-04-14,-0.0008693712061178527
2022-04-15,-0.009879414165370526
2022-04-18,-0.008305919133944517
2022-04-19,0.023620750499941057
2022-04-20,-0.0078068139158948835
2022-04-21,-0.002023041047657159
2022-04-22,-0.011853364901041386
2022-04-25,-0.026512363562334662
2022-04-26,0.01769512901357695
2022-04-27,-0.019078780981284682
2022-04-28,-0.004536152247127778
2022-04-29,0.020865877249071296
2022-05-02,-0.010402048696176003
2022-05-03,0.008356233525881773
2022-05-04,-0.006888606388050111
2022-05-06,-0.023513316745737867
2022-05-09,-0.025414980254641395
2022-05-10,-0.006061268410787579
2022-05-11,0.02488349079344676
2022-05-12,-0.0450512903039455
2022-05-13,0.03569144615171882
2022-05-16,9.178598845149821e-05
2022-05-17,0.018055149972884044
2022-05-18,0.012891434940460078
2022-05-19,-0.010704576347983719
2022-05-20,0.02742314077975605
2022-05-23,0.0056439158746079965
2022-05-24,-0.028061204296649267
2022-05-25,0.014480478230417315
2022-05-26,-0.005563405157188339
2022-05-27,0.0005166665321179043
2022-05-30,0.014685117198531605
2022-05-31,0.009279949107391383
2022-06-02,-0.009486141094530498
2022-06-03,-0.0033487646955885353
2022-06-07,-0.02804536421462611
2022-06-08,0.0015273067669543394
2022-06-09,0.009748378686387449
2022-06-10,-0.015346140729794122
2022-06-13,-0.04387802223175119
2022-06-14,0.0002932374274451366
2022-06-15,-0.02749588294634453
2022-06-16,0.0067912617916163764
2022-06-17,-0.004218108807833798
2022-06-20,-0.02664508883170158
2022-06-21,0.011029745788890155
2022-06-22,-0.038686196980589505
2022-06-23,-0.03619537275064266
2022-06-24,0.060395914764846736
2022-06-27,0.018567639257294433
2022-06-28,-0.00911458333333326
2022-06-29,-0.021668403643119394
2022-06-30,-0.021416529262463513
2022-07-01,-0.023390318244637553
2022-07-04,-0.002985335026315483
2022-07-05,0.04663484440469334
2022-07-06,-0.013830577744751826
2022-07-07,0.018592647709826604
2022-07-08,0.013851773082435681
2022-07-11,-0.0009302919475023819
2022-07-12,-0.02180918560173828
2022-07-13,0.02628042407047948
2022-07-14,0.0011548814200494917
2022-07-15,-0.004169126663336353
2022-07-18,0.013927906891896935
2022-07-19,0.007124672777812702
2022-07-20,0.014103881023625586
2022-07-21,0.001426885338312811
2022-07-22,-0.008505136504362576
2022-07-25,0.0004524124227127668
2022-07-26,6.206774250738789e-05
2022-07-27,0.007961910503870184
2022-07-28,0.0051809825394733
2022-07-29,0.007928312652046854
2022-08-01,0.0029779475603404215
2022-08-02,-0.004475299291050283
2022-08-03,0.018399040050084414
2022-08-04,0.018664298765389775
2022-08-05,0.01193549468602284
2022-08-08,-0.0029403969121690743
2022-08-09,0.008016481553785315
2022-08-10,-0.024187832737222137
2022-08-11,0.016468620943018486
2022-08-12,-0.006007128791844285
2022-08-16,0.006603473928816328
2022-08-17,-0.008428552448017101
2022-08-18,-0.0025542463298411366
2022-08-19,-0.018966617409994613
2022-08-22,-0.0224656596345586
2022-08-23,-0.020924531605673313
2022-08-24,0.015121166055620305
2022-08-25,0.022630174152799887
2022-08-26,-0.013188043759152501
2022-08-29,-0.034034864131146425
2022-08-30,0.029278872221218277
2022-08-31,0.01407374890254598
2022-09-01,-0.029479753772629236
2022-09-02,-0.001070491891023928
2022-09-05,-0.021209523299219435
2022-09-06,0.004133098546572622
2022-09-07,-0.014020135203896
2022-09-08,0.025683558651958593
2022-09-13,0.026217430368373762
2022-09-14,-0.032324152060095646
2022-09-15,-0.007419068816387098
2022-09-16,-0.014784970739977754
2022-09-19,-0.019891935901706126
2022-09-20,0.007967224875866208
2022-09-21,-0.011050965554702197
2022-09-22,-0.0046970586564140104
2022-09-23,-0.029904283457974135
2022-09-26,-0.04364499455663551
2022-09-27,0.014778123045052327
2022-09-28,-0.0316927741283477
2022-09-29,0.006063832007848546
2022-09-30,-0.007749364593599317
2022-10-04,0.038223486115757765
2022-10-05,-0.023936598727140934
2022-10-06,0.03211695399630643
2022-10-07,-0.017333066773290717
2022-10-11,-0.03958049356092197
2022-10-12,0.010633903511094722
2022-10-13,-0.02262652092350581
2022-10-14,0.04381299592536991
2022-10-17,-0.0009759003965237323
2022-10-18,0.026210527398175865
2022-10-19,-0.015390781563126232
2022-10-20,-0.021289587234389007
2022-10-21,-0.0029634405024331345
2022-10-24,0.031516263935674305
2022-10-25,-0.0006672800250736577
2022-10-26,-0.004643727932175157
2022-10-27,0.021964953651000263
2022-10-28,-0.012680889154110142
2022-10-31,0.014223833988113332
2022-11-01,0.0007548519099740414
2022-11-02,-0.006609896980884988
2022-11-03,-0.013277784438316731
2022-11-04,-0.0021769286068669125
2022-11-07,0.01163899825465764
2022-11-08,0.024514770048648327
2022-11-09,-0.0019874876393933816
2022-11-10,-0.01603947574948994
2022-11-11,0.053000468589545546
2022-11-14,-0.008123692208640843
2022-11-15,0.030794490210865
2022-11-16,-0.005898967449182613
2022-11-17,-0.009548384692774858
2022-11-18,-0.01139922688411743
2022-11-21,-0.02213850120348959
2022-11-22,-0.0132316313823162
2022-11-23,0.025141978230004636
2022-11-24,0.017244695789331965
2022-11-25,-0.011468605519680208
2022-11-28,-0.025039692407750946
2022-11-29,0.01804073143933449
2022-11-30,0.0006456275596242733
2022-12-01,0.019375589838408258
2022-12-02,-0.021217903905379143
2022-12-05,0.005984093892363651
2022-12-06,-0.021846336876846895
2022-12-07,-0.00011770360271112779
2022-12-08,-0.00473812770382287
2022-12-09,0.010694291121274402
2022-12-12,-0.009664426912162072
2022-12-13,0.00011816838995559742
2022-12-14,0.022803804572576247
2022-12-15,-0.017491672924006996
2022-12-16,-0.009935234810554472
2022-12-19,-0.0005443011667838338
2022-12-20,-0.021387832699619636
2022-12-21,0.006435162700339836
2022-12-22,0.023072747014115214
2022-12-23,-0.03790179141731287
2022-12-26,0.015545523257001648
2022-12-27,0.015126523715653706
2022-12-28,-0.032427773154202866
2022-12-29,-0.01926089761312333
2023-01-02,-0.007893253147904455
2023-01-03,0.005272463219043955
2023-01-04,0.008144635323430016
2023-01-05,-0.010041432591561872
2023-01-06,0.01860826148068906
2023-01-09,0.017990278864769005
2023-01-10,-0.018066865611248706
2023-01-11,0.024487735528335497
2023-01-12,0.0026647627858333855
2023-01-13,-0.003349680576867131
2023-01-16,0.007496704468840987
2023-01-17,-0.017998042388286284
2023-01-18,0.0031122864117167914
2023-01-19,0.0016729868391702762
2023-01-20,0.004372867973803318
2023-01-25,0.02178930288340397
2023-01-26,0.0154164817280662
2023-01-27,-0.000563391226638621
2023-01-30,-0.008523666051122647
2023-01-31,0.0014409928146412732
2023-02-01,0.023384886452623377
2023-02-02,0.021100153994777493
2023-02-03,0.003765631586342577
2023-02-06,-0.00994802019466745
2023-02-07,0.022970845783336857
2023-02-08,0.009140498304585076
2023-02-09,0.014262235208181151
2023-02-10,-0.013647575664824108
2023-02-13,0.00022817297336774622
2023-02-14,0.013970125284010537
2023-02-15,-0.016117420492791745
2023-02-16,0.039064858091483634
2023-02-17,-0.02021091177972223
2023-02-20,0.029468312579735034
2023-02-21,0.006588937566543995
2023-02-22,-0.02726697358268093
2023-02-23,0.004492138757174802
2023-02-24,-0.008899733806566057
2023-02-27,0.0035363528116243437
2023-02-28,0.01974271134425276
2023-03-02,-0.01336774419316733
2023-03-03,0.029482961951461828
2023-03-06,0.022549137827083232
2023-03-07,-0.0010023584905660687
2023-03-08,0.0018718223286482427
2023-03-09,-0.004898041624937899
2023-03-10,-0.029786622237633287
2023-03-13,0.008281104263461181
2023-03-14,-0.03514338327468902
2023-03-15,0.035079387835561526
2023-03-16,-0.0014802759719180214
2023-03-17,0.014816034955092316
2023-03-20,0.00458750864963231
2023-03-21,-0.0009949487218736675
2023-03-22,0.01828443014377279
2023-03-23,-0.00030929989550665393
2023-03-24,0.012593236779609995
2023-03-27,0.002758187854063676
2023-03-28,0.0019188325592118805
2023-03-29,0.01825564478345565
2023-03-30,0.010098319368431197
2023-03-31,0.007096449377862024
2023-04-03,0.004999166805532473
2023-04-04,0.001231731293080962
2023-04-05,0.024446599951106762
2023-04-06,-0.001986036164332905
2023-04-07,0.025191092873836363
2023-04-10,0.030222322536959556
2023-04-11,0.01600064265474832
2023-04-12,-0.022045240542541533
2023-04-13,0.000352795907567538
2023-04-14,0.010969552694997997
2023-04-17,0.004178870178855654
2023-04-18,-0.00028949425353907987
2023-04-19,-0.007919960617380317
2023-04-20,-0.02675170390694559
2023-04-21,-0.021796179108058644
2023-04-24,-0.014233702525581649
2023-04-25,-0.019609977606369733
2023-04-26,-0.006114873974905843
2023-04-27,0.03962813709452173
2023-04-28,-0.0027095278666880995
2023-05-02,0.013638322763376731
2023-05-03,-0.0267122247532271
2023-05-04,0.008191477742584663
2023-05-08,-0.011189179150674744
2023-05-09,-0.01040020033493494
2023-05-10,-0.011395177807475898
2023-05-11,-0.015262046458053513
2023-05-12,-0.0017301881274977005
2023-05-15,-0.008112616461206756
2023-05-16,0.011550640699601322
2023-05-17,0.027289831800561215
2023-05-18,-0.005912955609413406
2023-05-19,0.005995775162402017
2023-05-22,0.017706450263268003
2023-05-23,0.012022959975178438
2023-05-24,-0.006959454280677679
2023-05-25,-0.013398990444729142
2023-05-26,-0.002511226198113059
2023-05-30,0.0144778636131917
2023-05-31,0.011704586744594181
2023-06-01,0.009292018492339293
2023-06-02,0.0030284446665302944
2023-06-05,-0.0022191861474476493
2023-06-07,0.021182113218395138
2023-06-08,-0.005281990117566804
2023-06-09,0.009629563430001431
2023-06-12,0.004949582125443497
2023-06-13,0.01922371144614554
2023-06-14,-0.04061012408448972
2023-06-15,0.010208830638502198
2023-06-16,0.015143634174976661
2023-06-19,0.00017567488434733214
2023-06-20,-0.006169496487119508
2023-06-21,-0.016782403145872093
2023-06-22,0.002965892239248591
2023-06-23,-0.002576280299296574
2023-06-26,0.00434232494066733
2023-06-27,-0.012829018479451948
2023-06-28,-0.013456368743770097
2023-06-29,-0.0019594935933744395
2023-06-30,0.014157527417746563
2023-07-03,0.036699537191082765
2023-07-04,-0.00277921642144896
2023-07-05,0.0075269918366152044
2023-07-06,-0.022601044018673133
2023-07-07,-0.0006313881625861217
2023-07-10,-0.012338429748994795
2023-07-11,0.02652036815448633
2023-07-12,-0.003658277310616298
2023-07-13,0.015827348716741296
2023-07-14,0.010930426279381456
2023-07-17,0.0020922300879882005
2023-07-18,0.03418516188079157
2023-07-19,0.021557416152160336
2023-07-20,0.007546275929748658
2023-07-21,0.011567139114663894
2023-07-24,0.007995112622184442
2023-07-25,0.03480328862420623
2023-07-26,-0.03880849763494809
2023-07-27,-0.044077810084579006
2023-07-28,0.03911229976165398
2023-07-31,0.03434618231281639
2023-08-01,-0.0037131585054537286
2023-08-02,-0.042905763905065064
2023-08-03,0.027224727380896097
2023-08-04,-0.010628915916390258
2023-08-07,-0.038335916556352934
2023-08-08,-0.002753067802941267
2023-08-09,0.02291077076743786
2023-08-10,0.0025699968129326844
2023-08-11,-0.009861345958741885
2023-08-14,-0.017910814798622887
2023-08-16,-0.029470682339848397
2023-08-17,0.022990977044856864
2023-08-18,-0.014803034867347242
2023-08-21,0.023210171516341083
2023-08-22,0.010243793956578484
2023-08-23,-0.02166944127237458
2023-08-24,0.024701861956460514
2023-08-25,-0.0002538959301168209
2023-08-28,0.007282486341048111
2023-08-29,0.0025825707140569865
2023-08-30,0.005539243672348704
2023-08-31,0.002440062995532122
2023-09-01,-0.01745017126520476
2023-09-04,-0.005339006313477834
2023-09-05,-0.006023098894730294
2023-09-06,-0.008600045811382073
2023-09-07,-0.017622348246166708
2023-09-08,0.011460092792542342
2023-09-11,-0.0058483240676150405
2023-09-12,-0.010801539431997798
2023-09-13,-0.017489807762580023
2023-09-14,0.020178521943322147
2023-09-15,-0.00041460258912184855
2023-09-18,-0.007909321700575678
2023-09-19,-0.007640796084452339
2023-09-20,0.006958719827993232
2023-09-21,-0.024086216970719887
2023-09-22,-0.0023135828750517895
2023-09-25,-0.021403963696980943
2023-09-26,-0.014142301227987653
2023-09-27,0.014944170544778812
2023-10-04,-0.04172089222481168
2023-10-05,-0.0038452427951045642
2023-10-06,0.01563057314743599
2023-10-10,-0.028181215124673087
2023-10-11,0.03348752047798009
2023-10-12,0.025385798871742082
2023-10-13,-0.018482733534907925
2023-10-16,-0.009782121956115608
2023-10-17,0.009465517913531674
2023-10-18,-0.015509504205640123
2023-10-19,-0.029303080942405857
2023-10-20,-0.01820150978775681
2023-10-23,-0.004535950079852524
2023-10-24,0.03169785731415864
2023-10-25,-0.03138125621212595
2023-10-26,-0.03940715485638158
2023-10-27,0.012784396833191325
2023-10-30,0.011619301991272701
2023-10-31,-0.03478546023257567
2023-11-01,-0.0017074360582619574
2023-11-02,0.055420782575308136
2023-11-03,0.00531637824832365
2023-11-06,0.12116127971050239
2023-11-07,-0.02183800120303403
2023-11-08,-0.031662229554913934
2023-11-09,-0.00891398124269105
2023-11-10,-0.020004375957240805
2023-11-13,-0.01883392338851142
2023-11-14,0.028736286062576166
2023-11-15,0.017845575340085018
2023-11-16,-0.004066902091660496
2023-11-17,-0.017783527248073194
2023-11-20,0.021636160236117474
2023-11-21,0.0026948107419659806
2023-11-22,-0.006730538365617766
2023-11-23,0.003259411746358465
2023-11-24,-0.007337053675521732
2023-11-27,-0.004455127703221207
2023-11-28,0.014628506712596856
2023-11-29,0.013588199272918988
2023-11-30,0.01246539514537881
2023-12-01,-0.006307027614961713
2023-12-04,0.004013469446703777
2023-12-05,-0.018238255668698078
2023-12-06,0.004279897590918846
2023-12-07,-0.008438850964823996
2023-12-08,0.02628318309946409
2023-12-11,0.005229162579418523
2023-12-12,0.006433016311486961
2023-12-13,-0.01816134132879854
2023-12-14,0.022979163026716654
2023-12-15,0.00022277338006615466
2023-12-18,0.01887955098889349
2023-12-19,0.013450986964346656
2023-12-20,0.003249811266491598
2023-12-21,-0.005654414241383909
2023-12-22,-0.012756940640585857
2023-12-26,-0.00927156185664857
2023-12-27,0.020116721195508225
2023-12-28,0.006558892789551907
2024-01-02,0.010362694300518172
2024-01-03,-0.017167412458271247
2024-01-04,-0.008650531534331152
2024-01-05,0.020098267918586377
2024-01-08,-0.0066817691323703965
2024-01-09,0.005287845868285901
2024-01-10,-0.011386000443703193
2024-01-11,0.011176904923918762
2024-01-12,-0.019901779705911782
2024-01-15,-0.016595328181379987
2024-01-16,-0.005377542077038444
2024-01-17,-0.023896647001717564
2024-01-18,0.006013311911866159
2024-01-19,-0.006927967390643164
2024-01-22,-0.013240418118466879
2024-01-23,0.0008303843049606296
2024-01-24,-0.0067771376286221985
2024-01-25,-0.01430255525454971
2024-01-26,0.028370704198579233
2024-01-29,-0.021072251018569244
2024-01-30,0.004287861026097017
2024-01-31,-0.02720763349210331
2024-02-01,0.0046869337628345775
2024-02-02,0.027733914730235787
2024-02-05,-0.014553452350312468
2024-02-06,-0.0030787251387009995
2024-02-07,0.011932170019529842
2024-02-08,0.02478327383987744
2024-02-13,0.023341805487506084
2024-02-14,0.002969934092898363
2024-02-15,0.008286715894681773
2024-02-16,-0.0007101589720449608
2024-02-19,0.003338638634933444
2024-02-20,0.009259532522724712
2024-02-21,0.003976869823306917
2024-02-22,0.004412567808643297
2024-02-23,0.0021458449627012044
2024-02-26,0.004991427765359546
2024-02-27,-0.015684496174249718
2024-02-28,0.01855968643051442
2024-02-29,0.006748704105222325
2024-03-04,0.014975824740062427
2024-03-05,-0.0048269465874118955
2024-03-06,0.006735433037510896
2024-03-07,-0.008352443668342868
2024-03-08,0.021583853127961294
2024-03-11,0.005032743987705368
2024-03-12,0.021972572168534432
2024-03-13,-0.003309272027552601
2024-03-14,-0.001217203137679146
2024-03-15,-0.011875423155043974
2024-03-18,0.019472955750757137
2024-03-19,0.0007729117939618835
2024-03-20,-0.004365257919585197
2024-03-21,0.023190087215773092
2024-03-22,-0.00023732456111447142
2024-03-25,0.02209620520259792
2024-03-26,0.004606273305549635
2024-03-27,-0.010152838427947564
2024-03-28,-0.004132633532071828
2024-03-29,-0.009498247579836083
2024-04-01,0.0013614480018941943
2024-04-02,-0.02962870523017902
2024-04-03,-0.01768647624204689
2024-04-04,0.0005167887436521301
2024-04-05,-0.015130645583394164
2024-04-08,-0.01015349113667352
2024-04-09,0.0018155743785013279
2024-04-11,-0.0016571468866792838
2024-04-12,0.002394490552710682
2024-04-15,-0.006447566836253027
2024-04-16,-0.02195051028730699
2024-04-17,-0.00887573964497046
2024-04-18,0.030377524143985868
2024-04-19,-0.013001306521245093
2024-04-22,0.00779850504672619
2024-04-23,0.0005639433201272137
2024-04-24,0.02047601381239117
2024-04-25,-0.009438315365577377
2024-04-26,0.003867762062053526
2024-04-29,0.01585437876146001
2024-04-30,-0.0018340750378925685
2024-05-02,-0.005477666375448997
2024-05-03,-0.004873389480729573
2024-05-07,0.004925280068379445
2024-05-08,0.0027120109317047003
2024-05-09,-0.005819572397010142
2024-05-10,-0.01203597504685705
2024-05-13,-0.017859797404914057
2024-05-14,0.00754627227123339
2024-05-16,0.009957722600167251
2024-05-17,-0.027304987144344595
2024-05-20,-0.01791331702202026
2024-05-21,-0.000645075184625088
2024-05-22,0.001862280291732521
2024-05-23,-0.00400645772853836
2024-05-24,-0.009004319991672394
2024-05-27,0.016439075630252153
2024-05-28,0.00032479276007424396
2024-05-29,-0.018780208832970602
2024-05-30,-0.007482890877641646
2024-05-31,0.014245122182231507
2024-06-03,0.002756714355085732
2024-06-04,0.013298664918345304
2024-06-05,0.013263828129020938
2024-06-07,0.0271745045822962
2024-06-10,-0.013033526893569958
2024-06-11,0.01304101980488559
2024-06-12,-0.0012717702335111047
2024-06-13,-0.006055675427116047
2024-06-14,-0.013081943643727056
2024-06-17,-0.0014495784683508095
2024-06-18,0.00044778275314172333
2024-06-19,0.0022595688771458455
2024-06-20,-0.00459538300860729
2024-06-21,-0.0015340419835453423
2024-06-24,-0.012204225096930754
2024-06-25,0.0018415125347577277
2024-06-26,-0.0046209502607065245
2024-06-27,0.0009932240051204744
2024-06-28,0.0007202916446169549
2024-07-01,0.016753088414589223
2024-07-02,-0.024646946220247656
2024-07-03,0.02512905208742211
2024-07-04,0.009637614148653384
2024-07-05,0.01962075134168173
2024-07-08,0.014892064115880288
2024-07-09,-0.0009611794155476305
2024-07-10,-0.004256791832497053
2024-07-11,-0.010037536493813337
2024-07-12,-0.002282046961015638
2024-07-15,0.0024843234265365943
2024-07-16,-0.020162309398781275
2024-07-17,-0.017052130799873888
2024-07-18,-0.005401189573736143
2024-07-19,0.01274450168925112
2024-07-22,-0.02984296982415513
2024-07-23,0.004796145182223599
2024-07-24,0.005523016279535886
2024-07-25,-0.023624430614309078
2024-07-26,-0.001542498090780553
2024-07-29,0.015100455134078983
2024-07-30,0.001827771685205537
2024-07-31,-0.0030754795663053835
2024-08-01,0.01457329598506063
2024-08-02,-0.04490303771001136
2024-08-05,-0.11083274877242211
2024-08-06,0.0722242932318442
2024-08-07,0.017529107373868147
2024-08-08,-0.007906363231835245
2024-08-09,0.028737795647681752
2024-08-12,0.006960394266628089
2024-08-13,-0.009038543317740566
2024-08-14,0.01589345068114789
2024-08-16,0.019569441564326384
2024-08-19,-0.014779549683241466
2024-08-20,0.010077300078752627
2024-08-21,-0.014124913895554259
2024-08-22,-0.005151987469383723
2024-08-23,0.005634020220730118
2024-08-26,-0.009063699155794303
2024-08-27,-0.008480548950967726
2024-08-28,-0.00018746485034060179
2024-08-29,-0.006765625000000108
2024-08-30,0.018366447999748514
2024-09-02,0.0064880396079369795
2024-09-03,-0.016959688125915973
2024-09-04,-0.04256083185661086
2024-09-05,-0.009221587156636457
2024-09-06,-0.029559893347378186
2024-09-09,0.012372375428241877
2024-09-10,-0.016049186232545587
2024-09-11,0.007644700213677025
2024-09-12,0.03136062180543231
2024-09-13,0.003202896532516375
2024-09-19,0.01449358199692985
2024-09-20,0.0182223545793323
2024-09-23,0.011801718481981194
2024-09-24,0.02184374999999994
2024-09-25,-0.018402703446588564
2024-09-26,0.030018147972178166
2024-09-27,-0.011062967416044733
2024-09-30,-0.014879951062853669
2024-10-02,0.005091823586941491
2024-10-04,0.015051355317012849
2024-10-07,0.014843387426867194
2024-10-08,-0.0023539995501912214
2024-10-10,-0.004553788812407866
2024-10-11,-0.00856042877632679
2024-10-14,-0.007400864957056608
2024-10-15,0.006635267405111778
2024-10-16,-0.013152580603372765
2024-10-17,-0.0018995698941337569
2024-10-18,-0.016757312950168912
2024-10-21,0.015272521264290795
2024-10-22,-0.03160456320912641
2024-10-23,0.013781071434287862
2024-10-24,-0.015519909059332537
2024-10-25,-0.009574212172239416
2024-10-28,0.024644580459211696
2024-10-29,0.007443109987357754
2024-10-30,-0.012305689322520519
2024-10-31,0.011085259622179988
2024-11-01,-0.025367355433561833
2024-11-04,0.051716774510673025
2024-11-05,-0.008336078824980775
2024-11-06,-0.013644546430861548
2024-11-07,-0.022191237868450675
2024-11-08,0.023407834655130966
2024-11-11,-0.01824628968626707
2024-11-12,-0.017301727780834164
2024-11-13,-0.03200785389165206
2024-11-14,-0.00924513436038421
2024-11-15,0.0063450166239436
2024-11-18,0.006985952434995335
2024-11-19,-0.019510118212782923
2024-11-20,-0.008846543547302299
2024-11-21,0.002010171122259763
2024-11-22,-0.02049861970816691
2024-11-25,0.042082782645228356
2024-11-26,-0.018805802165312913
2024-11-27,-0.003210066769388842
2024-11-28,0.004070591266263079
2024-11-29,-0.03024315979438763
2024-12-02,0.0038365539807556637
2024-12-03,0.027974485582245245
2024-12-04,-0.018162082699441084
2024-12-05,-0.007529792734838225
2024-12-06,-0.009235869908430616
2024-12-09,-0.04685770943439638
2024-12-10,0.05192911411216161
2024-12-11,0.0031609525239060243
2024-12-12,0.010394754213792101
2024-12-13,0.013110212899404061
2024-12-16,0.002355955666761167
2024-12-17,-0.013759382371863582
2024-12-18,0.00457506675596453
2024-12-19,-0.02529935842489417
2024-12-20,-0.024916722185209794
2024-12-23,0.015614466612006828
2024-12-24,0.007534713501489154
2024-12-26,-0.004540436594138275
2024-12-27,-0.011179279875507486
2024-12-30,0.021851597264932465
2025-01-02,0.0
2025-01-03,0.04117542927951856
2025-01-06,0.01659412404787819
2025-01-07,0.002659218624565307
2025-01-08,0.0028356491134426953
2025-01-09,0.00512300194607529
2025-01-10,-0.013478627811150279
2025-01-13,-0.018242206174672315
2025-01-14,0.019580706340663445
2025-01-15,-0.01126975348985304
2025-01-16,0.022728620943890165
2025-01-17,-7.457554087975105e-05
2025-01-20,0.008286789200656397
2025-01-21,-0.002030014629255228
2025-01-22,0.011784858392285047
2025-01-23,-0.007423204024157859
2025-01-24,0.008347957292572206
2025-01-31,0.0028626264597768625
2025-02-03,-0.041186869505984824
2025-02-04,0.027723978111758862
2025-02-05,0.016203760852569582
2025-02-06,0.014641572997311503
2025-02-07,0.004262043865530085
2025-02-10,0.0074785815332285566
2025-02-11,-0.004220341256005233
2025-02-12,-0.0038738196336902675
2025-02-13,0.0029027460773163316
2025-02-14,0.017500872268214618
2025-02-17,0.01566457545883182
2025-02-18,0.0036293880682907176
2025-02-19,0.007148427345983865
2025-02-20,-0.01405874002717622
2025-02-21,0.012010994679745313
2025-02-24,0.0015215952404501465
2025-02-25,-0.0051199854148783475
2025-02-26,0.002534989730237358
2025-02-27,0.005651223543210682
2025-02-28,-0.04369854817821739
2025-03-04,-0.0047437653934790935
2025-03-05,0.011219682984276558
2025-03-06,-0.02589666514533917
2025-03-07,-0.009467570340331743
2025-03-10,-0.007470294163221092
2025-03-11,-0.008931579336581619
2025-03-12,0.010943821715195146
2025-03-13,-0.01244095263088818
2025-03-14,0.017380978084853504
2025-03-17,0.025793391667755072
2025-03-18,0.0031669743459163957
2025-03-19,-0.014460220512413802
2025-03-20,-0.025409064202757348
2025-03-21,-0.01478239326121078
2025-03-24,0.0043671416596815504
2025-03-25,-0.013369943499052739
2025-03-26,0.006724807349072437
2025-03-27,-0.013586636866251056
2025-03-28,-0.02104823802993261
2025-03-31,-0.03164645075961914
2025-04-01,0.030613987006802068
2025-04-02,-0.01448176047987737
2025-04-03,-0.0010439244481795784
2025-04-04,0.007554221242151327
2025-04-07,-0.05871495121736836
2025-04-08,0.014894014380427478
2025-04-09,-0.027161061784054863
2025-04-10,0.06619503844589669
2025-04-11,0.01982578149948555
2025-04-14,0.019231605591169654
2025-04-15,-0.00051204150949824
2025-04-16,-0.025495653955839526
2025-04-17,0.022552833561139796
2025-04-18,0.011301903929532342
2025-04-21,-0.009794535056132148
2025-04-22,0.0021134774833360126
2025-04-23,0.020321732299600326
2025-04-24,-0.001564905938274186
2025-04-25,0.0018271882255320726
2025-04-28,-0.01669915583926651
2025-04-29,0.011911750942304566
2025-04-30,-0.016496960422429763
2025-05-02,0.013336867033145516
2025-05-07,-0.008116157227345155
2025-05-08,0.007366012571554892
2025-05-09,-0.013509748127633392
2025-05-12,0.001386594540925934
2025-05-13,0.01481259882900976
2025-05-14,0.004219729128764893
2025-05-15,-0.00749817577938261
2025-05-16,-0.013140659990704351
2025-05-19,-0.01739167665696173
2025-05-20,-0.002980418130005602
2025-05-21,0.013722936533603791
2025-05-22,-0.004043905257076874
2025-05-23,-0.0015496762129029173
2025-05-26,0.015902331590493368
2025-05-27,0.006862234664527067
2025-05-28,0.0028736850136052983
2025-05-29,0.0107771372542389
2025-05-30,-0.0012961925389484152
2025-06-02,0.01055883978363159
2025-06-04,0.007705883815158465
2025-06-05,0.006076453127440873
2025-06-09,0.012292000392297942
2025-06-10,0.015913127724850762
2025-06-11,0.024127599717080894
2025-06-12,0.005362117532029087
2025-06-13,-0.03271121814168165
2025-06-16,0.007173635493137542
2025-06-17,-0.0039138323073388825
2025-06-18,0.0015987273811890468
2025-06-19,0.004677350189794094
2025-06-20,0.018234991898193886
2025-06-23,-0.014469578177640496
2025-06-24,0.023543219017312822
2025-06-25,-0.003024309910963696
2025-06-26,-0.0114392454111798
2025-06-27,-0.009112061965144691
2025-06-30,-0.0015129427524525063
2025-07-01,0.0011995612131352473
2025-07-02,0.003909667757064472
2025-07-03,0.019425098735091684
2025-07-04,-0.02972233989294093
2025-07-07,0.009049342731948906
2025-07-08,0.006623871109852297
2025-07-09,0.006353647290517239
2025-07-10,0.015337304206692437
2025-07-11,0.003181741697642737
2025-07-14,-0.000282093899147573
2025-07-15,0.02676072449952338
2025-07-16,0.0006907616203930544
2025-07-17,0.01647776614932428
2025-07-18,0.008514242736241018
2025-07-21,-0.0011801930303447783
2025-07-22,-0.014389271475172105
2025-07-23,0.0056558673187951936
2025-07-24,-0.001842994427135869
2025-07-25,-0.0072024149704722484
2025-07-28,0.0004354275677309616
2025-07-29,-0.0011286681715575453
2025-07-30,-0.0027473136147114774
2025-07-31,0.001407063458562119
2025-08-01,-0.04606464876537275
2025-08-04,0.017985332651131003
2025-08-05,0.022769849368688755
2025-08-06,0.006105551584465019
2025-08-07,-0.0010508865930553002
2025-08-08,0.004230193655450298
2025-08-11,0.00713374104593778
2025-08-12,-0.005398476413712383
2025-08-13,0.016747310046176578
2025-08-14,0.0029480576863181174
2025-08-18,-0.024916223711578422
2025-08-19,-0.014679959115351138
2025-08-20,-0.010771844368272276
2025-08-21,-0.003404281187546987
2025-08-22,0.005756723166426392
2025-08-25,0.022023258987460714
2025-08-26,0.0072916898472676905
2025-08-27,-0.0036157709471700272
2025-08-28,-0.009297650458600315
2025-08-29,-0.002588682904994588
2025-09-01,-0.011997187691663247
2025-09-02,0.011067875906551228
2025-09-03,0.0015723741351942877
2025-09-04,0.00946428838419311
2025-09-05,0.010153148883227603
2025-09-08,0.008027682675600945
2025-09-09,0.007301924391627468
2025-09-10,0.009025140431185186
2025-09-11,0.0016743946419370825
2025-09-12,0.018266112325518336
2025-09-15,0.005731603796748974
2025-09-16,-0.00030691964285700646
2025-09-17,-0.01179910128666728
2025-09-18,0.012024713150926791
2025-09-19,0.00851194463049798
2025-09-22,0.02138390015773317
2025-09-23,-0.006766504785320926
2025-09-24,-0.0181669394435352
2025-09-25,-0.011821414680224462
2025-09-26,-0.019870109788155288
2025-09-29,0.01597739643018503
2025-09-30,-0.006754896770778118
2025-10-01,0.004313591722451937
2025-10-02,0.013189456925526422
2025-10-10,-0.00030728617421738047
2025-10-13,0.002095777009326172
2025-10-14,-0.016982118582035022
2025-10-15,0.012559482018878354
2025-10-16,0.006184339543353623
2025-10-17,0.005686920083807223
2025-10-20,0.02401716500553719
2025-10-21,-0.0022777965528893995
2025-10-22,0.01029042157533544
2025-10-23,-0.01121824960437734
2025-10-24,0.017387884089814953
2025-10-27,0.034521373389413634
2025-10-28,-0.0006378783778560049
2025-10-29,-0.003481557416684322
2025-10-30,-0.009743599697210947
2025-10-31,0.012263405136648364
2025-11-03,0.02213200459550535
2025-11-04,0.02377449277924759
2025-11-05,-0.03176502516530144
2025-11-06,-0.001012880785842496
2025-11-07,-0.027413770015112915
2025-11-10,0.006025439286651002
2025-11-11,-0.004177555901693886
2025-11-12,0.03503972565085922
2025-11-13,0.019234660326774344
2025-11-14,-0.02056528158616333
2025-11-17,0.006796344035622237
2025-11-18,-0.025353565856359173
2025-11-19,-0.011476743135255152
2025-11-20,0.02814344669069624
2025-11-21,-0.03595970886735167
2025-11-24,-0.018979919890376395
2025-11-25,-0.0030958089059907046
2025-11-26,0.027369484674974798
2025-11-27,0.0010818749877059552
2025-11-28,0.04487876445853356
2025-12-01,0.01606594370964709
2025-12-02,-0.0004195122553102282
2025-12-03,-0.0004196883197037371
2025-12-04,-0.008607222904845058
2025-12-05,-0.015495475296301242
2025-12-08,0.011405978174916953
2025-12-09,0.0027458437058256457
2025-12-10,0.006038037138918373
2025-12-11,-0.009101900362711857
2025-12-12,-0.00629469956262485
2025-12-15,-0.0004155883408578642
2025-12-16,-0.02730164729597795
2025-12-17,-0.005336407380303276
2025-12-18,-0.01607557931335324
2025-12-19,0.01509416482483883
2025-12-22,0.010502024133142829
2025-12-23,-0.005883491387652318
2025-12-24,-0.007027995171903556
2025-12-26,0.007005849099761319
2025-12-29,0.014160831218727132
2025-12-30,-0.009835603990554831
