V,Q,G,M,mom,gs,cagr,mdd,calmar,total
25,0,30,45,12m-1m,3f_rev_oca_gp,75.66,42.65,1.774,7067.62
25,5,30,40,12m-1m,2f_rev_oca_0.7,60.02,37.51,1.6,3434.85
15,0,40,45,6m-1m,3f_rev_oca_gp,62.22,40.85,1.523,3819.42
25,15,20,40,12m-1m,3f_rev_oca_gp,59.16,39.13,1.512,3293.58
25,15,20,40,12m-1m,2f_rev_oca_0.7,52.15,36.15,1.442,2310.58
20,15,20,45,12m-1m,3f_rev_oca_gp,55.84,38.86,1.437,2791.04
10,5,40,45,6m-1m,3f_rev_oca_gp,55.76,40.78,1.367,2780.86
20,5,30,45,6m-1m,2f_rev_oca_0.7,55.33,40.75,1.358,2720.89
20,15,30,35,12m,3f_rev_oca_gp,61.03,45.23,1.349,3607.96
25,15,30,30,12m,3f_rev_oca_gp,56.96,42.3,1.347,2953.59
30,10,20,40,12m-1m,3f_rev_oca_gp,57.83,43.0,1.345,3083.34
30,5,20,45,6m-1m,2f_rev_oca_0.7,51.79,38.64,1.34,2268.49
15,10,30,45,6m-1m,2f_rev_oca_0.7,56.83,42.75,1.329,2933.96
25,10,20,45,6m-1m,3f_rev_oca_gp,52.42,39.89,1.314,2343.34
25,5,40,30,12m,2f_rev_oca_0.7,57.99,44.88,1.292,3108.23
30,15,20,35,12m-1m,2f_rev_oca_0.7,50.51,39.14,1.29,2121.04
30,10,20,40,12m-1m,2f_rev_oca_0.7,52.77,41.22,1.28,2386.81
25,15,30,30,12m,2f_rev_oca_0.7,55.81,43.64,1.279,2787.77
25,5,30,40,12m-1m,3f_rev_oca_gp,59.33,46.5,1.276,3320.64
20,5,30,45,12m-1m,3f_rev_oca_gp,55.83,44.08,1.266,2789.67
15,0,55,30,12m,3f_rev_oca_gp,57.84,46.55,1.243,3085.43
25,10,20,45,6m-1m,2f_rev_oca_0.7,48.23,38.84,1.242,1878.66
15,15,30,40,6m-1m,3f_rev_oca_gp,52.56,42.37,1.24,2360.83
20,10,30,40,6m,2f_rev_oca_0.7,52.46,42.5,1.234,2348.55
15,10,30,45,6m-1m,3f_rev_oca_gp,53.05,43.04,1.233,2421.2
25,15,30,30,12m-1m,2f_rev_oca_0.7,52.73,42.78,1.233,2381.64
20,15,30,35,12m,2f_rev_oca_0.7,51.39,41.7,1.232,2221.28
30,5,20,45,12m-1m,3f_rev_oca_gp,53.28,43.54,1.224,2450.51
20,5,45,30,12m,3f_rev_oca_gp,56.46,46.2,1.222,2880.06
20,10,30,40,12m-1m,2f_rev_oca_0.7,50.51,41.38,1.221,2120.99
10,15,30,45,6m-1m,3f_rev_oca_gp,53.78,44.26,1.215,2513.81
25,0,30,45,6m-1m,2f_rev_oca_0.7,47.89,39.43,1.215,1843.68
30,5,20,45,12m-1m,2f_rev_oca_0.7,51.68,42.75,1.209,2255.49
30,10,30,30,12m,3f_rev_oca_gp,50.78,42.23,1.203,2151.47
25,5,30,40,12m,2f_rev_oca_0.7,53.29,44.62,1.194,2451.46
20,5,40,35,6m-1m,2f_rev_oca_0.7,48.08,40.29,1.193,1862.66
15,15,40,30,6m,2f_rev_oca_0.7,53.45,44.87,1.191,2472.42
20,10,30,40,6m-1m,2f_rev_oca_0.7,52.0,43.81,1.187,2293.27
30,5,30,35,12m,3f_rev_oca_gp,53.63,45.3,1.184,2494.39
20,15,20,45,6m-1m,3f_rev_oca_gp,52.1,44.08,1.182,2305.23
20,10,30,40,12m-1m,3f_rev_oca_gp,53.72,45.86,1.172,2506.99
25,10,20,45,12m-1m,2f_rev_oca_0.7,50.71,43.82,1.157,2143.83
5,5,45,45,6m,3f_rev_oca_gp,50.51,43.84,1.152,2121.35
25,0,30,45,6m,3f_rev_oca_gp,50.85,44.2,1.15,2159.15
25,5,30,40,6m-1m,3f_rev_oca_gp,46.82,40.86,1.146,1739.85
10,10,45,35,6m,3f_rev_oca_gp,50.97,44.55,1.144,2172.74
20,5,30,45,6m-1m,3f_rev_oca_gp,52.58,45.96,1.144,2362.9
30,0,30,40,12m-1m,2f_rev_oca_0.7,49.54,43.55,1.138,2014.91
25,5,30,40,12m,3f_rev_oca_gp,53.88,47.44,1.136,2527.24
20,0,50,30,12m,3f_rev_oca_gp,56.58,49.83,1.135,2897.03
20,10,30,40,6m-1m,3f_rev_oca_gp,53.85,47.98,1.122,2522.56
20,10,40,30,12m,2f_rev_oca_0.7,53.42,47.79,1.118,2468.27
20,15,20,45,6m-1m,2f_rev_oca_0.7,51.59,46.21,1.117,2245.13
25,10,20,45,12m-1m,3f_rev_oca_gp,49.57,44.43,1.116,2018.32
10,15,45,30,6m,2f_rev_oca_0.7,49.88,45.28,1.102,2051.19
15,5,40,40,6m-1m,3f_rev_oca_gp,47.94,43.56,1.1,1848.92
15,5,50,30,12m,3f_rev_oca_gp,52.56,47.91,1.097,2361.05
20,15,30,35,6m-1m,3f_rev_oca_gp,46.45,42.38,1.096,1705.43
25,0,40,35,12m,3f_rev_oca_gp,58.82,53.67,1.096,3238.45
30,5,20,45,6m-1m,3f_rev_oca_gp,46.14,42.1,1.096,1676.28
20,15,30,35,12m-1m,2f_rev_oca_0.7,47.76,43.66,1.094,1830.82
20,15,30,35,12m-1m,3f_rev_oca_gp,47.91,43.8,1.094,1846.24
15,15,30,40,6m,3f_rev_oca_gp,53.25,48.7,1.093,2446.44
10,5,55,30,6m-1m,2f_rev_oca_0.7,48.01,43.99,1.092,1856.48
15,5,45,35,6m,3f_rev_oca_gp,49.37,45.31,1.09,1996.57
25,10,30,35,12m,3f_rev_oca_gp,51.87,47.68,1.088,2278.1
20,15,20,45,6m,3f_rev_oca_gp,55.31,50.95,1.086,2717.97
25,15,20,40,6m-1m,2f_rev_oca_0.7,47.75,44.1,1.083,1829.64
20,5,45,30,12m-1m,3f_rev_oca_gp,48.03,44.47,1.08,1858.51
15,15,40,30,6m,3f_rev_oca_gp,46.7,43.29,1.079,1728.06
20,10,40,30,6m,2f_rev_oca_0.7,47.18,43.9,1.075,1774.6
20,10,40,30,12m-1m,3f_rev_oca_gp,49.22,45.82,1.074,1980.47
15,15,40,30,6m-1m,3f_rev_oca_gp,46.67,43.59,1.071,1725.24
15,5,45,35,12m,3f_rev_oca_gp,52.32,48.85,1.071,2331.14
30,0,30,40,12m,3f_rev_oca_gp,53.68,50.12,1.071,2501.8
15,5,40,40,6m-1m,2f_rev_oca_0.7,47.24,44.32,1.066,1780.3
25,10,30,35,12m-1m,3f_rev_oca_gp,52.24,50.01,1.045,2321.74
15,10,45,30,6m,2f_rev_oca_0.7,44.35,42.6,1.041,1518.04
30,5,30,35,12m,2f_rev_oca_0.7,51.1,49.16,1.04,2187.96
20,5,40,35,12m,3f_rev_oca_gp,54.32,52.34,1.038,2584.41
10,0,55,35,6m,3f_rev_oca_gp,49.66,47.97,1.035,2027.51
20,0,40,40,12m-1m,3f_rev_oca_gp,53.83,52.04,1.034,2521.0
15,15,40,30,12m-1m,2f_rev_oca_0.7,47.96,46.58,1.03,1851.26
30,15,20,35,12m-1m,3f_rev_oca_gp,45.52,44.21,1.03,1619.95
5,10,50,35,6m,3f_rev_oca_gp,49.55,48.22,1.028,2016.12
30,10,20,40,12m,3f_rev_oca_gp,48.21,47.58,1.013,1876.48
30,0,40,30,12m,3f_rev_oca_gp,48.42,47.92,1.011,1897.75
20,10,40,30,6m-1m,3f_rev_oca_gp,44.2,43.74,1.011,1504.94
30,0,30,40,12m,2f_rev_oca_0.7,50.65,50.18,1.009,2136.48
25,5,30,40,6m,2f_rev_oca_0.7,41.03,40.71,1.008,1256.0
15,0,50,35,12m-1m,3f_rev_oca_gp,49.59,49.32,1.005,2019.81
15,10,40,35,12m,3f_rev_oca_gp,49.48,49.27,1.004,2008.15
30,0,30,40,12m-1m,3f_rev_oca_gp,49.25,49.25,1.0,1983.3
15,10,45,30,12m,3f_rev_oca_gp,47.93,48.02,0.998,1848.12
15,10,40,35,6m,3f_rev_oca_gp,45.8,45.88,0.998,1644.94
10,5,45,40,6m-1m,3f_rev_oca_gp,43.32,43.6,0.994,1432.23
10,10,40,40,6m-1m,3f_rev_oca_gp,42.67,43.01,0.992,1380.23
5,0,50,45,12m,2f_rev_oca_0.7,44.61,45.12,0.989,1539.56
10,5,50,35,6m,3f_rev_oca_gp,45.6,46.27,0.986,1627.14
25,10,30,35,12m-1m,2f_rev_oca_0.7,43.43,44.18,0.983,1441.42
15,10,50,25,6m,2f_rev_oca_0.7,43.23,44.15,0.979,1425.01
15,5,45,35,6m-1m,2f_rev_oca_0.7,43.38,44.33,0.979,1437.15
25,10,30,35,6m-1m,2f_rev_oca_0.7,43.37,44.34,0.978,1436.18
20,5,40,35,12m-1m,3f_rev_oca_gp,52.88,54.15,0.977,2400.86
20,5,45,30,12m,2f_rev_oca_0.7,50.51,51.89,0.973,2120.51
10,5,45,40,6m,2f_rev_oca_0.7,43.7,44.9,0.973,1463.32
15,10,40,35,6m-1m,3f_rev_oca_gp,41.99,43.15,0.973,1327.27
15,5,55,25,6m,2f_rev_oca_0.7,44.81,46.13,0.971,1557.06
25,10,30,35,6m,3f_rev_oca_gp,45.08,46.47,0.97,1580.68
30,10,30,30,12m-1m,3f_rev_oca_gp,46.54,48.05,0.968,1713.25
10,15,40,35,6m,3f_rev_oca_gp,45.74,47.35,0.966,1639.29
15,10,40,35,6m-1m,2f_rev_oca_0.7,41.41,42.91,0.965,1284.19
5,10,40,45,6m,3f_rev_oca_gp,44.38,45.99,0.965,1519.98
15,15,30,40,12m-1m,3f_rev_oca_gp,50.75,52.62,0.964,2147.77
20,10,45,25,12m-1m,2f_rev_oca_0.7,47.06,48.87,0.963,1762.88
20,5,45,30,6m,2f_rev_oca_0.7,45.75,47.73,0.959,1640.89
15,5,50,30,6m-1m,2f_rev_oca_0.7,39.79,41.61,0.956,1168.56
20,10,40,30,12m,3f_rev_oca_gp,48.78,51.02,0.956,1934.11
20,0,55,25,12m,2f_rev_oca_0.7,46.61,48.83,0.955,1720.11
5,15,45,35,6m,3f_rev_oca_gp,43.77,45.95,0.952,1468.95
10,0,45,45,6m,2f_rev_oca_0.7,43.39,45.69,0.95,1437.65
30,0,40,30,12m,2f_rev_oca_0.7,49.08,51.76,0.948,1965.97
30,5,30,35,12m-1m,2f_rev_oca_0.7,40.65,42.99,0.945,1228.42
15,15,45,25,12m,2f_rev_oca_0.7,47.17,50.01,0.943,1773.5
25,15,20,40,6m-1m,3f_rev_oca_gp,44.52,47.36,0.94,1531.95
30,10,30,30,12m-1m,2f_rev_oca_0.7,43.8,46.59,0.94,1471.21
20,10,40,30,12m-1m,2f_rev_oca_0.7,43.59,46.52,0.937,1454.58
20,10,45,25,6m,2f_rev_oca_0.7,39.94,42.7,0.935,1178.73
10,0,50,40,6m-1m,3f_rev_oca_gp,42.64,45.61,0.935,1377.59
20,5,45,30,12m-1m,2f_rev_oca_0.7,46.76,50.03,0.935,1734.53
20,0,50,30,12m-1m,2f_rev_oca_0.7,46.32,49.63,0.933,1693.04
30,15,30,25,6m,3f_rev_oca_gp,41.99,45.04,0.932,1327.49
10,15,45,30,12m,3f_rev_oca_gp,44.72,48.05,0.931,1549.37
20,15,30,35,6m-1m,2f_rev_oca_0.7,41.26,44.37,0.93,1272.85
25,0,45,30,12m,2f_rev_oca_0.7,49.85,53.64,0.929,2048.11
20,0,40,40,6m-1m,2f_rev_oca_0.7,42.05,45.25,0.929,1331.93
15,15,30,40,6m-1m,2f_rev_oca_0.7,42.32,45.54,0.929,1353.29
30,10,20,40,6m-1m,3f_rev_oca_gp,44.69,48.12,0.929,1547.01
30,5,30,35,12m-1m,3f_rev_oca_gp,44.6,48.09,0.928,1539.26
15,15,40,30,6m-1m,2f_rev_oca_0.7,43.85,47.28,0.927,1475.59
25,0,30,45,6m-1m,3f_rev_oca_gp,46.23,49.93,0.926,1684.96
20,0,40,40,6m,3f_rev_oca_gp,46.68,50.42,0.926,1726.46
15,5,40,40,6m,3f_rev_oca_gp,50.49,54.56,0.925,2118.25
30,5,20,45,6m,3f_rev_oca_gp,41.91,45.32,0.925,1321.19
5,10,45,40,6m-1m,3f_rev_oca_gp,43.75,47.3,0.925,1467.13
25,15,30,30,6m-1m,2f_rev_oca_0.7,46.07,50.0,0.921,1669.68
15,5,50,30,6m,2f_rev_oca_0.7,41.12,44.71,0.92,1262.98
10,15,45,30,6m-1m,2f_rev_oca_0.7,42.99,46.74,0.92,1405.89
20,10,30,40,6m,3f_rev_oca_gp,42.7,46.69,0.914,1382.34
10,15,30,45,12m,2f_rev_oca_0.7,43.01,47.37,0.908,1407.16
5,15,50,30,6m-1m,2f_rev_oca_0.7,42.69,47.46,0.9,1382.13
15,0,40,45,12m,3f_rev_oca_gp,42.23,47.01,0.898,1346.04
30,15,20,35,12m,3f_rev_oca_gp,40.09,44.63,0.898,1188.68
10,10,40,40,6m,2f_rev_oca_0.7,44.05,49.29,0.894,1492.51
20,5,40,35,12m-1m,2f_rev_oca_0.7,45.28,50.71,0.893,1598.38
0,0,55,45,6m,3f_rev_oca_gp,42.01,47.23,0.889,1329.22
15,5,45,35,6m-1m,3f_rev_oca_gp,39.89,44.89,0.889,1175.37
10,5,40,45,6m,2f_rev_oca_0.7,39.33,44.34,0.887,1136.76
25,0,40,35,12m-1m,2f_rev_oca_0.7,45.89,51.73,0.887,1653.47
15,15,40,30,12m,2f_rev_oca_0.7,43.91,49.54,0.886,1480.31
25,0,45,30,12m-1m,2f_rev_oca_0.7,47.26,53.44,0.884,1782.15
5,5,45,45,12m,2f_rev_oca_0.7,42.88,48.58,0.883,1397.31
10,10,50,30,6m-1m,2f_rev_oca_0.7,40.77,46.27,0.881,1237.07
25,15,40,20,12m,2f_rev_oca_0.7,43.84,49.8,0.88,1475.31
20,0,40,40,12m,2f_rev_oca_0.7,46.56,53.12,0.877,1715.29
0,0,55,45,12m,2f_rev_oca_0.7,41.23,47.09,0.876,1270.67
30,0,30,40,6m-1m,2f_rev_oca_0.7,43.53,49.69,0.876,1449.44
20,15,40,25,6m-1m,2f_rev_oca_0.7,44.47,50.79,0.876,1528.3
25,5,30,40,6m-1m,2f_rev_oca_0.7,43.59,49.83,0.875,1454.3
10,0,45,45,12m,2f_rev_oca_0.7,44.23,50.63,0.874,1507.68
30,15,30,25,6m,2f_rev_oca_0.7,45.32,51.92,0.873,1602.31
10,0,55,35,6m-1m,3f_rev_oca_gp,38.71,44.66,0.867,1095.61
15,0,40,45,12m,2f_rev_oca_0.7,41.91,48.42,0.865,1321.26
10,5,55,30,12m,3f_rev_oca_gp,44.05,50.94,0.865,1492.64
20,10,40,30,6m-1m,2f_rev_oca_0.7,40.08,46.49,0.862,1188.52
10,0,50,40,12m,2f_rev_oca_0.7,41.77,48.55,0.86,1311.29
10,15,30,45,6m,3f_rev_oca_gp,45.96,53.49,0.859,1659.27
20,0,45,35,12m-1m,3f_rev_oca_gp,47.61,55.58,0.857,1816.64
25,0,45,30,12m-1m,3f_rev_oca_gp,41.21,48.16,0.856,1269.22
20,0,50,30,12m-1m,3f_rev_oca_gp,47.41,55.4,0.856,1796.22
25,10,20,45,6m,3f_rev_oca_gp,44.25,51.74,0.855,1509.35
25,10,30,35,12m,2f_rev_oca_0.7,43.24,50.6,0.855,1425.84
20,15,40,25,12m-1m,2f_rev_oca_0.7,40.58,47.49,0.854,1223.38
25,10,40,25,12m,2f_rev_oca_0.7,46.97,55.09,0.853,1754.47
15,0,45,40,6m-1m,3f_rev_oca_gp,39.36,46.2,0.852,1138.67
10,15,40,35,6m-1m,2f_rev_oca_0.7,38.93,45.75,0.851,1110.04
25,0,50,25,12m,3f_rev_oca_gp,49.29,57.97,0.85,1988.32
15,10,40,35,12m-1m,3f_rev_oca_gp,41.94,49.36,0.85,1324.11
10,15,50,25,6m,2f_rev_oca_0.7,43.54,51.37,0.848,1450.45
5,10,40,45,6m,2f_rev_oca_0.7,44.59,52.55,0.848,1537.99
15,15,30,40,12m,2f_rev_oca_0.7,38.29,45.16,0.848,1068.8
5,5,45,45,6m,2f_rev_oca_0.7,39.77,46.96,0.847,1166.85
20,5,50,25,12m,3f_rev_oca_gp,46.26,54.81,0.844,1687.45
25,5,30,40,6m,3f_rev_oca_gp,39.66,47.12,0.842,1159.62
30,5,30,35,6m,2f_rev_oca_0.7,37.1,44.1,0.841,994.7
10,0,45,45,6m-1m,3f_rev_oca_gp,36.25,43.11,0.841,943.91
15,10,30,45,12m,3f_rev_oca_gp,45.21,53.8,0.84,1592.39
25,0,50,25,12m,2f_rev_oca_0.7,44.94,53.51,0.84,1568.87
30,0,30,40,6m-1m,3f_rev_oca_gp,46.47,55.55,0.837,1707.09
5,15,45,35,6m-1m,3f_rev_oca_gp,42.36,50.72,0.835,1356.46
25,10,45,20,12m,2f_rev_oca_0.7,43.24,51.82,0.834,1426.14
15,0,50,35,6m,3f_rev_oca_gp,41.81,50.28,0.832,1313.85
15,10,45,30,12m,2f_rev_oca_0.7,44.32,53.39,0.83,1515.55
5,0,60,35,6m-1m,3f_rev_oca_gp,40.25,48.52,0.83,1200.54
25,5,40,30,12m,3f_rev_oca_gp,46.88,56.53,0.829,1745.39
15,10,45,30,12m-1m,3f_rev_oca_gp,41.85,50.77,0.824,1316.79
10,15,40,35,6m-1m,3f_rev_oca_gp,39.6,48.04,0.824,1155.01
30,0,40,30,12m-1m,2f_rev_oca_0.7,40.8,49.6,0.823,1239.02
25,0,40,35,12m-1m,3f_rev_oca_gp,47.3,57.5,0.823,1785.7
25,15,40,20,12m-1m,2f_rev_oca_0.7,38.94,47.39,0.822,1110.58
10,10,45,35,6m-1m,3f_rev_oca_gp,37.51,45.93,0.817,1019.65
15,10,45,30,6m-1m,3f_rev_oca_gp,38.6,47.22,0.817,1088.38
30,15,30,25,12m,3f_rev_oca_gp,42.99,52.79,0.814,1405.5
10,15,30,45,6m,2f_rev_oca_0.7,42.71,52.51,0.813,1383.76
15,15,45,25,12m-1m,2f_rev_oca_0.7,39.43,48.56,0.812,1143.69
20,5,30,45,12m,3f_rev_oca_gp,42.46,52.3,0.812,1364.09
15,15,45,25,6m,2f_rev_oca_0.7,43.87,54.15,0.81,1477.2
20,10,45,25,12m,3f_rev_oca_gp,43.89,54.31,0.808,1478.73
15,0,55,30,12m-1m,3f_rev_oca_gp,41.69,51.85,0.804,1304.65
30,5,45,20,6m,2f_rev_oca_0.7,41.6,51.71,0.804,1297.95
15,10,30,45,12m,2f_rev_oca_0.7,45.04,56.11,0.803,1577.24
10,15,45,30,6m,3f_rev_oca_gp,39.87,49.63,0.803,1174.02
5,5,50,40,6m,3f_rev_oca_gp,36.74,45.87,0.801,972.67
0,5,50,45,6m,3f_rev_oca_gp,38.8,48.42,0.801,1101.46
20,0,40,40,6m-1m,3f_rev_oca_gp,39.29,49.11,0.8,1134.27
10,15,45,30,6m-1m,3f_rev_oca_gp,38.46,48.08,0.8,1079.54
15,5,45,35,12m-1m,3f_rev_oca_gp,41.3,51.69,0.799,1276.15
20,15,40,25,12m,2f_rev_oca_0.7,39.75,49.75,0.799,1165.4
0,5,55,40,12m,2f_rev_oca_0.7,38.32,48.0,0.798,1070.72
20,15,45,20,6m-1m,3f_rev_oca_gp,42.46,53.25,0.797,1363.9
0,5,55,40,6m,2f_rev_oca_0.7,39.1,49.03,0.797,1121.23
15,10,30,45,6m,3f_rev_oca_gp,35.73,44.86,0.796,914.31
15,15,40,30,12m,3f_rev_oca_gp,39.87,50.23,0.794,1174.0
0,5,50,45,12m,2f_rev_oca_0.7,37.69,47.6,0.792,1030.75
10,0,60,30,12m,2f_rev_oca_0.7,36.73,46.42,0.791,972.37
15,0,50,35,6m-1m,2f_rev_oca_0.7,37.58,47.66,0.789,1023.75
10,5,50,35,6m,2f_rev_oca_0.7,33.72,42.8,0.788,805.91
15,0,55,30,6m,3f_rev_oca_gp,37.06,47.1,0.787,991.85
20,0,45,35,12m,3f_rev_oca_gp,49.18,62.49,0.787,1976.07
10,5,45,40,12m,2f_rev_oca_0.7,37.31,47.38,0.787,1007.16
10,15,40,35,12m,3f_rev_oca_gp,39.52,50.29,0.786,1150.02
20,15,45,20,12m,2f_rev_oca_0.7,39.45,50.32,0.784,1144.8
25,0,30,45,12m,2f_rev_oca_0.7,37.25,47.5,0.784,1003.64
10,10,55,25,6m,2f_rev_oca_0.7,40.53,51.77,0.783,1219.78
10,5,50,35,6m-1m,3f_rev_oca_gp,38.35,49.07,0.782,1072.76
20,5,40,35,12m,2f_rev_oca_0.7,38.68,49.49,0.782,1093.51
0,10,55,35,6m,2f_rev_oca_0.7,33.56,42.92,0.782,797.49
5,15,40,40,6m-1m,3f_rev_oca_gp,38.42,49.22,0.781,1077.02
25,0,40,35,6m-1m,2f_rev_oca_0.7,36.41,46.66,0.78,953.44
10,5,40,45,12m,2f_rev_oca_0.7,42.5,54.47,0.78,1367.17
30,5,45,20,12m-1m,2f_rev_oca_0.7,39.17,50.5,0.776,1126.2
25,15,30,30,6m-1m,3f_rev_oca_gp,43.3,55.8,0.776,1430.56
10,5,40,45,12m,3f_rev_oca_gp,42.19,54.38,0.776,1343.1
5,0,55,40,12m,2f_rev_oca_0.7,36.94,47.63,0.776,985.07
20,5,30,45,12m-1m,2f_rev_oca_0.7,41.15,53.07,0.775,1264.6
25,10,30,35,6m-1m,3f_rev_oca_gp,39.12,50.53,0.774,1123.05
20,10,45,25,12m,2f_rev_oca_0.7,41.81,54.07,0.773,1313.86
5,10,50,35,6m-1m,3f_rev_oca_gp,39.22,50.83,0.772,1129.2
5,0,50,45,6m,3f_rev_oca_gp,40.48,52.49,0.771,1216.22
25,0,50,25,12m-1m,3f_rev_oca_gp,39.48,51.62,0.765,1147.21
10,0,50,40,6m,2f_rev_oca_0.7,34.68,45.4,0.764,856.15
25,10,30,35,6m,2f_rev_oca_0.7,41.32,54.08,0.764,1277.01
15,5,40,40,12m,2f_rev_oca_0.7,38.85,50.93,0.763,1104.78
30,10,20,40,6m,3f_rev_oca_gp,41.22,54.04,0.763,1270.06
30,0,45,25,12m-1m,2f_rev_oca_0.7,40.02,52.48,0.763,1184.27
20,5,50,25,12m,2f_rev_oca_0.7,44.01,57.81,0.761,1488.84
10,10,50,30,12m,3f_rev_oca_gp,40.48,53.22,0.761,1216.27
30,5,30,35,6m-1m,2f_rev_oca_0.7,38.58,50.78,0.76,1087.16
20,0,55,25,12m,3f_rev_oca_gp,45.66,60.1,0.76,1632.8
15,15,30,40,12m,3f_rev_oca_gp,34.06,44.85,0.759,823.57
15,5,50,30,12m-1m,3f_rev_oca_gp,39.06,51.46,0.759,1119.12
30,10,30,30,6m,2f_rev_oca_0.7,40.98,54.02,0.759,1252.45
5,15,50,30,12m-1m,3f_rev_oca_gp,40.81,53.73,0.759,1239.75
25,5,40,30,12m-1m,2f_rev_oca_0.7,41.68,54.9,0.759,1304.52
15,0,50,35,6m-1m,3f_rev_oca_gp,35.46,46.72,0.759,899.03
15,5,50,30,12m-1m,2f_rev_oca_0.7,40.73,53.78,0.757,1234.41
25,15,20,40,6m,3f_rev_oca_gp,42.31,55.93,0.756,1352.04
10,5,40,45,6m,3f_rev_oca_gp,37.83,50.01,0.756,1039.32
25,5,40,30,12m-1m,3f_rev_oca_gp,41.26,54.75,0.753,1272.58
10,10,45,35,6m,2f_rev_oca_0.7,35.1,46.67,0.752,878.8
15,15,40,30,12m-1m,3f_rev_oca_gp,39.17,52.37,0.748,1126.16
15,10,45,30,6m-1m,2f_rev_oca_0.7,34.63,46.39,0.746,853.52
5,15,50,30,12m,3f_rev_oca_gp,42.59,57.15,0.745,1374.41
20,5,45,30,6m-1m,3f_rev_oca_gp,36.69,49.24,0.745,970.13
25,5,45,25,12m,3f_rev_oca_gp,42.78,57.42,0.745,1388.6
25,10,40,25,12m-1m,2f_rev_oca_0.7,41.53,55.82,0.744,1293.06
30,10,20,40,6m-1m,2f_rev_oca_0.7,39.9,53.8,0.742,1175.97
30,0,45,25,12m-1m,3f_rev_oca_gp,39.8,53.73,0.741,1168.94
30,5,30,35,6m-1m,3f_rev_oca_gp,41.29,55.84,0.739,1275.07
30,15,20,35,6m,3f_rev_oca_gp,38.84,52.62,0.738,1104.14
15,5,40,40,6m,2f_rev_oca_0.7,34.36,46.56,0.738,838.89
5,15,40,40,6m,3f_rev_oca_gp,36.47,49.66,0.734,956.88
5,0,50,45,6m,2f_rev_oca_0.7,40.24,54.89,0.733,1199.72
5,10,55,30,6m-1m,3f_rev_oca_gp,35.39,48.57,0.729,895.01
0,15,40,45,6m,2f_rev_oca_0.7,36.04,49.57,0.727,931.77
10,5,55,30,6m-1m,3f_rev_oca_gp,34.28,47.24,0.726,834.73
30,10,30,30,6m,3f_rev_oca_gp,36.86,50.95,0.724,980.22
15,10,40,35,12m,2f_rev_oca_0.7,34.82,48.08,0.724,863.69
20,0,55,25,6m-1m,2f_rev_oca_0.7,34.07,47.21,0.722,823.66
25,0,45,30,6m-1m,2f_rev_oca_0.7,37.83,52.43,0.721,1039.21
20,10,30,40,12m,2f_rev_oca_0.7,38.03,52.75,0.721,1051.8
20,15,30,35,6m,2f_rev_oca_0.7,40.18,55.77,0.72,1195.17
10,15,50,25,12m-1m,2f_rev_oca_0.7,42.61,59.23,0.719,1375.44
30,5,40,25,12m-1m,2f_rev_oca_0.7,36.72,51.35,0.715,971.81
10,15,45,30,12m-1m,2f_rev_oca_0.7,39.5,55.27,0.715,1148.46
30,0,45,25,6m-1m,2f_rev_oca_0.7,35.54,49.77,0.714,903.74
30,15,20,35,12m,2f_rev_oca_0.7,32.23,45.13,0.714,731.94
10,15,50,25,6m-1m,3f_rev_oca_gp,36.88,51.72,0.713,980.98
20,0,40,40,12m,3f_rev_oca_gp,38.98,54.68,0.713,1113.53
15,10,40,35,6m,2f_rev_oca_0.7,38.1,53.43,0.713,1056.25
30,5,40,25,12m,2f_rev_oca_0.7,37.58,52.8,0.712,1023.7
15,5,40,40,12m,3f_rev_oca_gp,38.54,54.39,0.709,1084.4
0,10,45,45,12m,3f_rev_oca_gp,36.99,52.16,0.709,987.53
10,0,65,25,12m,3f_rev_oca_gp,43.03,60.74,0.708,1408.82
10,15,30,45,12m,3f_rev_oca_gp,38.88,55.02,0.707,1106.76
20,15,40,25,6m,3f_rev_oca_gp,41.06,58.04,0.707,1257.94
25,15,20,40,12m,2f_rev_oca_0.7,36.01,50.94,0.707,930.0
0,10,55,35,6m-1m,3f_rev_oca_gp,37.41,52.98,0.706,1013.27
5,0,60,35,12m,2f_rev_oca_0.7,33.35,47.32,0.705,786.66
25,15,30,30,6m,3f_rev_oca_gp,40.9,58.26,0.702,1246.85
15,10,45,30,6m,3f_rev_oca_gp,38.27,54.49,0.702,1067.05
25,15,40,20,6m-1m,2f_rev_oca_0.7,38.36,54.71,0.701,1073.26
15,5,45,35,6m,2f_rev_oca_0.7,33.45,47.71,0.701,792.16
30,10,40,20,6m,2f_rev_oca_0.7,42.58,60.92,0.699,1373.1
15,5,55,25,12m,3f_rev_oca_gp,42.74,61.21,0.698,1386.09
5,5,60,30,6m,3f_rev_oca_gp,41.94,60.2,0.697,1323.99
15,0,40,45,6m,2f_rev_oca_0.7,37.96,54.48,0.697,1047.62
15,5,55,25,12m,2f_rev_oca_0.7,42.61,61.19,0.696,1375.29
10,5,45,40,12m,3f_rev_oca_gp,35.38,50.87,0.696,894.64
25,15,30,30,12m-1m,3f_rev_oca_gp,37.73,54.29,0.695,1033.3
25,15,40,20,6m-1m,3f_rev_oca_gp,43.28,62.3,0.695,1429.06
0,0,60,40,6m,3f_rev_oca_gp,38.43,55.35,0.694,1077.36
10,5,45,40,6m,3f_rev_oca_gp,36.32,52.48,0.692,948.07
30,10,20,40,12m,2f_rev_oca_0.7,34.02,49.16,0.692,821.44
15,5,50,30,12m,2f_rev_oca_0.7,35.25,50.98,0.692,887.46
5,15,50,30,6m-1m,3f_rev_oca_gp,39.73,57.44,0.692,1164.04
5,15,50,30,6m,3f_rev_oca_gp,39.98,57.75,0.692,1181.6
15,15,45,25,12m,3f_rev_oca_gp,37.57,54.37,0.691,1023.46
30,0,30,40,6m,2f_rev_oca_0.7,34.61,50.07,0.691,852.63
25,0,30,45,12m-1m,2f_rev_oca_0.7,35.87,52.06,0.689,922.07
0,10,45,45,12m,2f_rev_oca_0.7,35.65,51.77,0.689,909.68
20,10,40,30,6m,3f_rev_oca_gp,38.17,55.47,0.688,1061.01
5,5,55,35,6m-1m,3f_rev_oca_gp,34.53,50.25,0.687,848.11
5,0,70,25,6m,3f_rev_oca_gp,40.24,58.65,0.686,1199.64
5,10,40,45,12m,2f_rev_oca_0.7,36.15,52.77,0.685,938.26
20,15,40,25,6m,2f_rev_oca_0.7,39.53,57.68,0.685,1150.47
30,0,30,40,6m,3f_rev_oca_gp,36.37,53.09,0.685,951.08
5,0,65,30,12m,2f_rev_oca_0.7,33.78,49.4,0.684,808.94
15,0,50,35,12m,3f_rev_oca_gp,34.85,51.02,0.683,865.39
15,0,60,25,12m,3f_rev_oca_gp,43.36,63.45,0.683,1435.45
15,10,50,25,12m,2f_rev_oca_0.7,38.34,56.15,0.683,1071.69
10,15,40,35,6m,2f_rev_oca_0.7,38.71,56.8,0.682,1095.7
25,10,40,25,6m-1m,2f_rev_oca_0.7,38.17,55.99,0.682,1060.81
20,10,45,25,6m-1m,2f_rev_oca_0.7,36.83,54.02,0.682,978.35
25,5,45,25,6m-1m,2f_rev_oca_0.7,37.84,55.53,0.681,1040.16
0,10,65,25,12m,3f_rev_oca_gp,38.66,56.74,0.681,1092.29
10,15,50,25,12m,3f_rev_oca_gp,41.35,60.82,0.68,1279.5
5,0,50,45,12m,3f_rev_oca_gp,39.09,57.5,0.68,1120.56
0,10,70,20,12m,3f_rev_oca_gp,40.41,59.51,0.679,1211.78
10,5,55,30,6m,3f_rev_oca_gp,41.36,60.95,0.679,1280.49
5,5,50,40,6m,2f_rev_oca_0.7,34.42,50.82,0.677,842.13
30,15,30,25,6m-1m,2f_rev_oca_0.7,45.28,66.91,0.677,1598.46
25,5,45,25,12m-1m,2f_rev_oca_0.7,33.45,49.49,0.676,792.14
20,15,45,20,12m-1m,2f_rev_oca_0.7,37.91,56.14,0.675,1044.56
10,5,55,30,6m,2f_rev_oca_0.7,31.14,46.13,0.675,681.33
5,5,55,35,6m,3f_rev_oca_gp,30.75,45.75,0.672,663.9
0,10,45,45,6m,2f_rev_oca_0.7,33.81,50.35,0.671,810.19
10,10,50,30,6m-1m,3f_rev_oca_gp,32.14,48.06,0.669,727.54
0,0,55,45,6m,2f_rev_oca_0.7,34.83,52.04,0.669,864.17
0,5,70,25,6m,3f_rev_oca_gp,38.26,57.16,0.669,1066.87
5,5,55,35,6m,2f_rev_oca_0.7,33.09,49.46,0.669,773.71
10,0,45,45,12m,3f_rev_oca_gp,39.16,58.51,0.669,1125.6
0,0,55,45,12m,3f_rev_oca_gp,38.94,58.27,0.668,1110.67
15,10,55,20,12m,2f_rev_oca_0.7,41.27,61.78,0.668,1273.29
0,0,60,40,6m,2f_rev_oca_0.7,36.47,54.57,0.668,956.86
25,5,45,25,12m,2f_rev_oca_0.7,39.44,59.16,0.667,1144.07
15,0,45,40,12m,2f_rev_oca_0.7,35.57,53.37,0.666,905.05
25,0,40,35,6m,2f_rev_oca_0.7,37.61,56.45,0.666,1025.52
0,15,50,35,6m-1m,3f_rev_oca_gp,34.68,52.15,0.665,856.05
30,5,40,25,6m-1m,2f_rev_oca_0.7,38.4,57.8,0.664,1075.38
20,5,40,35,6m-1m,3f_rev_oca_gp,33.02,49.82,0.663,770.32
10,15,50,25,12m-1m,3f_rev_oca_gp,39.14,59.08,0.663,1124.49
10,15,50,25,12m,2f_rev_oca_0.7,42.29,63.79,0.663,1350.39
0,10,50,40,6m,3f_rev_oca_gp,33.62,50.76,0.662,800.76
5,10,50,35,6m,2f_rev_oca_0.7,32.81,49.59,0.662,760.14
25,0,45,30,12m,3f_rev_oca_gp,41.44,62.61,0.662,1285.95
0,10,50,40,6m,2f_rev_oca_0.7,32.93,49.8,0.661,765.82
30,10,30,30,6m-1m,2f_rev_oca_0.7,40.47,61.24,0.661,1215.74
0,0,60,40,12m,2f_rev_oca_0.7,32.44,49.06,0.661,742.09
5,5,65,25,12m-1m,3f_rev_oca_gp,39.87,60.37,0.66,1173.47
30,0,45,25,12m,2f_rev_oca_0.7,37.1,56.34,0.659,994.4
0,10,45,45,6m,3f_rev_oca_gp,31.76,48.2,0.659,709.73
15,0,50,35,12m,2f_rev_oca_0.7,33.04,50.22,0.658,771.48
25,0,30,45,12m,3f_rev_oca_gp,34.06,51.77,0.658,823.1
10,5,60,25,12m,3f_rev_oca_gp,40.47,61.51,0.658,1215.75
5,10,40,45,6m-1m,3f_rev_oca_gp,35.16,53.49,0.657,882.28
15,5,50,30,6m,3f_rev_oca_gp,37.0,56.35,0.657,988.59
15,5,50,30,6m-1m,3f_rev_oca_gp,31.61,48.15,0.656,702.81
30,5,40,25,12m,3f_rev_oca_gp,42.28,64.56,0.655,1350.12
20,5,40,35,6m,3f_rev_oca_gp,37.67,57.67,0.653,1029.54
30,10,40,20,6m-1m,2f_rev_oca_0.7,35.32,54.06,0.653,891.25
15,15,45,25,6m-1m,2f_rev_oca_0.7,37.2,56.96,0.653,1000.64
25,5,45,25,12m-1m,3f_rev_oca_gp,34.4,52.65,0.653,841.37
25,10,40,25,12m-1m,3f_rev_oca_gp,37.21,57.12,0.651,1001.08
0,5,55,40,12m,3f_rev_oca_gp,33.26,51.2,0.65,782.57
5,10,55,30,12m-1m,3f_rev_oca_gp,38.46,59.2,0.65,1079.84
30,10,30,30,12m,2f_rev_oca_0.7,35.86,55.39,0.647,921.75
30,5,40,25,6m,2f_rev_oca_0.7,33.66,52.0,0.647,802.58
10,0,45,45,6m,3f_rev_oca_gp,36.45,56.46,0.646,955.75
25,5,50,20,12m,2f_rev_oca_0.7,37.33,57.77,0.646,1008.34
10,0,60,30,6m,3f_rev_oca_gp,38.16,59.11,0.646,1060.51
30,0,40,30,6m-1m,2f_rev_oca_0.7,32.53,50.48,0.644,746.33
20,5,30,45,12m,2f_rev_oca_0.7,35.87,55.75,0.643,921.99
0,5,65,30,6m-1m,3f_rev_oca_gp,37.77,58.85,0.642,1035.82
20,0,55,25,12m-1m,2f_rev_oca_0.7,37.01,57.67,0.642,988.87
15,0,40,45,12m-1m,2f_rev_oca_0.7,36.51,56.93,0.641,959.33
10,15,30,45,6m-1m,2f_rev_oca_0.7,34.65,54.14,0.64,854.36
15,10,30,45,12m-1m,2f_rev_oca_0.7,32.63,51.07,0.639,751.45
15,0,55,30,6m-1m,3f_rev_oca_gp,32.09,50.2,0.639,725.48
20,15,40,25,12m-1m,3f_rev_oca_gp,37.89,59.49,0.637,1042.91
15,5,55,25,12m-1m,3f_rev_oca_gp,41.61,65.45,0.636,1298.64
0,0,65,35,6m,3f_rev_oca_gp,33.64,52.99,0.635,801.5
5,5,70,20,12m-1m,3f_rev_oca_gp,37.43,59.03,0.634,1014.76
10,5,60,25,6m,2f_rev_oca_0.7,31.5,49.78,0.633,697.8
30,5,30,35,6m,3f_rev_oca_gp,36.21,57.29,0.632,941.99
10,10,45,35,12m-1m,3f_rev_oca_gp,38.04,60.41,0.63,1052.36
20,15,40,25,12m,3f_rev_oca_gp,35.32,56.01,0.63,890.98
0,10,60,30,6m-1m,3f_rev_oca_gp,36.42,57.91,0.629,954.04
10,0,45,45,12m-1m,2f_rev_oca_0.7,34.95,55.63,0.628,870.63
20,5,50,25,12m-1m,2f_rev_oca_0.7,37.3,59.35,0.628,1006.51
25,15,30,30,6m,2f_rev_oca_0.7,39.38,62.81,0.627,1140.44
20,0,55,25,12m-1m,3f_rev_oca_gp,37.6,60.11,0.626,1025.35
0,5,70,25,12m-1m,3f_rev_oca_gp,38.37,61.28,0.626,1073.74
20,0,45,35,6m-1m,2f_rev_oca_0.7,31.34,50.08,0.626,690.37
25,10,40,25,12m,3f_rev_oca_gp,39.15,62.67,0.625,1124.69
0,5,50,45,6m,2f_rev_oca_0.7,34.22,54.86,0.624,831.91
20,10,45,25,12m-1m,3f_rev_oca_gp,36.83,59.12,0.623,978.09
10,10,40,40,12m,2f_rev_oca_0.7,31.54,50.62,0.623,699.48
10,0,60,30,12m-1m,3f_rev_oca_gp,35.15,56.5,0.622,881.99
10,15,50,25,6m,3f_rev_oca_gp,35.77,57.47,0.622,916.45
20,10,50,20,12m,2f_rev_oca_0.7,37.43,60.15,0.622,1014.42
5,5,60,30,6m-1m,3f_rev_oca_gp,35.57,57.29,0.621,905.32
5,0,50,45,6m-1m,3f_rev_oca_gp,31.22,50.39,0.619,684.73
25,15,20,40,6m,2f_rev_oca_0.7,35.4,57.31,0.618,895.57
0,15,40,45,12m,2f_rev_oca_0.7,32.99,53.46,0.617,768.71
15,5,45,35,12m,2f_rev_oca_0.7,32.72,53.04,0.617,755.37
0,5,60,35,6m,2f_rev_oca_0.7,30.86,50.13,0.616,668.63
0,10,70,20,12m-1m,3f_rev_oca_gp,37.33,60.74,0.615,1008.76
5,5,60,30,6m,2f_rev_oca_0.7,29.65,48.23,0.615,616.58
15,10,50,25,12m-1m,2f_rev_oca_0.7,37.19,60.54,0.614,999.85
15,10,45,30,12m-1m,2f_rev_oca_0.7,33.07,53.83,0.614,772.81
30,10,20,40,6m,2f_rev_oca_0.7,34.59,56.39,0.613,851.43
0,0,65,35,12m,3f_rev_oca_gp,33.61,54.86,0.613,799.9
10,10,50,30,6m,2f_rev_oca_0.7,28.27,46.18,0.612,560.72
0,5,55,40,6m,3f_rev_oca_gp,32.63,53.38,0.611,751.21
30,5,20,45,12m,2f_rev_oca_0.7,25.8,42.25,0.611,470.21
0,15,45,40,6m,3f_rev_oca_gp,34.78,57.04,0.61,861.67
20,5,50,25,12m-1m,3f_rev_oca_gp,38.04,62.45,0.609,1052.98
20,15,20,45,12m,2f_rev_oca_0.7,27.85,45.77,0.608,544.38
25,5,40,30,6m,2f_rev_oca_0.7,36.06,59.34,0.608,933.3
20,5,45,30,6m-1m,2f_rev_oca_0.7,34.83,57.27,0.608,864.37
30,10,40,20,12m,2f_rev_oca_0.7,32.75,53.94,0.607,757.26
10,10,50,30,6m,3f_rev_oca_gp,34.92,57.57,0.607,869.18
0,5,50,45,12m,3f_rev_oca_gp,33.85,55.82,0.606,812.25
15,0,60,25,12m-1m,3f_rev_oca_gp,38.05,62.82,0.606,1053.32
15,10,30,45,6m,2f_rev_oca_0.7,31.0,51.24,0.605,675.2
15,10,50,25,12m,3f_rev_oca_gp,35.99,59.48,0.605,928.81
25,0,50,25,12m-1m,2f_rev_oca_0.7,33.23,55.05,0.604,780.93
15,0,45,40,12m,3f_rev_oca_gp,33.02,54.67,0.604,770.14
15,0,50,35,12m-1m,2f_rev_oca_0.7,31.63,52.33,0.604,703.58
25,0,50,25,6m-1m,2f_rev_oca_0.7,34.92,57.94,0.603,869.44
25,5,40,30,6m-1m,2f_rev_oca_0.7,32.83,54.45,0.603,760.9
20,10,50,20,12m-1m,2f_rev_oca_0.7,34.95,57.99,0.603,870.63
30,0,45,25,12m,3f_rev_oca_gp,40.12,66.49,0.603,1191.37
25,0,40,35,12m,2f_rev_oca_0.7,31.89,52.91,0.603,716.05
10,5,55,30,12m-1m,3f_rev_oca_gp,35.51,59.03,0.602,901.69
5,10,55,30,12m,2f_rev_oca_0.7,33.07,55.06,0.601,772.9
10,10,40,40,6m,3f_rev_oca_gp,35.93,59.82,0.601,925.71
10,0,70,20,12m,3f_rev_oca_gp,37.81,62.97,0.6,1037.99
5,10,45,40,6m,3f_rev_oca_gp,30.52,50.97,0.599,653.69
0,0,60,40,12m,3f_rev_oca_gp,31.81,53.13,0.599,712.0
15,0,45,40,12m-1m,3f_rev_oca_gp,32.51,54.33,0.598,745.22
10,0,65,25,12m-1m,3f_rev_oca_gp,39.16,65.63,0.597,1125.66
5,0,55,40,6m,3f_rev_oca_gp,33.75,56.49,0.597,807.1
15,0,45,40,6m,2f_rev_oca_0.7,31.48,52.82,0.596,696.69
10,0,60,30,6m,2f_rev_oca_0.7,29.94,50.25,0.596,628.84
30,5,40,25,6m-1m,3f_rev_oca_gp,38.61,64.8,0.596,1089.12
0,15,50,35,12m-1m,2f_rev_oca_0.7,28.51,47.83,0.596,569.97
20,5,50,25,6m,2f_rev_oca_0.7,35.58,59.83,0.595,905.6
10,5,40,45,12m-1m,2f_rev_oca_0.7,34.06,57.29,0.594,823.14
20,10,50,20,12m-1m,3f_rev_oca_gp,36.43,61.3,0.594,954.46
20,0,50,30,6m-1m,2f_rev_oca_0.7,32.5,54.81,0.593,745.11
30,5,45,20,12m,2f_rev_oca_0.7,36.43,61.55,0.592,954.79
5,0,70,25,12m-1m,3f_rev_oca_gp,37.3,62.99,0.592,1006.61
5,10,55,30,6m,2f_rev_oca_0.7,28.24,47.68,0.592,559.52
10,15,45,30,12m-1m,3f_rev_oca_gp,35.81,60.59,0.591,918.72
15,0,55,30,12m,2f_rev_oca_0.7,33.93,57.84,0.587,816.51
20,15,20,45,12m,3f_rev_oca_gp,30.34,51.78,0.586,645.9
5,15,55,25,6m,3f_rev_oca_gp,33.43,57.04,0.586,790.98
10,5,40,45,6m-1m,2f_rev_oca_0.7,34.6,59.08,0.586,851.89
10,10,55,25,12m-1m,2f_rev_oca_0.7,37.25,63.55,0.586,1003.77
30,15,20,35,6m-1m,3f_rev_oca_gp,33.97,58.01,0.586,818.5
5,15,40,40,6m,2f_rev_oca_0.7,32.57,55.59,0.586,748.36
10,10,40,40,12m,3f_rev_oca_gp,30.55,52.19,0.585,655.24
25,15,20,40,12m,3f_rev_oca_gp,32.68,55.93,0.584,753.85
0,15,55,30,6m-1m,3f_rev_oca_gp,32.76,56.05,0.584,757.51
0,5,70,25,6m-1m,3f_rev_oca_gp,35.75,61.21,0.584,915.21
5,15,50,30,6m,2f_rev_oca_0.7,30.14,51.68,0.583,637.2
30,0,40,30,12m-1m,3f_rev_oca_gp,32.39,55.6,0.583,739.76
20,5,30,45,6m,2f_rev_oca_0.7,27.95,47.96,0.583,548.17
20,0,50,30,6m-1m,3f_rev_oca_gp,31.2,53.64,0.582,684.14
20,15,30,35,6m,3f_rev_oca_gp,36.22,62.2,0.582,942.09
20,15,45,20,12m-1m,3f_rev_oca_gp,34.19,58.89,0.581,830.28
25,5,50,20,6m-1m,2f_rev_oca_0.7,33.34,57.38,0.581,786.48
10,5,50,35,12m-1m,3f_rev_oca_gp,33.53,57.89,0.579,795.77
25,15,40,20,12m-1m,3f_rev_oca_gp,34.99,60.5,0.578,873.03
30,5,20,45,12m,3f_rev_oca_gp,28.34,49.09,0.577,563.46
15,15,45,25,12m-1m,3f_rev_oca_gp,34.12,59.2,0.576,826.58
10,15,45,30,12m,2f_rev_oca_0.7,31.85,55.27,0.576,714.01
20,0,45,35,6m-1m,3f_rev_oca_gp,29.62,51.5,0.575,615.15
10,0,70,20,6m,3f_rev_oca_gp,37.81,65.83,0.574,1038.08
0,10,65,25,12m-1m,3f_rev_oca_gp,36.91,64.41,0.573,983.03
20,5,30,45,6m,3f_rev_oca_gp,29.51,51.62,0.572,610.52
10,0,50,40,12m-1m,3f_rev_oca_gp,27.87,48.83,0.571,544.99
30,0,40,30,6m,3f_rev_oca_gp,34.89,61.12,0.571,867.7
20,0,50,30,6m,2f_rev_oca_0.7,36.26,63.66,0.57,944.78
15,0,55,30,6m-1m,2f_rev_oca_0.7,29.49,51.81,0.569,609.62
5,10,65,20,12m,3f_rev_oca_gp,36.72,64.56,0.569,971.66
30,10,40,20,6m-1m,3f_rev_oca_gp,35.43,62.33,0.569,897.5
20,0,50,30,12m,2f_rev_oca_0.7,30.84,54.32,0.568,667.75
0,15,40,45,6m,3f_rev_oca_gp,32.0,56.32,0.568,721.03
0,15,45,40,6m,2f_rev_oca_0.7,29.3,51.65,0.567,601.92
30,15,20,35,6m-1m,2f_rev_oca_0.7,31.15,54.89,0.567,681.59
10,5,65,20,6m,3f_rev_oca_gp,35.31,62.41,0.566,890.76
10,15,40,35,12m-1m,3f_rev_oca_gp,33.69,59.75,0.564,804.26
25,5,40,30,6m,3f_rev_oca_gp,34.37,61.0,0.563,839.87
15,0,60,25,6m-1m,3f_rev_oca_gp,32.8,58.4,0.562,759.46
25,0,40,35,6m,3f_rev_oca_gp,31.41,55.84,0.562,693.65
20,0,45,35,12m,2f_rev_oca_0.7,30.77,54.89,0.561,664.93
10,0,65,25,6m,3f_rev_oca_gp,34.79,62.01,0.561,862.18
10,10,60,20,12m,3f_rev_oca_gp,36.29,64.64,0.561,946.47
30,0,40,30,6m-1m,3f_rev_oca_gp,36.61,65.41,0.56,965.16
10,0,50,40,12m,3f_rev_oca_gp,32.78,58.6,0.559,758.4
20,0,55,25,6m,2f_rev_oca_0.7,31.96,57.41,0.557,719.14
20,5,40,35,6m,2f_rev_oca_0.7,34.25,61.59,0.556,833.39
30,5,40,25,12m-1m,3f_rev_oca_gp,35.39,63.79,0.555,894.83
30,0,40,30,6m,2f_rev_oca_0.7,31.81,57.3,0.555,712.06
30,10,30,30,6m-1m,3f_rev_oca_gp,33.4,60.4,0.553,789.56
0,5,60,35,12m,3f_rev_oca_gp,29.46,53.26,0.553,608.53
10,10,55,25,12m,3f_rev_oca_gp,34.97,63.22,0.553,871.68
20,10,30,40,12m,3f_rev_oca_gp,29.94,54.14,0.553,628.76
10,0,55,35,12m,2f_rev_oca_0.7,29.3,53.07,0.552,601.73
25,0,40,35,6m-1m,3f_rev_oca_gp,30.16,54.64,0.552,638.04
5,10,60,25,12m-1m,3f_rev_oca_gp,35.17,63.81,0.551,882.94
15,0,40,45,12m-1m,3f_rev_oca_gp,33.16,60.14,0.551,777.21
10,15,30,45,12m-1m,2f_rev_oca_0.7,30.43,55.25,0.551,649.74
5,0,60,35,12m,3f_rev_oca_gp,29.13,52.85,0.551,594.88
10,10,50,30,12m-1m,3f_rev_oca_gp,34.02,61.8,0.551,821.37
10,10,55,25,6m-1m,2f_rev_oca_0.7,30.78,55.87,0.551,665.28
30,15,30,25,12m-1m,3f_rev_oca_gp,35.85,65.23,0.55,920.84
5,10,55,30,6m,3f_rev_oca_gp,32.89,59.78,0.55,764.15
5,5,70,20,6m,3f_rev_oca_gp,35.07,63.89,0.549,877.28
0,0,70,30,6m,2f_rev_oca_0.7,30.85,56.29,0.548,668.2
25,5,50,20,12m-1m,2f_rev_oca_0.7,33.95,61.97,0.548,817.74
20,0,45,35,6m,3f_rev_oca_gp,32.49,59.36,0.547,744.32
10,15,50,25,6m-1m,2f_rev_oca_0.7,30.58,56.05,0.546,656.54
15,0,50,35,6m,2f_rev_oca_0.7,26.29,48.18,0.546,487.02
0,10,55,35,6m,3f_rev_oca_gp,28.46,52.24,0.545,568.09
30,0,45,25,6m-1m,3f_rev_oca_gp,33.64,61.86,0.544,801.39
15,15,30,40,12m-1m,2f_rev_oca_0.7,28.74,53.02,0.542,579.0
20,10,45,25,6m,3f_rev_oca_gp,32.88,60.72,0.542,763.58
10,10,40,40,6m-1m,2f_rev_oca_0.7,31.85,58.74,0.542,713.85
0,15,55,30,12m-1m,3f_rev_oca_gp,35.37,65.38,0.541,893.86
15,0,65,20,12m,3f_rev_oca_gp,36.61,67.78,0.54,965.32
20,5,55,20,6m,2f_rev_oca_0.7,31.87,59.02,0.54,714.82
30,15,30,25,12m,2f_rev_oca_0.7,33.63,62.31,0.54,800.95
0,15,45,40,12m,2f_rev_oca_0.7,28.37,52.67,0.539,564.35
30,5,40,25,6m,3f_rev_oca_gp,36.49,67.83,0.538,958.2
5,5,45,45,12m,3f_rev_oca_gp,30.5,56.71,0.538,652.93
0,15,45,40,6m-1m,3f_rev_oca_gp,28.09,52.62,0.534,553.45
5,15,55,25,12m,3f_rev_oca_gp,34.89,65.48,0.533,867.38
0,0,65,35,12m,2f_rev_oca_0.7,29.17,54.7,0.533,596.51
10,15,40,35,12m,2f_rev_oca_0.7,28.68,53.82,0.533,576.88
5,0,60,35,6m,2f_rev_oca_0.7,26.37,49.47,0.533,490.1
10,10,60,20,12m,2f_rev_oca_0.7,35.91,67.49,0.532,924.26
5,5,45,45,6m-1m,3f_rev_oca_gp,27.5,51.65,0.532,531.1
10,5,55,30,12m,2f_rev_oca_0.7,26.76,50.36,0.531,503.92
15,5,55,25,12m-1m,2f_rev_oca_0.7,36.7,69.09,0.531,970.62
5,10,60,25,6m,3f_rev_oca_gp,32.79,61.93,0.53,759.03
15,15,30,40,6m,2f_rev_oca_0.7,29.55,55.74,0.53,612.38
5,10,40,45,12m-1m,2f_rev_oca_0.7,28.85,54.59,0.529,583.64
25,5,40,30,6m-1m,3f_rev_oca_gp,32.97,62.36,0.529,767.99
15,5,60,20,12m,2f_rev_oca_0.7,34.92,65.96,0.529,869.22
10,5,60,25,6m-1m,2f_rev_oca_0.7,31.17,58.92,0.529,682.57
20,15,45,20,6m-1m,2f_rev_oca_0.7,36.44,69.01,0.528,955.08
5,10,60,25,12m,3f_rev_oca_gp,33.11,62.69,0.528,774.6
0,0,70,30,12m,2f_rev_oca_0.7,28.3,53.72,0.527,561.82
5,5,45,45,12m-1m,3f_rev_oca_gp,27.48,52.13,0.527,530.34
15,10,50,25,12m-1m,3f_rev_oca_gp,35.24,66.98,0.526,886.89
5,0,70,25,12m,2f_rev_oca_0.7,26.8,51.17,0.524,505.41
25,5,50,20,12m-1m,3f_rev_oca_gp,32.3,61.7,0.523,735.34
15,5,40,40,12m-1m,3f_rev_oca_gp,28.94,55.47,0.522,587.37
25,5,45,25,6m,3f_rev_oca_gp,33.7,64.66,0.521,804.84
15,5,60,20,6m,2f_rev_oca_0.7,32.73,62.8,0.521,756.19
15,0,60,25,6m,3f_rev_oca_gp,30.59,58.69,0.521,656.94
0,5,60,35,12m,2f_rev_oca_0.7,29.56,56.76,0.521,612.7
0,0,65,35,6m,2f_rev_oca_0.7,25.15,48.47,0.519,448.21
15,15,45,25,6m-1m,3f_rev_oca_gp,30.96,59.7,0.519,673.38
25,0,45,30,6m-1m,3f_rev_oca_gp,30.93,59.59,0.519,671.67
5,5,50,40,6m-1m,3f_rev_oca_gp,25.4,49.01,0.518,456.49
30,0,45,25,6m,2f_rev_oca_0.7,28.87,55.69,0.518,584.31
0,15,50,35,12m,2f_rev_oca_0.7,28.77,55.64,0.517,580.4
10,5,50,35,12m,3f_rev_oca_gp,28.93,56.1,0.516,587.02
5,10,60,25,12m,2f_rev_oca_0.7,29.41,57.04,0.516,606.51
15,5,55,25,6m,3f_rev_oca_gp,31.82,61.74,0.515,712.54
10,0,70,20,12m-1m,3f_rev_oca_gp,33.97,65.99,0.515,818.65
25,10,45,20,6m-1m,2f_rev_oca_0.7,32.92,64.08,0.514,765.23
0,10,60,30,6m,2f_rev_oca_0.7,25.24,49.22,0.513,451.25
0,0,55,45,12m-1m,2f_rev_oca_0.7,28.21,54.96,0.513,558.19
0,15,40,45,6m-1m,3f_rev_oca_gp,27.18,53.07,0.512,519.05
10,0,55,35,12m,3f_rev_oca_gp,26.97,52.92,0.51,511.63
10,10,60,20,12m-1m,2f_rev_oca_0.7,35.18,68.93,0.51,883.27
30,5,45,20,6m-1m,3f_rev_oca_gp,34.19,67.18,0.509,829.98
30,0,50,20,6m-1m,2f_rev_oca_0.7,31.66,62.18,0.509,705.02
10,10,50,30,12m,2f_rev_oca_0.7,27.79,54.65,0.509,542.14
25,15,40,20,12m,3f_rev_oca_gp,32.13,63.09,0.509,727.09
5,5,45,45,12m-1m,2f_rev_oca_0.7,27.78,54.66,0.508,541.88
10,0,50,40,6m,3f_rev_oca_gp,28.39,56.11,0.506,565.45
0,15,55,30,12m,2f_rev_oca_0.7,28.78,56.92,0.506,580.91
20,0,40,40,12m-1m,2f_rev_oca_0.7,29.71,58.96,0.504,618.78
0,15,50,35,12m,3f_rev_oca_gp,25.55,50.74,0.504,461.57
20,15,20,45,12m-1m,2f_rev_oca_0.7,28.11,55.77,0.504,554.49
10,5,65,20,12m,3f_rev_oca_gp,35.88,71.34,0.503,922.71
0,15,55,30,6m,2f_rev_oca_0.7,25.39,50.43,0.503,456.06
25,10,40,25,6m-1m,3f_rev_oca_gp,34.9,69.37,0.503,868.06
25,10,40,25,6m,3f_rev_oca_gp,35.31,70.47,0.501,890.69
5,15,45,35,6m,2f_rev_oca_0.7,27.65,55.14,0.501,536.75
0,5,70,25,12m,2f_rev_oca_0.7,28.11,56.17,0.501,554.54
10,10,60,20,12m-1m,3f_rev_oca_gp,33.5,66.9,0.501,794.33
15,0,40,45,6m-1m,2f_rev_oca_0.7,32.39,64.64,0.501,739.74
25,0,50,25,6m,2f_rev_oca_0.7,32.44,64.9,0.5,742.14
5,5,45,45,6m-1m,2f_rev_oca_0.7,30.36,60.75,0.5,646.87
0,15,50,35,6m,2f_rev_oca_0.7,26.78,53.71,0.499,504.76
0,15,55,30,6m,3f_rev_oca_gp,29.98,60.08,0.499,630.53
5,5,60,30,12m,2f_rev_oca_0.7,26.93,54.09,0.498,509.88
20,5,50,25,6m,3f_rev_oca_gp,29.1,58.4,0.498,593.88
20,0,55,25,6m,3f_rev_oca_gp,27.77,55.88,0.497,541.46
5,15,40,40,12m,2f_rev_oca_0.7,28.84,58.0,0.497,583.35
10,15,55,20,12m,2f_rev_oca_0.7,32.93,66.27,0.497,765.87
25,0,55,20,12m,2f_rev_oca_0.7,31.34,63.18,0.496,690.43
15,0,45,40,6m,3f_rev_oca_gp,25.22,50.83,0.496,450.54
5,0,55,40,6m,2f_rev_oca_0.7,28.12,56.68,0.496,554.81
10,0,55,35,6m,2f_rev_oca_0.7,23.35,47.04,0.496,391.0
25,10,45,20,12m-1m,3f_rev_oca_gp,31.18,63.0,0.495,683.14
15,10,50,25,6m-1m,2f_rev_oca_0.7,30.42,61.4,0.495,649.35
10,10,55,25,6m-1m,3f_rev_oca_gp,30.89,62.53,0.494,670.05
25,0,45,30,6m,2f_rev_oca_0.7,32.76,66.28,0.494,757.45
25,0,30,45,6m,2f_rev_oca_0.7,23.24,47.02,0.494,387.76
20,10,50,20,6m,2f_rev_oca_0.7,31.77,64.47,0.493,710.34
25,10,20,45,12m,2f_rev_oca_0.7,23.69,48.06,0.493,401.55
25,15,40,20,6m,2f_rev_oca_0.7,33.12,67.33,0.492,775.13
10,0,45,45,12m-1m,3f_rev_oca_gp,28.19,57.42,0.491,557.46
30,10,40,20,12m-1m,2f_rev_oca_0.7,29.21,59.51,0.491,598.24
5,10,65,20,6m-1m,2f_rev_oca_0.7,35.69,72.62,0.491,911.79
15,0,65,20,12m-1m,3f_rev_oca_gp,34.02,69.57,0.489,821.49
5,5,65,25,6m,3f_rev_oca_gp,30.88,63.15,0.489,669.63
10,10,55,25,12m-1m,3f_rev_oca_gp,33.79,69.29,0.488,809.15
30,10,40,20,12m-1m,3f_rev_oca_gp,32.0,65.77,0.487,721.13
5,5,55,35,12m,2f_rev_oca_0.7,27.98,57.43,0.487,549.23
30,0,50,20,12m,2f_rev_oca_0.7,31.49,64.62,0.487,697.49
15,15,50,20,12m,2f_rev_oca_0.7,31.28,64.26,0.487,687.78
10,5,60,25,12m,2f_rev_oca_0.7,28.33,58.27,0.486,563.1
25,10,20,45,12m,3f_rev_oca_gp,22.74,46.8,0.486,373.01
20,10,50,20,6m-1m,2f_rev_oca_0.7,32.05,66.03,0.485,723.5
10,5,50,35,12m,2f_rev_oca_0.7,25.96,53.51,0.485,475.46
15,15,50,20,12m-1m,2f_rev_oca_0.7,32.78,67.68,0.484,758.3
0,15,60,25,6m-1m,3f_rev_oca_gp,30.03,62.08,0.484,632.74
0,5,50,45,6m-1m,3f_rev_oca_gp,24.82,51.43,0.483,437.35
15,5,60,20,12m-1m,3f_rev_oca_gp,34.18,70.87,0.482,829.44
5,0,65,30,6m,2f_rev_oca_0.7,25.65,53.26,0.482,465.02
30,0,50,20,12m-1m,3f_rev_oca_gp,32.12,66.64,0.482,726.84
15,0,60,25,6m-1m,2f_rev_oca_0.7,30.1,62.63,0.481,635.6
20,5,50,25,6m-1m,2f_rev_oca_0.7,29.45,61.24,0.481,608.13
15,0,65,20,6m,3f_rev_oca_gp,31.26,64.98,0.481,686.53
0,10,50,40,12m-1m,2f_rev_oca_0.7,23.19,48.22,0.481,386.4
0,10,55,35,12m,2f_rev_oca_0.7,26.48,55.17,0.48,493.83
0,0,70,30,6m,3f_rev_oca_gp,26.65,55.55,0.48,499.95
25,0,50,25,6m,3f_rev_oca_gp,32.02,66.83,0.479,721.87
5,10,45,40,12m,3f_rev_oca_gp,25.14,52.43,0.479,447.61
0,10,70,20,6m,3f_rev_oca_gp,31.54,66.02,0.478,699.68
10,5,60,25,12m-1m,3f_rev_oca_gp,33.83,70.85,0.477,811.27
0,0,60,40,12m-1m,2f_rev_oca_0.7,24.84,52.1,0.477,438.04
20,15,40,25,6m-1m,3f_rev_oca_gp,32.11,67.34,0.477,726.36
10,10,45,35,12m,2f_rev_oca_0.7,25.92,54.53,0.475,474.17
15,10,50,25,6m,3f_rev_oca_gp,30.23,63.58,0.475,641.03
0,15,60,25,12m-1m,3f_rev_oca_gp,30.12,63.66,0.473,636.27
10,10,55,25,6m,3f_rev_oca_gp,29.38,62.09,0.473,605.31
30,0,50,20,6m,2f_rev_oca_0.7,31.76,67.17,0.473,709.93
5,10,45,40,6m,2f_rev_oca_0.7,26.44,56.08,0.471,492.3
0,5,65,30,6m,2f_rev_oca_0.7,23.93,50.84,0.471,408.89
5,0,70,25,12m-1m,2f_rev_oca_0.7,26.68,56.76,0.47,501.04
10,10,50,30,12m-1m,2f_rev_oca_0.7,24.64,52.48,0.47,431.41
5,0,65,30,6m-1m,3f_rev_oca_gp,32.11,68.59,0.468,726.33
5,10,40,45,12m,3f_rev_oca_gp,28.26,60.44,0.468,560.4
30,0,45,25,6m,3f_rev_oca_gp,31.64,67.66,0.468,704.07
0,10,55,35,12m-1m,2f_rev_oca_0.7,25.06,53.62,0.467,445.09
0,15,60,25,12m,3f_rev_oca_gp,30.18,64.69,0.467,638.84
20,5,55,20,6m-1m,2f_rev_oca_0.7,28.37,60.82,0.466,564.6
5,5,65,25,12m,3f_rev_oca_gp,32.54,69.96,0.465,746.63
0,10,50,40,12m,2f_rev_oca_0.7,27.41,58.95,0.465,527.86
10,15,55,20,12m-1m,3f_rev_oca_gp,31.57,68.1,0.464,700.73
5,10,45,40,6m-1m,2f_rev_oca_0.7,28.51,61.45,0.464,570.04
20,0,50,30,6m,3f_rev_oca_gp,30.23,65.18,0.464,641.31
0,15,65,20,12m,3f_rev_oca_gp,30.95,66.91,0.463,672.66
15,15,45,25,6m,3f_rev_oca_gp,30.17,65.22,0.463,638.41
0,5,65,30,12m-1m,2f_rev_oca_0.7,27.41,59.26,0.463,527.81
5,15,45,35,12m,2f_rev_oca_0.7,27.62,59.83,0.462,535.58
5,15,40,40,12m,3f_rev_oca_gp,24.5,53.14,0.461,426.82
15,10,50,25,6m-1m,3f_rev_oca_gp,27.54,59.83,0.46,532.49
15,0,55,30,6m,2f_rev_oca_0.7,24.98,54.3,0.46,442.43
15,0,40,45,6m,3f_rev_oca_gp,24.86,54.0,0.46,438.44
5,5,65,25,6m,2f_rev_oca_0.7,26.23,57.05,0.46,485.13
0,5,50,45,12m-1m,2f_rev_oca_0.7,25.01,54.46,0.459,443.38
0,5,55,40,12m-1m,2f_rev_oca_0.7,25.08,54.58,0.459,445.65
25,10,45,20,12m-1m,2f_rev_oca_0.7,28.02,61.2,0.458,550.77
10,15,55,20,6m,2f_rev_oca_0.7,31.2,68.15,0.458,683.86
15,15,50,20,12m,3f_rev_oca_gp,31.9,69.73,0.458,716.54
5,5,55,35,6m-1m,2f_rev_oca_0.7,22.95,50.22,0.457,379.09
10,0,60,30,6m-1m,3f_rev_oca_gp,30.62,66.95,0.457,658.2
20,10,50,20,6m-1m,3f_rev_oca_gp,29.41,64.37,0.457,606.26
30,10,40,20,6m,3f_rev_oca_gp,34.04,74.88,0.455,822.19
5,0,60,35,6m,3f_rev_oca_gp,25.1,55.2,0.455,446.31
20,5,50,25,6m-1m,3f_rev_oca_gp,26.71,58.71,0.455,501.92
25,15,40,20,6m,3f_rev_oca_gp,33.99,74.72,0.455,819.81
0,10,65,25,12m,2f_rev_oca_0.7,26.45,58.19,0.454,492.61
10,0,70,20,6m-1m,3f_rev_oca_gp,30.31,66.78,0.454,644.46
20,10,50,20,12m,3f_rev_oca_gp,29.28,64.44,0.454,600.99
15,5,60,20,6m,3f_rev_oca_gp,30.16,66.6,0.453,637.97
30,15,20,35,6m,2f_rev_oca_0.7,30.07,66.36,0.453,634.22
5,10,50,35,6m-1m,2f_rev_oca_0.7,25.88,57.16,0.453,472.91
25,0,55,20,12m-1m,2f_rev_oca_0.7,29.68,65.62,0.452,617.71
10,0,45,45,6m-1m,2f_rev_oca_0.7,26.62,59.03,0.451,498.85
5,0,55,40,12m,3f_rev_oca_gp,26.8,59.5,0.45,505.42
5,10,45,40,12m,2f_rev_oca_0.7,24.64,54.78,0.45,431.43
5,5,70,20,12m,3f_rev_oca_gp,30.44,67.69,0.45,650.04
0,10,50,40,6m-1m,3f_rev_oca_gp,26.66,59.25,0.45,500.22
20,0,60,20,12m,3f_rev_oca_gp,31.48,70.3,0.448,696.61
10,5,65,20,12m-1m,3f_rev_oca_gp,32.5,72.84,0.446,744.89
0,15,45,40,12m,3f_rev_oca_gp,24.38,54.67,0.446,422.94
15,10,30,45,12m-1m,3f_rev_oca_gp,26.66,59.84,0.446,500.31
30,15,30,25,6m-1m,3f_rev_oca_gp,31.32,70.39,0.445,689.32
5,10,40,45,12m-1m,3f_rev_oca_gp,26.09,58.73,0.444,480.06
10,5,45,40,12m-1m,3f_rev_oca_gp,24.0,54.09,0.444,411.09
15,10,55,20,12m-1m,2f_rev_oca_0.7,32.32,72.73,0.444,736.13
0,5,60,35,6m,3f_rev_oca_gp,24.53,55.37,0.443,427.92
5,10,65,20,12m-1m,3f_rev_oca_gp,31.36,70.87,0.443,691.5
25,0,45,30,6m,3f_rev_oca_gp,27.28,61.83,0.441,523.08
20,5,55,20,12m,2f_rev_oca_0.7,30.15,68.34,0.441,637.65
30,0,50,20,6m-1m,3f_rev_oca_gp,30.49,69.8,0.437,652.34
5,0,60,35,12m-1m,2f_rev_oca_0.7,25.32,57.95,0.437,453.91
0,15,40,45,6m-1m,2f_rev_oca_0.7,25.72,58.98,0.436,467.28
0,10,60,30,12m,2f_rev_oca_0.7,24.43,56.14,0.435,424.76
15,0,45,40,12m-1m,2f_rev_oca_0.7,27.63,63.74,0.434,536.17
5,15,55,25,6m-1m,2f_rev_oca_0.7,28.91,66.84,0.433,586.13
10,5,40,45,12m-1m,3f_rev_oca_gp,26.8,61.83,0.433,505.3
10,0,60,30,12m-1m,2f_rev_oca_0.7,22.81,52.8,0.432,374.86
0,0,70,30,12m-1m,2f_rev_oca_0.7,26.06,60.65,0.43,478.92
10,5,50,35,6m-1m,2f_rev_oca_0.7,23.11,53.87,0.429,383.8
10,0,65,25,12m,2f_rev_oca_0.7,26.12,60.86,0.429,481.02
20,15,20,45,6m,2f_rev_oca_0.7,24.88,58.23,0.427,439.17
0,5,60,35,6m-1m,2f_rev_oca_0.7,20.33,47.68,0.426,306.96
0,15,45,40,12m-1m,2f_rev_oca_0.7,20.38,48.03,0.424,308.13
5,5,55,35,12m,3f_rev_oca_gp,23.63,55.71,0.424,399.72
30,0,50,20,12m,3f_rev_oca_gp,32.13,75.82,0.424,727.25
5,15,50,30,12m,2f_rev_oca_0.7,24.89,58.87,0.423,439.42
10,0,50,40,12m-1m,2f_rev_oca_0.7,24.43,57.88,0.422,424.6
5,5,70,20,6m,2f_rev_oca_0.7,26.27,62.27,0.422,486.48
5,5,50,40,12m,2f_rev_oca_0.7,24.06,57.05,0.422,413.02
5,15,60,20,6m-1m,3f_rev_oca_gp,28.36,67.29,0.421,564.18
5,10,60,25,6m,2f_rev_oca_0.7,23.38,55.69,0.42,391.82
10,5,45,40,6m-1m,2f_rev_oca_0.7,27.4,65.22,0.42,527.43
10,5,55,30,12m-1m,2f_rev_oca_0.7,23.97,57.15,0.419,409.98
5,15,60,20,12m,3f_rev_oca_gp,28.48,68.21,0.418,569.05
0,0,55,45,12m-1m,3f_rev_oca_gp,25.77,61.65,0.418,468.87
5,0,50,45,12m-1m,3f_rev_oca_gp,25.01,59.79,0.418,443.4
0,15,40,45,12m,3f_rev_oca_gp,22.35,53.62,0.417,361.61
15,5,60,20,6m-1m,2f_rev_oca_0.7,26.1,62.56,0.417,480.57
0,10,50,40,12m,3f_rev_oca_gp,24.1,57.72,0.417,414.02
25,10,40,25,6m,2f_rev_oca_0.7,28.03,67.16,0.417,551.28
0,10,60,30,12m-1m,2f_rev_oca_0.7,23.76,56.99,0.417,403.71
5,0,65,30,12m-1m,2f_rev_oca_0.7,22.87,55.05,0.415,376.8
10,15,55,20,12m,3f_rev_oca_gp,28.54,68.7,0.415,571.07
5,5,50,40,6m-1m,2f_rev_oca_0.7,23.48,56.65,0.414,394.92
5,15,55,25,12m-1m,2f_rev_oca_0.7,22.8,55.11,0.414,374.68
0,10,65,25,6m-1m,3f_rev_oca_gp,28.38,68.53,0.414,565.09
15,10,55,20,6m-1m,2f_rev_oca_0.7,31.0,74.89,0.414,674.97
5,10,40,45,6m-1m,2f_rev_oca_0.7,27.43,66.67,0.411,528.44
0,15,50,35,6m,3f_rev_oca_gp,23.74,57.74,0.411,403.09
5,15,60,20,6m-1m,2f_rev_oca_0.7,29.02,70.52,0.411,590.35
20,0,60,20,6m,3f_rev_oca_gp,26.88,65.44,0.411,508.05
15,0,55,30,12m-1m,2f_rev_oca_0.7,24.73,60.22,0.411,434.14
20,10,45,25,6m-1m,3f_rev_oca_gp,27.26,66.29,0.411,522.22
15,0,60,25,6m,2f_rev_oca_0.7,25.09,61.06,0.411,446.24
0,10,45,45,12m-1m,3f_rev_oca_gp,23.11,56.21,0.411,383.85
5,10,55,30,6m-1m,2f_rev_oca_0.7,21.3,51.9,0.41,332.35
30,0,50,20,12m-1m,2f_rev_oca_0.7,27.0,65.93,0.41,512.72
15,5,60,20,12m,3f_rev_oca_gp,28.6,70.0,0.409,573.61
25,0,55,20,6m-1m,2f_rev_oca_0.7,25.68,62.82,0.409,465.95
5,10,60,25,12m-1m,2f_rev_oca_0.7,23.21,56.84,0.408,386.91
30,10,40,20,12m,3f_rev_oca_gp,30.49,74.78,0.408,652.63
15,10,55,20,12m,3f_rev_oca_gp,28.28,69.51,0.407,560.9
30,0,50,20,6m,3f_rev_oca_gp,30.99,76.26,0.406,674.53
30,5,45,20,12m,3f_rev_oca_gp,31.38,77.42,0.405,692.23
0,15,55,30,12m-1m,2f_rev_oca_0.7,21.79,53.84,0.405,345.86
5,15,60,20,6m,2f_rev_oca_0.7,30.16,74.53,0.405,637.92
15,5,40,40,12m-1m,2f_rev_oca_0.7,25.44,62.94,0.404,457.91
15,0,65,20,6m,2f_rev_oca_0.7,28.01,69.74,0.402,550.35
0,5,50,45,6m-1m,2f_rev_oca_0.7,23.75,59.15,0.402,403.26
10,10,40,40,12m-1m,3f_rev_oca_gp,24.68,61.53,0.401,432.73
5,0,50,45,6m-1m,2f_rev_oca_0.7,23.07,57.46,0.401,382.65
10,0,65,25,6m-1m,3f_rev_oca_gp,28.14,70.25,0.401,555.53
25,0,55,20,12m-1m,3f_rev_oca_gp,28.1,70.23,0.4,553.86
30,15,30,25,12m-1m,2f_rev_oca_0.7,26.94,67.44,0.4,510.51
10,5,45,40,12m-1m,2f_rev_oca_0.7,24.35,60.85,0.4,422.08
0,15,50,35,12m-1m,3f_rev_oca_gp,21.05,52.82,0.399,325.76
5,10,50,35,12m,3f_rev_oca_gp,22.85,57.23,0.399,376.17
10,0,55,35,6m-1m,2f_rev_oca_0.7,21.4,53.69,0.399,335.23
20,0,60,20,6m,2f_rev_oca_0.7,27.14,68.03,0.399,517.81
5,15,60,20,12m-1m,3f_rev_oca_gp,26.48,66.5,0.398,493.96
0,0,70,30,12m,3f_rev_oca_gp,27.11,68.15,0.398,516.77
25,5,50,20,6m,2f_rev_oca_0.7,27.51,69.17,0.398,531.55
0,10,65,25,6m,3f_rev_oca_gp,27.17,68.52,0.397,518.84
30,5,45,20,6m-1m,2f_rev_oca_0.7,28.95,73.0,0.397,587.7
5,5,50,40,12m,3f_rev_oca_gp,23.56,59.3,0.397,397.46
5,15,60,20,12m-1m,2f_rev_oca_0.7,28.84,72.89,0.396,583.19
25,10,45,20,6m,2f_rev_oca_0.7,28.21,71.28,0.396,558.13
15,5,55,25,6m-1m,2f_rev_oca_0.7,27.62,69.89,0.395,535.48
5,0,60,35,6m-1m,2f_rev_oca_0.7,21.57,54.59,0.395,339.82
10,5,60,25,6m-1m,3f_rev_oca_gp,25.33,64.27,0.394,454.26
5,15,45,35,12m-1m,3f_rev_oca_gp,22.63,57.46,0.394,369.62
10,0,70,20,12m,2f_rev_oca_0.7,23.77,60.41,0.393,403.73
20,5,55,20,12m-1m,2f_rev_oca_0.7,26.23,66.77,0.393,485.02
20,0,55,25,6m-1m,3f_rev_oca_gp,23.18,59.06,0.392,385.93
20,0,60,20,12m,2f_rev_oca_0.7,27.29,69.65,0.392,523.27
0,5,55,40,6m-1m,2f_rev_oca_0.7,21.32,54.47,0.391,332.86
5,5,65,25,6m-1m,3f_rev_oca_gp,27.04,69.15,0.391,514.05
20,0,60,20,12m-1m,3f_rev_oca_gp,28.2,72.1,0.391,557.81
15,0,60,25,12m,2f_rev_oca_0.7,24.22,62.06,0.39,417.82
15,15,50,20,6m,3f_rev_oca_gp,26.91,68.95,0.39,509.16
5,15,50,30,12m-1m,2f_rev_oca_0.7,24.18,62.14,0.389,416.83
5,10,60,25,6m-1m,3f_rev_oca_gp,26.41,67.83,0.389,491.52
5,5,60,30,12m-1m,3f_rev_oca_gp,27.69,71.41,0.388,538.22
5,5,65,25,12m-1m,2f_rev_oca_0.7,24.66,63.56,0.388,432.03
0,5,55,40,12m-1m,3f_rev_oca_gp,21.21,54.62,0.388,330.1
15,15,50,20,12m-1m,3f_rev_oca_gp,29.02,74.75,0.388,590.59
10,0,55,35,12m-1m,3f_rev_oca_gp,21.2,54.87,0.386,329.66
30,5,20,45,6m,2f_rev_oca_0.7,19.09,49.52,0.386,276.15
0,5,65,30,12m,2f_rev_oca_0.7,21.41,55.41,0.386,335.45
30,5,45,20,6m,3f_rev_oca_gp,30.59,79.42,0.385,656.64
5,5,50,40,12m-1m,2f_rev_oca_0.7,22.11,57.76,0.383,354.84
25,0,50,25,6m-1m,3f_rev_oca_gp,25.47,66.53,0.383,458.67
10,10,40,40,12m-1m,2f_rev_oca_0.7,23.3,61.01,0.382,389.61
25,10,45,20,6m,3f_rev_oca_gp,28.42,74.44,0.382,566.67
0,15,40,45,12m-1m,2f_rev_oca_0.7,21.01,55.13,0.381,324.79
20,0,60,20,12m-1m,2f_rev_oca_0.7,28.25,74.06,0.381,559.75
10,0,55,35,12m-1m,2f_rev_oca_0.7,22.72,59.58,0.381,372.33
5,15,40,40,12m-1m,2f_rev_oca_0.7,19.42,50.95,0.381,284.07
5,0,70,25,6m-1m,3f_rev_oca_gp,25.69,67.62,0.38,466.26
0,15,55,30,12m,3f_rev_oca_gp,24.19,63.96,0.378,417.07
0,15,45,40,12m-1m,3f_rev_oca_gp,20.37,53.94,0.378,307.95
0,10,55,35,6m-1m,2f_rev_oca_0.7,20.68,54.72,0.378,316.07
0,10,65,25,12m-1m,2f_rev_oca_0.7,23.47,62.01,0.378,394.56
5,0,50,45,12m-1m,2f_rev_oca_0.7,22.7,60.24,0.377,371.84
25,0,55,20,12m,3f_rev_oca_gp,27.27,72.25,0.377,522.68
5,15,55,25,6m-1m,3f_rev_oca_gp,24.8,65.7,0.377,436.65
0,10,70,20,6m-1m,3f_rev_oca_gp,26.62,70.87,0.376,498.73
25,0,55,20,6m,2f_rev_oca_0.7,27.36,72.68,0.376,525.9
20,0,45,35,12m-1m,2f_rev_oca_0.7,22.77,60.74,0.375,373.93
25,5,45,25,6m-1m,3f_rev_oca_gp,27.32,72.78,0.375,524.53
0,10,45,45,6m-1m,3f_rev_oca_gp,21.66,57.88,0.374,342.33
15,0,65,20,6m-1m,3f_rev_oca_gp,25.12,67.21,0.374,447.2
10,15,55,20,12m-1m,2f_rev_oca_0.7,27.49,73.51,0.374,530.58
30,5,45,20,12m-1m,3f_rev_oca_gp,27.17,72.74,0.374,518.95
0,5,50,45,12m-1m,3f_rev_oca_gp,24.21,64.92,0.373,417.66
5,15,55,25,12m-1m,3f_rev_oca_gp,26.46,71.1,0.372,493.14
5,5,60,30,12m-1m,2f_rev_oca_0.7,21.04,56.57,0.372,325.5
20,15,45,20,12m,3f_rev_oca_gp,25.53,68.63,0.372,460.85
20,15,45,20,6m,2f_rev_oca_0.7,27.88,74.9,0.372,545.58
5,0,55,40,12m-1m,2f_rev_oca_0.7,20.74,55.97,0.371,317.59
5,5,50,40,12m-1m,3f_rev_oca_gp,21.97,59.29,0.371,350.92
10,10,60,20,6m,3f_rev_oca_gp,25.54,68.97,0.37,461.07
0,10,45,45,12m-1m,2f_rev_oca_0.7,20.69,56.08,0.369,316.15
15,5,45,35,12m-1m,2f_rev_oca_0.7,22.81,61.92,0.368,374.94
10,0,50,40,6m-1m,2f_rev_oca_0.7,21.09,57.33,0.368,326.75
5,15,60,20,12m,2f_rev_oca_0.7,27.13,73.73,0.368,517.48
25,5,50,20,12m,3f_rev_oca_gp,25.64,69.82,0.367,464.72
15,15,50,20,6m,2f_rev_oca_0.7,27.05,74.15,0.365,514.3
0,5,55,40,6m-1m,3f_rev_oca_gp,19.27,52.8,0.365,280.43
10,10,60,20,6m,2f_rev_oca_0.7,27.63,76.0,0.364,535.89
20,5,55,20,6m,3f_rev_oca_gp,25.73,70.67,0.364,467.77
5,10,55,30,12m,3f_rev_oca_gp,20.88,57.6,0.363,321.3
15,10,55,20,6m,2f_rev_oca_0.7,27.02,74.85,0.361,513.22
0,0,60,40,6m-1m,2f_rev_oca_0.7,19.81,54.94,0.361,293.72
20,15,45,20,6m,3f_rev_oca_gp,27.35,75.97,0.36,525.54
15,5,55,25,6m-1m,3f_rev_oca_gp,24.52,68.13,0.36,427.65
5,10,55,30,12m-1m,2f_rev_oca_0.7,20.52,56.97,0.36,311.75
10,15,55,20,6m,3f_rev_oca_gp,25.53,71.19,0.359,460.85
5,10,50,35,12m-1m,2f_rev_oca_0.7,20.25,56.6,0.358,304.84
10,10,55,25,12m,2f_rev_oca_0.7,23.25,64.92,0.358,387.91
15,5,60,20,12m-1m,2f_rev_oca_0.7,28.29,79.07,0.358,561.24
10,5,65,20,6m-1m,3f_rev_oca_gp,26.25,74.02,0.355,485.86
5,0,65,30,12m,3f_rev_oca_gp,23.49,66.32,0.354,395.38
5,10,65,20,12m,2f_rev_oca_0.7,21.47,60.66,0.354,337.11
5,15,55,25,6m,2f_rev_oca_0.7,20.1,56.73,0.354,301.12
5,15,45,35,12m-1m,2f_rev_oca_0.7,20.68,58.68,0.353,316.09
5,10,50,35,12m,2f_rev_oca_0.7,19.88,56.46,0.352,295.56
15,10,55,20,12m-1m,3f_rev_oca_gp,27.01,77.15,0.35,513.02
10,5,60,25,12m-1m,2f_rev_oca_0.7,22.55,64.62,0.349,367.43
5,0,65,30,6m,3f_rev_oca_gp,22.19,63.58,0.349,357.02
10,0,65,25,6m,2f_rev_oca_0.7,22.48,64.68,0.348,365.41
0,0,55,45,6m-1m,3f_rev_oca_gp,21.7,62.55,0.347,343.47
10,15,30,45,12m-1m,3f_rev_oca_gp,20.8,60.17,0.346,319.21
0,5,60,35,6m-1m,3f_rev_oca_gp,19.91,58.03,0.343,296.24
0,0,60,40,12m-1m,3f_rev_oca_gp,20.79,60.61,0.343,318.75
0,5,70,25,6m,2f_rev_oca_0.7,21.95,64.2,0.342,350.29
10,10,45,35,6m-1m,2f_rev_oca_0.7,22.05,64.69,0.341,353.17
15,5,60,20,6m-1m,3f_rev_oca_gp,22.87,67.11,0.341,376.85
20,5,45,30,6m,3f_rev_oca_gp,23.21,68.35,0.34,386.84
0,10,55,35,12m,3f_rev_oca_gp,20.41,60.22,0.339,308.88
0,0,65,35,12m-1m,2f_rev_oca_0.7,21.33,63.01,0.339,333.31
20,0,60,20,6m-1m,3f_rev_oca_gp,24.41,72.21,0.338,423.9
20,5,55,20,12m-1m,3f_rev_oca_gp,24.28,72.07,0.337,419.97
5,5,65,25,12m,2f_rev_oca_0.7,20.95,62.19,0.337,323.16
10,0,65,25,12m-1m,2f_rev_oca_0.7,21.23,63.09,0.337,330.68
0,10,45,45,6m-1m,2f_rev_oca_0.7,21.5,63.96,0.336,337.84
5,10,50,35,12m-1m,3f_rev_oca_gp,19.74,58.65,0.336,291.9
5,15,55,25,12m,2f_rev_oca_0.7,20.02,59.71,0.335,298.94
20,0,60,20,6m-1m,2f_rev_oca_0.7,23.11,69.12,0.334,383.94
0,5,65,30,6m,3f_rev_oca_gp,19.77,59.22,0.334,292.87
10,5,60,25,6m,3f_rev_oca_gp,22.62,67.85,0.333,369.56
0,5,70,25,12m,3f_rev_oca_gp,21.24,63.78,0.333,330.72
5,15,45,35,12m,3f_rev_oca_gp,20.45,61.82,0.331,310.12
25,0,55,20,6m-1m,3f_rev_oca_gp,25.01,75.82,0.33,443.4
0,10,70,20,12m-1m,2f_rev_oca_0.7,21.85,66.43,0.329,347.63
0,10,50,40,6m-1m,2f_rev_oca_0.7,19.77,60.04,0.329,292.74
5,15,40,40,6m-1m,2f_rev_oca_0.7,20.78,63.37,0.328,318.68
0,15,60,25,6m,2f_rev_oca_0.7,21.26,64.84,0.328,331.28
15,0,45,40,6m-1m,2f_rev_oca_0.7,19.99,61.11,0.327,298.17
20,0,45,35,6m,2f_rev_oca_0.7,19.22,59.09,0.325,279.37
0,0,70,30,12m-1m,3f_rev_oca_gp,22.3,68.52,0.325,360.15
10,15,55,20,6m-1m,2f_rev_oca_0.7,24.2,74.49,0.325,417.24
10,0,60,30,12m,3f_rev_oca_gp,19.07,58.89,0.324,275.8
5,10,45,40,12m-1m,3f_rev_oca_gp,18.52,57.09,0.324,262.67
0,0,65,35,6m-1m,3f_rev_oca_gp,20.01,62.13,0.322,298.81
10,10,45,35,12m,3f_rev_oca_gp,19.11,59.7,0.32,276.59
0,15,50,35,6m-1m,2f_rev_oca_0.7,19.97,62.98,0.317,297.72
0,15,40,45,12m-1m,3f_rev_oca_gp,18.67,58.9,0.317,266.12
25,10,20,45,6m,2f_rev_oca_0.7,16.32,51.51,0.317,214.62
5,0,70,25,12m,3f_rev_oca_gp,20.48,65.03,0.315,310.81
25,10,45,20,12m,3f_rev_oca_gp,23.81,76.19,0.313,405.27
5,15,45,35,6m-1m,2f_rev_oca_0.7,19.76,63.54,0.311,292.62
20,10,50,20,6m,3f_rev_oca_gp,24.0,77.25,0.311,411.14
10,5,65,20,6m,2f_rev_oca_0.7,20.76,66.65,0.311,317.94
10,5,65,20,6m-1m,2f_rev_oca_0.7,24.21,78.69,0.308,417.64
5,10,65,20,6m-1m,3f_rev_oca_gp,22.82,73.99,0.308,375.15
0,15,45,40,6m-1m,2f_rev_oca_0.7,19.41,63.05,0.308,283.85
20,5,55,20,12m,3f_rev_oca_gp,23.56,76.37,0.308,397.32
0,10,50,40,12m-1m,3f_rev_oca_gp,18.46,60.15,0.307,261.27
0,15,65,20,12m-1m,3f_rev_oca_gp,22.6,73.78,0.306,369.0
15,10,55,20,6m,3f_rev_oca_gp,22.65,74.07,0.306,370.29
5,0,55,40,6m-1m,2f_rev_oca_0.7,17.15,55.96,0.306,232.14
15,0,60,25,12m-1m,2f_rev_oca_0.7,20.27,66.49,0.305,305.48
5,10,65,20,6m,3f_rev_oca_gp,23.07,75.88,0.304,382.54
10,0,70,20,6m,2f_rev_oca_0.7,20.46,67.22,0.304,310.22
5,5,55,35,12m-1m,2f_rev_oca_0.7,17.22,56.91,0.303,233.65
20,0,40,40,6m,2f_rev_oca_0.7,17.1,56.62,0.302,230.97
5,0,60,35,12m-1m,3f_rev_oca_gp,18.71,62.04,0.302,267.1
15,15,50,20,6m-1m,2f_rev_oca_0.7,22.99,76.61,0.3,380.15
0,0,55,45,6m-1m,2f_rev_oca_0.7,18.05,60.16,0.3,251.95
15,10,40,35,12m-1m,2f_rev_oca_0.7,20.79,69.23,0.3,318.92
0,15,60,25,12m,2f_rev_oca_0.7,18.16,60.46,0.3,254.56
5,0,70,25,6m,2f_rev_oca_0.7,20.95,70.05,0.299,323.12
10,0,60,30,6m-1m,2f_rev_oca_0.7,16.19,54.3,0.298,211.93
20,5,55,20,6m-1m,3f_rev_oca_gp,21.37,72.47,0.295,334.25
0,0,65,35,6m-1m,2f_rev_oca_0.7,16.01,54.22,0.295,208.47
5,0,55,40,12m-1m,3f_rev_oca_gp,17.45,59.57,0.293,238.6
10,15,40,35,12m-1m,2f_rev_oca_0.7,18.69,64.22,0.291,266.72
10,5,50,35,12m-1m,2f_rev_oca_0.7,16.87,58.59,0.288,226.15
15,0,65,20,6m-1m,2f_rev_oca_0.7,20.81,72.22,0.288,319.35
10,10,60,20,6m-1m,3f_rev_oca_gp,21.31,73.89,0.288,332.76
10,15,55,20,6m-1m,3f_rev_oca_gp,21.53,75.05,0.287,338.62
0,5,60,35,12m-1m,2f_rev_oca_0.7,18.56,64.81,0.286,263.67
5,15,40,40,12m-1m,3f_rev_oca_gp,16.58,57.98,0.286,220.01
5,0,70,25,6m-1m,2f_rev_oca_0.7,16.85,59.4,0.284,225.68
0,10,65,25,6m,2f_rev_oca_0.7,18.03,63.57,0.284,251.42
0,15,60,25,6m,3f_rev_oca_gp,20.33,72.12,0.282,307.04
5,5,70,20,6m-1m,3f_rev_oca_gp,20.99,74.92,0.28,324.19
0,0,70,30,6m-1m,2f_rev_oca_0.7,18.03,64.42,0.28,251.43
0,10,60,30,12m,3f_rev_oca_gp,18.41,66.29,0.278,260.08
0,15,65,20,6m-1m,3f_rev_oca_gp,21.35,76.86,0.278,333.75
25,5,50,20,6m-1m,3f_rev_oca_gp,20.66,74.32,0.278,315.38
25,5,45,25,6m,2f_rev_oca_0.7,20.65,74.83,0.276,315.18
5,10,45,40,12m-1m,2f_rev_oca_0.7,15.37,55.7,0.276,195.64
5,0,55,40,6m-1m,3f_rev_oca_gp,17.34,62.9,0.276,236.14
0,10,55,35,12m-1m,3f_rev_oca_gp,16.49,60.38,0.273,218.12
25,10,45,20,6m-1m,3f_rev_oca_gp,21.76,80.27,0.271,345.07
10,10,60,20,6m-1m,2f_rev_oca_0.7,22.07,81.8,0.27,353.67
5,0,65,30,6m-1m,2f_rev_oca_0.7,16.18,60.26,0.269,211.86
0,15,65,20,6m,3f_rev_oca_gp,20.73,77.04,0.269,317.24
10,10,45,35,12m-1m,2f_rev_oca_0.7,16.34,61.13,0.267,215.01
0,5,65,30,12m,3f_rev_oca_gp,17.02,64.45,0.264,229.42
5,0,65,30,12m-1m,3f_rev_oca_gp,17.89,68.37,0.262,248.25
15,15,50,20,6m-1m,3f_rev_oca_gp,20.01,77.22,0.259,298.68
15,10,55,20,6m-1m,3f_rev_oca_gp,20.0,77.75,0.257,298.65
25,5,50,20,6m,3f_rev_oca_gp,20.09,78.77,0.255,300.82
5,5,55,35,12m-1m,3f_rev_oca_gp,15.2,59.96,0.254,192.46
5,15,60,20,6m,3f_rev_oca_gp,19.19,76.87,0.25,278.55
0,0,60,40,6m-1m,3f_rev_oca_gp,15.0,60.19,0.249,188.61
0,10,65,25,6m-1m,2f_rev_oca_0.7,15.68,63.41,0.247,201.83
0,5,70,25,12m-1m,2f_rev_oca_0.7,16.5,67.13,0.246,218.39
0,0,65,35,12m-1m,3f_rev_oca_gp,16.68,68.15,0.245,222.07
0,10,60,30,6m,3f_rev_oca_gp,14.9,61.4,0.243,186.63
5,5,60,30,6m-1m,2f_rev_oca_0.7,14.21,58.59,0.243,173.9
0,5,65,30,12m-1m,3f_rev_oca_gp,16.32,68.07,0.24,214.64
0,15,55,30,6m-1m,2f_rev_oca_0.7,14.79,61.97,0.239,184.54
10,5,65,20,12m-1m,2f_rev_oca_0.7,17.28,73.08,0.236,234.87
0,0,70,30,6m-1m,3f_rev_oca_gp,14.47,62.7,0.231,178.67
0,10,70,20,6m,2f_rev_oca_0.7,15.64,67.86,0.23,201.01
0,15,60,25,12m-1m,2f_rev_oca_0.7,14.58,65.14,0.224,180.72
0,10,60,30,6m-1m,2f_rev_oca_0.7,13.57,62.89,0.216,162.46
5,5,70,20,12m,2f_rev_oca_0.7,15.67,73.36,0.214,201.51
15,0,65,20,12m,2f_rev_oca_0.7,14.8,70.38,0.21,184.81
0,5,65,30,6m-1m,2f_rev_oca_0.7,12.74,61.23,0.208,148.25
5,5,70,20,12m-1m,2f_rev_oca_0.7,14.81,73.06,0.203,184.95
5,10,65,20,12m-1m,2f_rev_oca_0.7,14.91,74.12,0.201,186.88
0,15,65,20,6m-1m,2f_rev_oca_0.7,14.5,73.33,0.198,179.18
10,5,65,20,12m,2f_rev_oca_0.7,14.28,72.34,0.197,175.16
5,5,60,30,12m,3f_rev_oca_gp,12.75,65.57,0.194,148.46
0,5,70,25,6m-1m,2f_rev_oca_0.7,13.65,70.72,0.193,163.96
0,10,70,20,12m,2f_rev_oca_0.7,13.5,71.01,0.19,161.18
0,15,65,20,6m,2f_rev_oca_0.7,13.76,73.75,0.187,165.88
5,5,65,25,6m-1m,2f_rev_oca_0.7,12.12,67.39,0.18,138.07
5,10,65,20,6m,2f_rev_oca_0.7,13.59,75.75,0.179,162.8
5,5,70,20,6m-1m,2f_rev_oca_0.7,12.69,74.12,0.171,147.45
5,10,60,25,6m-1m,2f_rev_oca_0.7,11.45,67.09,0.171,127.45
0,10,70,20,6m-1m,2f_rev_oca_0.7,12.26,72.33,0.17,140.44
0,5,60,35,12m-1m,3f_rev_oca_gp,11.05,65.66,0.168,121.45
0,15,60,25,6m-1m,2f_rev_oca_0.7,9.81,69.64,0.141,103.37
10,0,70,20,12m-1m,2f_rev_oca_0.7,10.72,76.26,0.141,116.46
0,10,60,30,12m-1m,3f_rev_oca_gp,9.71,71.2,0.136,101.93
0,15,65,20,12m-1m,2f_rev_oca_0.7,9.92,76.94,0.129,104.91
25,0,55,20,6m,3f_rev_oca_gp,10.48,85.74,0.122,112.99
15,0,65,20,12m-1m,2f_rev_oca_0.7,8.98,76.42,0.118,91.95
10,0,70,20,6m-1m,2f_rev_oca_0.7,8.2,77.23,0.106,81.78
10,0,65,25,6m-1m,2f_rev_oca_0.7,6.53,71.45,0.091,61.56
0,15,65,20,12m,2f_rev_oca_0.7,6.78,78.51,0.086,64.45
