날짜,종가
2015-01-05,-0.0021651211242289525
2015-01-06,-0.017727012200114522
2015-01-07,0.0025007293794023777
2015-01-08,0.01417702573483548
2015-01-09,0.008649667951135642
2015-01-12,-0.0014224751066856944
2015-01-13,0.0024013024013023188
2015-01-14,-0.00121807625157333
2015-01-15,-0.0009349973576162629
2015-01-16,-0.014404296875
2015-01-19,0.010568904301874404
2015-01-20,0.010049840673257648
2015-01-21,0.005460281507846609
2015-01-22,-0.0004827225552114234
2015-01-23,0.007445566869239695
2015-01-26,-0.0007190795781399917
2015-01-27,0.00823538818261782
2015-01-28,3.965107057890549e-05
2015-01-29,-0.006938662225922876
2015-01-30,-0.0023157390401661315
2015-02-02,0.0029214022730912337
2015-02-03,-0.0009177606639799718
2015-02-04,0.004872593657640367
2015-02-05,-0.007233704292527787
2015-02-06,0.00152133877812477
2015-02-09,-0.0035976974736169343
2015-02-10,-0.0064190002407125135
2015-02-11,0.0029879673746264768
2015-02-12,-0.002777777777777768
2015-02-13,0.008275806386500273
2015-02-16,0.00020019218449718323
2015-02-17,0.0022417036948081392
2015-02-23,0.001717458161920371
2015-02-24,0.00191387559808609
2015-02-25,0.006685768863419428
2015-02-26,-0.00011859582542694813
2015-02-27,-0.005811884711184878
2015-03-02,0.008709138630398572
2015-03-03,0.0033510743150009237
2015-03-04,-0.0007465618860510448
2015-03-05,-0.0005898313082458584
2015-03-06,0.007082152974504208
2015-03-09,-0.012462884825753973
2015-03-10,-0.004035288997903286
2015-03-11,0.0016285998013902958
2015-03-12,-0.007455583756345141
2015-03-13,0.0075914975227744375
2015-03-16,0.001031009596319965
2015-03-17,0.022738076374584137
2015-03-18,0.0001549306685260099
2015-03-19,0.002981953373092594
2015-03-20,-0.0011197343526777592
2015-03-23,0.0009663703131039814
2015-03-24,0.0008109673682179519
2015-03-25,-0.0008488964346350381
2015-03-26,-0.011392600602456171
2015-03-27,-0.0017578811672331884
2015-03-30,0.002191437739688551
2015-03-31,0.0046075751659506725
2015-04-01,-0.008978544776119257
2015-04-02,7.844060085493432e-05
2015-04-03,0.0069022314600573065
2015-04-06,0.000701071080817961
2015-04-07,-0.0001946055345813935
2015-04-08,0.006345375272500675
2015-04-09,-0.0006962980155507115
2015-04-10,0.014013084039794066
2015-04-13,0.005840809314754836
2015-04-14,0.007932290875967807
2015-04-15,0.0007530971118725471
2015-04-16,0.010083907137750758
2015-04-17,-0.0006332650400447948
2015-04-20,0.0010064112121666025
2015-04-21,-0.0014150065164774128
2015-04-22,0.0017526196069657107
2015-04-23,0.014703692674210789
2015-04-24,-0.005649510253494139
2015-04-27,-0.0036893562073417874
2015-04-28,-0.005554526939455684
2015-04-29,-0.0019363247067586409
2015-04-30,-0.006006790284669439
2015-05-04,0.0034156594850234256
2015-05-06,-0.012344293569745313
2015-05-07,-0.00590841949778409
2015-05-08,-0.006324532327504184
2015-05-11,0.0026072619914880857
2015-05-12,-0.00026769666144021986
2015-05-13,0.0070002295157216565
2015-05-14,0.0016714150047483223
2015-05-15,-0.008949903295536465
2015-05-18,0.0024490108292198887
2015-05-19,0.003626369431614318
2015-05-20,0.009280389472082762
2015-05-21,-0.010174856798311649
2015-05-22,0.012830274880072823
2015-05-26,-0.0023305642220800005
2015-05-27,-0.019780716627105233
2015-05-28,-0.00038437884378850207
2015-05-29,0.0012689379373989063
2015-06-01,-0.006336648872844464
2015-06-02,-0.00946896498415395
2015-06-03,-0.00850598930898594
2015-06-04,0.005352012907795745
2015-06-05,-0.0020746075860179625
2015-06-08,-0.00286341884364949
2015-06-09,-0.0027536288895009253
2015-06-10,-0.005522464597057186
2015-06-11,0.000832969735432787
2015-06-12,-0.002615726062143331
2015-06-15,-0.0036557259794961494
2015-06-16,-0.008973438621679874
2015-06-17,0.0023743410197594184
2015-06-18,0.0023687168781112433
2015-06-19,0.0006808987863982097
2015-06-22,0.004602945885366694
2015-06-23,0.014064305350810713
2015-06-24,0.0016501650165015036
2015-06-25,-0.004471640385973141
2015-06-26,0.0026792750197004445
2015-06-29,-0.012653253693806987
2015-06-30,0.004019740507840597
2015-07-01,0.011099219090656698
2015-07-02,0.0016858117379543458
2015-07-03,-0.0032876712328767654
2015-07-06,-0.024974475771617044
2015-07-07,-0.001006846556584784
2015-07-08,-0.01253779479943562
2015-07-09,0.007471217441006095
2015-07-10,0.0002431413867163279
2015-07-13,0.012194627881537912
2015-07-14,-0.004803073967339144
2015-07-15,0.004062097812097987
2015-07-16,0.0072902062888042796
2015-07-17,-0.004931005686563017
2015-07-20,-0.005275146864884284
2015-07-21,0.005785223574786169
2015-07-22,-0.00986618733772715
2015-07-23,-0.0022994997579474097
2015-07-24,-0.009704419554405375
2015-07-27,0.0002858192805519355
2015-07-28,0.0009388521511961567
2015-07-29,0.00309938420129674
2015-07-30,-0.009594666016180753
2015-07-31,0.002832396042855345
2015-08-03,-0.01154318460908732
2015-08-04,0.008572138479377323
2015-08-05,-0.001765551221515116
2015-08-06,-0.012668641000329162
2015-08-07,-0.0010414930844858672
2015-08-10,-0.0025438925726677386
2015-08-11,-0.005309808512417469
2015-08-12,-0.002816190996595247
2015-08-13,0.0003372112628561297
2015-08-17,-0.008216753750210692
2015-08-18,-0.0007222670688703525
2015-08-19,-0.003954081632652984
2015-08-20,-0.011439791693345303
2015-08-21,-0.019214992011744925
2015-08-24,-0.024698423879545572
2015-08-25,0.006951654403466678
2015-08-26,0.020800645537275342
2015-08-27,0.005401607307540246
2015-08-28,0.014894732244256081
2015-08-31,0.001936733376372013
2015-09-01,-0.013960481099656308
2015-09-02,0.0015682857765191294
2015-09-03,0.0021312687573398215
2015-09-04,-0.01085069444444442
2015-09-07,-0.0025888547608600154
2015-09-08,0.0019796753332452788
2015-09-09,0.029153494906919653
2015-09-10,0.011860068259385681
2015-09-11,-0.014503752424319116
2015-09-14,-0.002909215367502327
2015-09-15,0.002274092508366854
2015-09-16,0.022218416884284498
2015-09-17,0.0021358572744785143
2015-09-18,0.00764762422165588
2015-09-21,-0.018248175182481785
2015-09-22,0.008279824264954438
2015-09-23,-0.0185185185185186
2015-09-24,0.0
2015-09-25,-0.002006317766584109
2015-09-30,0.012489841310577843
2015-10-01,0.008068945122724047
2015-10-02,-0.006160422428966528
2015-10-05,0.003499894581488361
2015-10-06,0.009244474325573737
2015-10-07,0.013906236988924903
2015-10-08,0.010266097240473115
2015-10-12,0.0019104137874970117
2015-10-13,-0.0018256318714755526
2015-10-14,-0.004470817753210787
2015-10-15,0.012043765820200836
2015-10-16,-0.002097704627052277
2015-10-19,0.00040425273881217194
2015-10-20,0.004283347476461863
2015-10-21,0.0028970345632317596
2015-10-22,-0.008144433299899667
2015-10-23,0.008858506593317772
2015-10-26,0.00380898921454631
2015-10-27,-0.0012781594503915583
2015-10-28,-0.0009998400255959439
2015-10-29,-0.0034428920293045895
2015-10-30,0.0019282529225082001
2015-11-02,0.004771260174010639
2015-11-03,0.006065442936951326
2015-11-04,0.0008329366968111707
2015-11-05,-0.0021400546902866635
2015-11-06,-0.006116207951070263
2015-11-09,-0.004155844155844135
2015-11-10,-0.013442478231210586
2015-11-11,0.0
2015-11-12,-0.0029284958919711945
2015-11-13,-0.009912702945255703
2015-11-16,-0.01582135058300027
2015-11-17,0.010005442290785815
2015-11-18,0.0007460830639145488
2015-11-19,0.013875082836315444
2015-11-20,4.085134196674112e-05
2015-11-23,0.004575163398692794
2015-11-24,0.006465517241379226
2015-11-25,-0.00375742394246692
2015-11-26,0.011558115013382997
2015-11-27,-0.0014432907028024689
2015-11-30,-0.01939213875617285
2015-12-01,0.01826072715361926
2015-12-02,-0.008443908323281013
2015-12-03,-0.007785888077858849
2015-12-04,-0.010340035965342498
2015-12-07,-0.006070617385917854
2015-12-08,-0.00602459697523694
2015-12-09,0.0007106132174059532
2015-12-10,0.005012531328320691
2015-12-11,-0.0010390689941811582
2015-12-14,-0.009070106095277697
2015-12-15,0.0026451694168032613
2015-12-16,0.019639865996649908
2015-12-17,0.0027927224937367434
2015-12-18,-0.004791743457427167
2015-12-21,0.0031275720164609666
2015-12-22,0.007056120774532326
2015-12-23,0.0042773342023789684
2015-12-24,-0.00486756175718972
2015-12-28,-0.014429543879672324
2015-12-29,-0.0023574175937797204
2015-12-30,-0.0034822983168891763
2016-01-04,-0.02392045927281805
2016-01-05,0.006393044367727807
2016-01-06,-0.006479481641468721
2016-01-07,-0.011381074168797856
2016-01-08,0.007545380071573238
2016-01-11,-0.01219616569667914
2016-01-12,-0.0012130139063379897
2016-01-13,0.012882238126219914
2016-01-14,-0.009164097293593798
2016-01-15,-0.011236926268476055
2016-01-18,-0.0008304921758894857
2016-01-19,0.006518220394593044
2016-01-20,-0.024078581363004226
2016-01-21,-0.003251091119622296
2016-01-22,0.02225101648719896
2016-01-25,0.006206564972245365
2016-01-26,-0.013118457060944388
2016-01-27,0.016594040230643925
2016-01-28,0.0023813647384827163
2016-01-29,0.002548486026521468
2016-02-01,0.006764325721671627
2016-02-02,-0.010998416570377034
2016-02-03,-0.009216789268714831
2016-02-04,0.01720749443158498
2016-02-05,0.0016744665321368757
2016-02-11,-0.028289755679382855
2016-02-12,-0.007587119541243914
2016-02-15,0.015201351231220572
2016-02-16,0.013660245183887865
2016-02-17,0.0018140981340704077
2016-02-18,0.012072087608864468
2016-02-19,0.0022578171594103136
2016-02-22,-0.0013601394142900292
2016-02-23,0.0003404979782932749
2016-02-24,-0.0005105731183253637
2016-02-25,0.0019581967562045666
2016-02-26,-0.0006372944725325791
2016-02-29,-0.002508290111385092
2016-03-02,0.01704811831394104
2016-03-03,0.006118258391652365
2016-03-04,-0.001457786663334515
2016-03-07,0.0019604571619253885
2016-03-08,-0.00736855251654811
2016-03-09,0.0028938097634625404
2016-03-10,0.009618199305816866
2016-03-11,0.0022366731557801334
2016-03-14,0.0007438938711410437
2016-03-15,-0.0013214949411521903
2016-03-16,0.002150270851424496
2016-03-17,0.007179698782752153
2016-03-18,0.002212298742267249
2016-03-21,-0.001430732126067924
2016-03-22,0.004625839200916859
2016-03-23,-0.0007334664439102578
2016-03-24,-0.004689475186559489
2016-03-25,-0.0011881350376926614
2016-03-28,0.0006563025554779944
2016-03-29,0.006476737036277935
2016-03-30,0.004113550278988187
2016-03-31,-0.0027581731159243006
2016-04-01,-0.014235743919303712
2016-04-04,0.0028470044561808017
2016-04-05,-0.010162518000411458
2016-04-06,0.005860836312245432
2016-04-07,0.0012397206496135293
2016-04-08,-0.002146188451855102
2016-04-11,0.0011994871158538256
2016-04-12,0.00681649177889776
2016-04-14,0.02125477001354059
2016-04-15,-0.001446422114186885
2016-04-18,-0.002132539331267891
2016-04-19,-0.0004838709677419395
2016-04-20,-0.0025012102630305177
2016-04-21,0.008614413977189983
2016-04-22,-0.004290468743734732
2016-04-25,-0.0007651417525773585
2016-04-26,0.003183814935719065
2016-04-27,-0.0009239916439016671
2016-04-28,-0.009730990389641647
2016-04-29,-0.004344824785804335
2016-05-02,-0.007055464926590482
2016-05-03,0.0033679714133156846
2016-05-04,-0.004011625527037488
2016-05-09,-0.004438781800994662
2016-05-10,0.005986046319613747
2016-05-11,-0.0025032829940906387
2016-05-12,-0.0030032500925658567
2016-05-13,-0.007179995048279264
2016-05-16,0.0009143807148794814
2016-05-17,0.0008720205962959859
2016-05-18,-0.0050201219765174665
2016-05-19,-0.0032524393294971476
2016-05-20,-0.0012550200803211897
2016-05-23,0.004649409399346549
2016-05-24,-0.009172399416301769
2016-05-25,0.01371765200925723
2016-05-26,-0.0013698061516748128
2016-05-27,0.005278909302518731
2016-05-30,-0.0004961753152781245
2016-05-31,0.007860009101063214
2016-06-01,-0.00020522924106214369
2016-06-02,0.002463256424993787
2016-06-03,0.0008600212957652342
2016-06-07,0.014157698760178361
2016-06-08,0.008835989509784037
2016-06-09,0.0005999040153574775
2016-06-10,-0.004916263639633822
2016-06-13,-0.01972204370179942
2016-06-14,-0.002868264699856682
2016-06-15,-0.0002054653790835026
2016-06-16,-0.006946157007809317
2016-06-17,8.277803071066181e-05
2016-06-20,0.01465049869635382
2016-06-21,0.0006933964188116093
2016-06-22,0.005747126436781658
2016-06-23,-0.0017831813576494326
2016-06-24,-0.028825463846372412
2016-06-27,0.00029262990677647593
2016-06-28,0.0033433634236041954
2016-06-29,0.009330223258913639
2016-06-30,0.00751072961373378
2016-07-01,0.009748504956172743
2016-07-04,0.004462112607496405
2016-07-05,-0.0028672966642436792
2016-07-06,-0.020452796565550102
2016-07-07,0.01132886794013066
2016-07-08,-0.004783319705641831
2016-07-11,0.01462432732202279
2016-07-12,0.0006073120369245455
2016-07-13,0.008537670955733656
2016-07-14,0.0022066198595787068
2016-07-15,0.004883907125700526
2016-07-18,0.0019918731575172544
2016-07-19,-0.0021867048346055906
2016-07-20,-0.0012352073953062481
2016-07-21,-0.0008776829170988876
2016-07-22,-0.0015971889474525325
2016-07-25,0.0024396096624541563
2016-07-26,0.008258527827648132
2016-07-27,3.956948401384608e-05
2016-07-28,-0.00344240889486791
2016-07-29,-0.0015087747161122156
2016-08-01,0.00926515031016395
2016-08-02,-0.0074071155588826265
2016-08-03,-0.0130194895407455
2016-08-04,0.0023728131912326145
2016-08-05,0.012518054886855978
2016-08-08,0.006934537961642118
2016-08-09,0.006847428279091572
2016-08-10,-0.0016415868673049783
2016-08-11,0.0029362251888971347
2016-08-12,-3.903505347802039e-05
2016-08-16,-7.807315454599895e-05
2016-08-17,-0.00042943587741539613
2016-08-18,0.008084674269645431
2016-08-19,0.002247103947929041
2016-08-22,-0.005489195562256022
2016-08-23,0.004470012049597738
2016-08-24,-0.004334029873848788
2016-08-25,-0.00015546055188508934
2016-08-26,-0.004003731633366869
2016-08-29,0.0010147133434803557
2016-08-30,0.0038987874770946007
2016-08-31,-0.0024078604994368646
2016-09-01,-0.003270136644995647
2016-09-02,0.0018357223762841546
2016-09-05,0.012241715399610165
2016-09-06,0.0049684178092743725
2016-09-07,-0.0023761161997470914
2016-09-08,0.002112865429680033
2016-09-09,-0.013608832323851905
2016-09-12,-0.026349539466013816
2016-09-13,0.004949507045064472
2016-09-19,0.008579258847360771
2016-09-20,0.004568188083329927
2016-09-21,0.005605864596808896
2016-09-22,0.007094963355683825
2016-09-23,0.00011612603545718692
2016-09-26,-0.0034446723690830794
2016-09-27,0.008117135311480395
2016-09-28,-0.005239434449281544
2016-09-29,0.008287827737113451
2016-09-30,-0.010985212214326912
2016-10-04,0.006563361683948887
2016-10-05,-0.0007330812562698075
2016-10-06,0.008262867292173404
2016-10-07,-0.0040975759200397865
2016-10-10,0.0009613166192417033
2016-10-11,-0.015980945795397883
2016-10-12,0.00019519812609813947
2016-10-13,-0.008860265417642399
2016-10-14,0.004568188083329927
2016-10-17,0.004312203536006809
2016-10-18,0.006987001834575901
2016-10-19,0.0008915419799981894
2016-10-20,0.0007745633399172114
2016-10-21,-0.00445029217135573
2016-10-24,0.008629402161237865
2016-10-25,-0.003507014028056199
2016-10-26,-0.011795645279808142
2016-10-27,0.004461490294301873
2016-10-28,-0.0005065066625109527
2016-10-31,-0.002338907730089934
2016-11-01,0.00023443910444265192
2016-11-02,-0.012344232196570215
2016-11-03,0.0002768658782581479
2016-11-04,-0.0013048635824437493
2016-11-07,0.008037375777012246
2016-11-08,0.0025923016496465223
2016-11-09,-0.02189923999059784
2016-11-10,0.02258981856050002
2016-11-11,-0.013003799302808372
2016-11-14,-0.007857454660899266
2016-11-15,-0.003239870405183809
2016-11-16,0.004494382022471877
2016-11-17,0.0005592841163311046
2016-11-18,-0.0009981633793819666
2016-11-21,-0.0027976499740218763
2016-11-22,0.011462466434211116
2016-11-23,0.005111542576375916
2016-11-24,-0.006425924465820354
2016-11-25,0.0009125897710589026
2016-11-28,0.002774914770474979
2016-11-29,-0.00019765970904495056
2016-11-30,0.005337867225495119
2016-12-01,0.0008652560371273932
2016-12-02,-0.0062873310279786265
2016-12-05,-0.0029262891490035026
2016-12-06,0.013841516617752125
2016-12-07,0.0027774517857841463
2016-12-08,0.022080049933681956
2016-12-09,-0.004160305343511306
2016-12-12,-0.0007282204591622099
2016-12-13,0.003490334458422728
2016-12-14,0.0014142109085348853
2016-12-15,-0.002099236641221469
2016-12-16,0.004245553643144051
2016-12-19,-0.0023994515539305095
2016-12-20,0.002519757187034566
2016-12-21,-0.0018660268860198892
2016-12-22,-0.0004959938954597343
2016-12-23,-0.001374203153032827
2016-12-26,0.001108520316501549
2016-12-27,0.0022527682321498155
2016-12-28,-0.01062897634195592
2016-12-29,0.0011936850211782257
2017-01-02,0.001346102072997235
2017-01-03,0.010024581348901496
2017-01-04,0.0005704072707912733
2017-01-05,-0.004332623897841281
2017-01-06,0.004656844033895657
2017-01-09,0.002051671732522964
2017-01-10,-3.7916129521420316e-05
2017-01-11,0.016759564706328334
2017-01-12,0.0067126608241656616
2017-01-13,-0.007556954991664977
2017-01-16,-0.006569370310925526
2017-01-17,0.004583881269960566
2017-01-18,-0.0010846392639414226
2017-01-19,0.0023214018271680015
2017-01-20,-0.004407919312663489
2017-01-23,0.002251238180999593
2017-01-24,0.0006738544474393926
2017-01-25,0.003179947624391888
2017-01-26,0.008689166511281154
2017-01-31,-0.008836143152913478
2017-02-01,0.005483233242567831
2017-02-02,-0.003969431666419276
2017-02-03,0.0013408320607843915
2017-02-06,0.0023805095778315355
2017-02-07,-0.0019295706705257931
2017-02-08,-0.004647358441461913
2017-02-09,-0.00011205737337527388
2017-02-10,0.0036235944562741373
2017-02-13,0.0005583265093425105
2017-02-14,-0.0033852907257915232
2017-02-15,0.003396789846958015
2017-02-16,0.0004464119638405428
2017-02-17,-0.00033465957684164493
2017-02-20,0.0033105192679663276
2017-02-21,0.008823638453268057
2017-02-22,0.0027194884421741783
2017-02-23,0.00014660069635308304
2017-02-24,-0.009197845285646156
2017-02-27,-0.005214882757600292
2017-02-28,0.004052496560954744
2017-03-02,0.009590461378952808
2017-03-03,-0.010562992847973574
2017-03-06,0.002372391296289633
2017-03-07,0.005399208609148998
2017-03-08,0.0015448559973516574
2017-03-09,-0.0024606118476624417
2017-03-10,0.0024666813931228937
2017-03-13,0.011458371589114558
2017-03-14,0.009004756544787718
2017-03-15,0.0
2017-03-16,0.007988772535895583
2017-03-17,0.0062475456070829605
2017-03-20,-0.003938125310437801
2017-03-21,0.011006233303650914
2017-03-22,-0.004262965050732759
2017-03-23,0.000636875066341247
2017-03-24,-0.0017679714295817384
2017-03-27,-0.006907300485282097
2017-03-28,0.003174489941503822
2017-03-29,0.002168888888888887
2017-03-30,-0.000709572128006819
2017-03-31,-0.003621387488461414
2017-04-03,0.003420752565564511
2017-04-04,-0.0024147727272727515
2017-04-05,-0.000640751815463525
2017-04-06,-0.0045237586378855665
2017-04-07,-0.0016459727341039398
2017-04-10,-0.006451381670907863
2017-04-11,-0.006204682370765768
2017-04-12,0.0026135249918326497
2017-04-13,0.010535462148365538
2017-04-14,-0.006484666093436564
2017-04-17,0.002848797374779277
2017-04-18,0.00046745774901113535
2017-04-19,-0.0062538187830212255
2017-04-20,0.004593294513363988
2017-04-21,0.008244527649769573
2017-04-24,0.0068202106766648285
2017-04-25,0.012235778124556784
2017-04-26,0.004800112119407007
2017-04-27,0.0019527163679475823
2017-04-28,-0.0004524256977795904
2017-05-02,0.008495525921799363
2017-05-04,0.009735888140859794
2017-05-08,0.025267548808424856
2017-05-10,-0.012239044887614292
2017-05-11,0.012019311928154197
2017-05-12,-0.005004170141784781
2017-05-15,0.0020787929589269893
2017-05-16,0.002676749088232455
2017-05-17,-0.001101211332465879
2017-05-18,-0.002906394066947149
2017-05-19,-0.001306663986330392
2017-05-22,0.008554750402576472
2017-05-23,0.002428234041845556
2017-05-24,0.0011614016458718623
2017-05-25,0.0116336879785226
2017-05-26,0.005700805976017076
2017-05-29,-0.0014334115194162278
2017-05-30,-0.006296489625473023
2017-05-31,0.00026264814997212227
2017-06-01,-0.002100633472281621
2017-06-02,0.012498766569088549
2017-06-05,-0.0016242731377708042
2017-06-07,-0.005368821787654854
2017-06-08,0.001864695105993075
2017-06-09,0.010220408163265304
2017-06-12,-0.010149330919904331
2017-06-13,0.005812434691744972
2017-06-14,-0.00022725797026168504
2017-06-15,-0.004091573307355101
2017-06-16,0.0003260621474454606
2017-06-19,0.005932396753479452
2017-06-20,0.002268234989144746
2017-06-21,-0.005787074456047425
2017-06-22,0.006341050988553754
2017-06-23,0.0025527514783338923
2017-06-26,0.005253658222136304
2017-06-27,0.0007374394818686625
2017-06-28,-0.004100986799948858
2017-06-29,0.00553339338566472
2017-06-30,-0.0025595085743537194
2017-07-03,0.0020207852193996345
2017-07-04,-0.006178174717500595
2017-07-05,0.004219545191006979
2017-07-06,0.0003528241973249635
2017-07-07,-0.0039117609336923875
2017-07-10,0.0025751625571361902
2017-07-11,0.006838759391254001
2017-07-12,-3.188877196336204e-05
2017-07-13,0.008833471522418535
2017-07-14,0.003161055792634704
2017-07-17,0.003686781156451824
2017-07-18,0.00040813763656921687
2017-07-19,0.0008159422563942531
2017-07-20,0.005330657552287343
2017-07-21,0.0036804840772277636
2017-07-24,0.0006836756891139828
2017-07-25,-0.005776218129871835
2017-07-26,-0.0021552397313758798
2017-07-27,0.0032867964690415086
2017-07-28,-0.019905775170821483
2017-07-31,0.0014961958424857258
2017-08-01,0.007755880483153232
2017-08-02,0.0020502144839766867
2017-08-03,-0.016997702162485417
2017-08-04,0.003746517659867221
2017-08-07,0.001595099853250792
2017-08-08,-0.001783666709134879
2017-08-09,-0.012380344607530347
2017-08-10,-0.003715430343757986
2017-08-11,-0.0183221454745921
2017-08-14,0.007300475687103569
2017-08-16,0.007313153838585995
2017-08-17,0.006055475973433921
2017-08-18,-0.00203870299656983
2017-08-21,-0.0008106618243133301
2017-08-22,0.0038943337444019566
2017-08-23,0.0011960949117475472
2017-08-24,0.0032934035065061984
2017-08-25,0.0015447494609466261
2017-08-28,-0.005398284116834295
2017-08-29,-0.002875327108842418
2017-08-30,0.0032724209434940033
2017-08-31,-0.0044243500726627305
2017-09-01,-0.001621902166861311
2017-09-04,-0.01166417570992262
2017-09-05,-0.0004273644761497719
2017-09-06,-0.0028941656252055026
2017-09-07,0.012500824592651227
2017-09-08,0.0014985177704660568
2017-09-11,0.007806655173535404
2017-09-12,0.0019042700835942838
2017-09-13,-0.0013530056053089323
2017-09-14,0.008129032258064495
2017-09-15,0.0037437603993344393
2017-09-18,0.016704389684083054
2017-09-19,-0.0013169033957295406
2017-09-20,-9.418856550802435e-05
2017-09-21,-0.0007221803566943574
2017-09-22,-0.004838963079340175
2017-09-25,-0.0009788134255312997
2017-09-26,-0.006668773704171849
2017-09-27,-0.0014954341531707716
2017-09-28,9.559620164445448e-05
2017-09-29,0.007710689819977468
2017-10-10,0.019666740443292197
2017-10-11,0.011256162981797768
2017-10-12,0.00610204832576966
2017-10-13,-0.002316296364024195
2017-10-16,0.001435772109362965
2017-10-17,0.002104813617229029
2017-10-18,-0.0003348452101915589
2017-10-19,-0.00587697929354436
2017-10-20,0.007412625968695297
2017-10-23,0.0017026969503481926
2017-10-24,-0.0014873273637882045
2017-10-25,0.001063959143968951
2017-10-26,-0.0070450335550089616
2017-10-27,0.006850362396403575
2017-10-30,0.0034929988154177583
2017-10-31,0.009655548156668026
2017-11-01,0.015558953143268273
2017-11-02,-0.0036308891250442787
2017-11-03,0.003851509495452321
2017-11-06,-0.00422040551308922
2017-11-07,-0.0018968583283935914
2017-11-08,0.0030882527616107325
2017-11-09,-0.001953818827708731
2017-11-10,-0.003500029661268389
2017-11-13,-0.004851768067627105
2017-11-14,-0.0021236502856458728
2017-11-15,-0.004346262214495522
2017-11-16,0.0065930096035162755
2017-11-17,-0.0005383419069266981
2017-11-20,-0.003770423125261768
2017-11-21,0.001772197524930741
2017-11-22,0.005936853467662262
2017-11-23,-0.0029211004798951334
2017-11-24,0.0027801859436189513
2017-11-27,-0.017618650131171032
2017-11-28,0.004430552605225735
2017-11-29,-0.0009365841868334002
2017-11-30,-0.016420708842385445
2017-12-01,-0.0014450422751730585
2017-12-04,0.012285239238869483
2017-12-05,0.002554977643945744
2017-12-06,-0.015442492642820382
2017-12-07,-0.0028657709848392
2017-12-08,0.0033684600883836513
2017-12-11,0.0012627818159418602
2017-12-12,-0.0031375926666461496
2017-12-13,0.006510938994661597
2017-12-14,-0.004414740327426614
2017-12-15,0.0045882860134260905
2017-12-18,0.001134169144468622
2017-12-19,0.0004898958971217837
2017-12-20,-0.0029685396009302423
2017-12-21,-0.018631633874581777
2017-12-22,0.004660327786813356
2017-12-26,-0.007222689206438093
2017-12-27,0.004264793502461783
2017-12-28,0.014020296643247443
2018-01-02,0.0038800270986019125
2018-01-03,0.0034662576687116697
2018-01-04,-0.0077950661816403866
2018-01-05,0.013525170990202895
2018-01-08,0.00702191689211773
2018-01-09,-0.003109152378652391
2018-01-10,-0.007993943981831952
2018-01-11,-0.005921675162540829
2018-01-12,0.00322412257806981
2018-01-15,0.002050685602350555
2018-01-16,0.008033232536118984
2018-01-17,-0.0025149990909640874
2018-01-18,-0.00018226556092226787
2018-01-19,0.0011849421201348687
2018-01-22,-0.00986283078417094
2018-01-23,0.014282649339504072
2018-01-24,-6.043574169756205e-05
2018-01-25,0.00957964401196687
2018-01-26,0.00389128352490431
2018-01-29,0.007961118730991812
2018-01-30,-0.013755361632894592
2018-01-31,-5.998800239948032e-05
2018-02-01,-5.99916011757573e-05
2018-02-02,-0.019048476121910296
2018-02-05,-0.011375798905232215
2018-02-06,-0.016332085743450242
2018-02-07,-0.02367850067607924
2018-02-08,0.0036717340891523342
2018-02-09,-0.021789358834477968
2018-02-12,0.010825706131286417
2018-02-13,0.008892350631227064
2018-02-14,0.01135522887380569
2018-02-19,0.007029262086514221
2018-02-20,-0.011938978554057122
2018-02-21,0.005242463958060384
2018-02-22,-0.007313893217159029
2018-02-23,0.014863696063042608
2018-02-26,0.0016729269909407929
2018-02-27,-0.0016071090943466926
2018-02-28,-0.012530379067638653
2018-03-02,-0.014415393466726267
2018-03-05,-0.012226366142370826
2018-03-06,0.019305272834723164
2018-03-07,0.0021902982670876092
2018-03-08,0.011698913672301803
2018-03-09,0.00918101531228177
2018-03-12,0.0095382000188875
2018-03-13,0.007109448082319947
2018-03-14,-0.00306520527586851
2018-03-15,0.0023292648840025354
2018-03-16,0.0004337857098593023
2018-03-19,-0.007835728444003931
2018-03-20,0.004495083502419117
2018-03-21,-0.0005904471860530558
2018-03-22,0.00534825870646749
2018-03-23,-0.03371273042187295
2018-03-26,0.007906023942129137
2018-03-27,0.004604782622503079
2018-03-28,-0.014320035404943976
2018-03-29,0.00644623328308902
2018-03-30,0.002517366643298713
2018-04-02,-0.0019389084898764342
2018-04-03,-0.0019745222929936634
2018-04-04,-0.015444508264726431
2018-04-05,0.014584818824139534
2018-04-06,-0.00456810631229243
2018-04-09,0.005904816918584022
2018-04-10,0.0015632477269102996
2018-04-11,-0.003185322036057814
2018-04-12,0.0008947402057903897
2018-04-13,0.005235936402528507
2018-04-16,0.0009845645683796977
2018-04-17,-0.0016816321350383578
2018-04-18,0.012712941774726705
2018-04-19,0.004644740145618886
2018-04-20,-0.006966137698363184
2018-04-23,0.0
2018-04-24,-0.006385856742898377
2018-04-25,-0.005920344456404769
2018-04-26,0.013025892544348494
2018-04-27,0.00855130784708269
2018-04-30,0.008603491271820474
2018-05-02,-0.003183335393744713
2018-05-03,-0.006138963817319154
2018-05-04,-0.01185462486351585
2018-05-08,-0.002778216258879196
2018-05-09,-0.004590496090163598
2018-05-10,0.009191527256535714
2018-05-11,0.0037817906778858656
2018-05-14,-0.0024802988917144164
2018-05-15,-0.008749842628729798
2018-05-16,0.0032704642154062213
2018-05-17,-0.005316960470930776
2018-05-18,0.0034363167774984493
2018-05-21,0.002790373212417041
2018-05-23,0.006513833992094931
2018-05-24,-0.0026075209701234003
2018-05-25,0.0017953886859014556
2018-05-28,0.0029555101399150185
2018-05-29,-0.008746355685131268
2018-05-30,-0.02194813409234664
2018-05-31,0.005367651814007779
2018-06-01,0.007397401260774483
2018-06-04,0.005172083519570769
2018-06-05,0.0029221191716428674
2018-06-07,0.00604889789713714
2018-06-08,-0.008499386155444322
2018-06-11,0.007143537479759932
2018-06-12,-0.001197906815459504
2018-06-14,-0.01780078272945329
2018-06-15,-0.007937017994858464
2018-06-18,-0.010948077608266105
2018-06-19,-0.013099721630915329
2018-06-20,0.008860129417620488
2018-06-21,-0.009867771857114627
2018-06-22,0.008869842535379702
2018-06-25,-0.0010537060818597288
2018-06-26,-0.0020107459537858086
2018-06-27,-0.0016845025762980415
2018-06-28,-0.013200992555831292
2018-06-29,0.004693891235834524
2018-07-02,-0.022458786624841576
2018-07-03,0.0014337896425766772
2018-07-04,-0.0037156979717062333
2018-07-05,-0.002155614863477706
2018-07-06,0.005074923704694312
2018-07-09,0.007130428849237314
2018-07-10,0.0033536585365854243
2018-07-11,-0.005942131739761658
2018-07-12,-6.792786061193823e-05
2018-07-13,0.014401684725382724
2018-07-16,-0.004285953457224045
2018-07-17,-0.0016477788613512567
2018-07-18,-0.0013810293721367994
2018-07-19,-0.001922622862347123
2018-07-20,0.003548496113551902
2018-07-23,-0.008048493012291602
2018-07-24,0.0031572514937534546
2018-07-25,-0.002165893938881114
2018-07-26,0.0071222655587586114
2018-07-27,0.0027950833473648906
2018-07-30,-0.0016455101081334078
2018-07-31,0.0005381950284233383
2018-08-01,0.004168767860144529
2018-08-02,-0.017208477016304458
2018-08-03,0.007017543859649145
2018-08-06,-0.0012516491323026901
2018-08-07,0.006570925348868606
2018-08-08,3.364963994889614e-05
2018-08-09,0.0007402671691512097
2018-08-10,-0.012676103695235641
2018-08-13,-0.012906960904508824
2018-08-14,0.00424357426254951
2018-08-16,-0.009756767898859375
2018-08-17,0.0011448792672772434
2018-08-20,0.0001386145475967826
2018-08-21,0.011503412910155442
2018-08-22,0.0036652622203952046
2018-08-23,0.0044027303754266
2018-08-24,0.004247510958578227
2018-08-27,0.00436489138526075
2018-08-28,0.001313883367584312
2018-08-29,0.0027925442433214265
2018-08-30,0.0
2018-08-31,0.006777386344573033
2018-09-03,-0.008597993801446324
2018-09-04,0.00440350936165923
2018-09-05,-0.012851405622490097
2018-09-06,-0.0023053973420125162
2018-09-07,-0.004825336414299164
2018-09-10,0.002868264699856571
2018-09-11,-0.0042219952332311905
2018-09-12,-0.0003761198112560704
2018-09-13,0.00023943902856160548
2018-09-14,0.016654127624649462
2018-09-17,-0.006929260990951591
2018-09-18,0.0029468549944111633
2018-09-19,0.0018237082066867583
2018-09-20,0.008090614886731462
2018-09-21,0.005918940609951795
2018-09-27,0.00591735647086189
2018-09-28,-0.006873987904425061
2018-10-01,-0.001131409936441341
2018-10-02,-0.01212646167171949
2018-10-04,-0.01601861531716864
2018-10-05,-0.0017136198505723899
2018-10-08,-0.004703378192803975
2018-10-10,-0.007105653478665763
2018-10-11,-0.04412020149383378
2018-10-12,0.015337088860621684
2018-10-15,-0.0078032716469198515
2018-10-16,-0.0010462137883763267
2018-10-17,0.011375947995666325
2018-10-18,-0.009176932690590944
2018-10-19,0.004144442842727303
2018-10-22,0.0027635215159889093
2018-10-23,-0.02455261274158893
2018-10-24,-0.004329639685917708
2018-10-25,-0.017099056603773533
2018-10-26,-0.015109478104379237
2018-10-29,-0.009516921085690355
2018-10-30,0.008762827164764397
2018-10-31,0.0058673372194915085
2018-11-01,-0.004014999431839694
2018-11-02,0.03654687202890283
2018-11-05,-0.009135603169944218
2018-11-06,0.005554115599659237
2018-11-07,-0.004124166881466995
2018-11-08,0.006137918284341071
2018-11-09,-0.0028664878174269326
2018-11-12,0.000884531751004447
2018-11-13,-0.006885885775306577
2018-11-14,-0.0030404152762327774
2018-11-15,0.009892889021124729
2018-11-16,0.0004050968549751399
2018-11-19,0.0024295969077858803
2018-11-20,-0.010025338768315573
2018-11-21,-0.004859410935529329
2018-11-22,-0.0019010698177208685
2018-11-23,-0.005340603525545329
2018-11-26,0.012991401644576461
2018-11-27,0.008488083324066809
2018-11-28,0.005035283740076446
2018-11-29,0.0025964527335895493
2018-11-30,-0.010249489349285046
2018-12-03,0.017799889441680428
2018-12-04,-0.010464190021000741
2018-12-05,-0.00658641004061622
2018-12-06,-0.01587535452502853
2018-12-07,0.004117074631334594
2018-12-10,-0.010921425376472116
2018-12-11,-0.0024872809496891968
2018-12-12,0.014280856851411228
2018-12-13,0.0035013223078927957
2018-12-14,-0.01432760476597017
2018-12-17,0.0029372999435133273
2018-12-18,-0.004317951413659649
2018-12-19,0.008032279960781263
2018-12-20,-0.009352437245146117
2018-12-21,0.0009440731090215593
2018-12-24,-0.0023013657285143596
2018-12-26,-0.01312157307619577
2018-12-27,-0.0015710016093187784
2018-12-28,0.005411213877269061
2019-01-02,-0.014314069776318772
2019-01-03,-0.009526391201642004
2019-01-04,0.008288696876099566
2019-01-07,0.014269649850711552
2019-01-08,-0.007340291317811776
2019-01-09,0.02291546312343562
2019-01-10,-0.00018825301204827838
2019-01-11,0.00594991527019384
2019-01-14,-0.008011080747201693
2019-01-15,0.018642212913694944
2019-01-16,0.004816063423850769
2019-01-17,0.0023964900637833964
2019-01-18,0.007356186552891053
2019-01-21,0.00043814809405584576
2019-01-22,-0.0047080291970803545
2019-01-23,0.004253602728172767
2019-01-24,0.010004746777668272
2019-01-25,0.018292903365749513
2019-01-28,-0.00010650761529462649
2019-01-29,0.004828859536997632
2019-01-30,0.012791519434629084
2019-01-31,-0.002546926243807146
2019-02-01,-0.0003497848822973104
2019-02-07,-0.0004898701844012754
2019-02-08,-0.014563276737265762
2019-02-11,0.0021670396816939608
2019-02-12,0.005636299184686111
2019-02-13,0.0045119672882372175
2019-02-14,0.013018914271677673
2019-02-15,-0.016281003186919718
2019-02-18,0.00676103950982454
2019-02-19,-0.0034627492130113735
2019-02-20,0.012249482292653546
2019-02-21,3.4674063800421706e-05
2019-02-22,0.0011442044311915645
2019-02-25,0.0009004640853362833
2019-02-26,-0.0038408304498270818
2019-02-27,0.00302198756469485
2019-02-28,-0.01717689430669056
2019-03-04,-0.00454545454545463
2019-03-05,-0.00729177728222008
2019-03-06,-0.0021394187912282536
2019-03-07,-0.0035018760050027353
2019-03-08,-0.014451177968229034
2019-03-11,0.0008004657255131775
2019-03-12,0.009706973024067533
2019-03-13,-0.00622907140028095
2019-03-14,0.002318840579710102
2019-03-15,0.011675824175824134
2019-03-18,0.000214385250294713
2019-03-19,-0.0003929553817025866
2019-03-20,0.00035737259666945853
2019-03-21,0.008788225207202016
2019-03-22,0.0026559954671010466
2019-03-25,-0.02006145586832908
2019-03-26,0.0005406379527843619
2019-03-27,-0.0011527377521615145
2019-03-28,-0.007934218118868963
2019-03-29,0.005089428529882367
2019-04-01,0.01388888888888884
2019-04-02,0.0049942922374430765
2019-04-03,0.013950021297742365
2019-04-04,0.0017503938386136397
2019-04-05,0.0018521754324656303
2019-04-08,-0.0010464629552113802
2019-04-09,0.001152315105803492
2019-04-10,0.004220292281399418
2019-04-11,-0.0017365934981939946
2019-04-12,0.0033052675527103226
2019-04-15,0.003502444775808744
2019-04-16,0.0042850231529476535
2019-04-17,-0.0009978666299635952
2019-04-18,-0.015534047463231504
2019-04-19,0.00024490938352816904
2019-04-22,-6.995697645939547e-05
2019-04-23,0.0020988561234127623
2019-04-24,-0.009669424372534818
2019-04-25,-0.003066619668664061
2019-04-26,-0.005268182300321778
2019-04-29,0.01937157887253882
2019-04-30,-0.00652045050385297
2019-05-02,0.004211708549768378
2019-05-03,-0.008562840766112134
2019-05-07,-0.008319526210032846
2019-05-08,-0.004123564750631026
2019-05-09,-0.03266107442441546
2019-05-10,0.003911439114391069
2019-05-13,-0.012276703668308353
2019-05-14,-0.000558201845787587
2019-05-15,0.003984063745019917
2019-05-16,-0.013536567274884947
2019-05-17,-0.006165645325012181
2019-05-20,0.002307546812937211
2019-05-21,0.004378019323671545
2019-05-22,0.001991582744626408
2019-05-23,-0.0010125632852052702
2019-05-24,-0.007357909752984337
2019-05-27,-7.563724377901426e-05
2019-05-28,0.0011346444780635512
2019-05-29,-0.012580279561767993
2019-05-30,0.009794544132838423
2019-05-31,-0.00015155533664235055
2019-06-03,0.016180984501118045
2019-06-04,-0.0018645584725537345
2019-06-05,0.0012329074198609291
2019-06-07,0.0010448151050410637
2019-06-10,0.014276661572296678
2019-06-11,0.004079382579933677
2019-06-12,-0.0017202884228247894
2019-06-13,-0.005903057857300054
2019-06-14,-0.002397373953453963
2019-06-17,-0.001441881100266329
2019-06-18,0.004702136324928885
2019-06-19,0.014556308962264008
2019-06-20,0.002542588354945252
2019-06-21,-0.0019202202818737746
2019-06-24,0.00036300275882084065
2019-06-25,-0.0010886131069018923
2019-06-26,0.0009081662307468541
2019-06-27,0.008057198853119507
2019-06-28,-0.0009000900090009312
2019-07-01,-0.0008288288288288426
2019-07-02,-0.004688570707252704
2019-07-03,-0.013044896184367993
2019-07-04,0.007967103572346534
2019-07-05,-0.0006920667298025984
2019-07-08,-0.02114087843994905
2019-07-09,-0.0030906721280952176
2019-07-10,0.0038473031525474433
2019-07-11,0.01127441860465117
2019-07-12,0.0033115019501068765
2019-07-15,-0.00014669209329620791
2019-07-16,0.005171654929577496
2019-07-17,-0.009377850757161021
2019-07-18,-0.002983645204066576
2019-07-19,0.01433479883252664
2019-07-22,0.0
2019-07-23,0.004989983609542836
2019-07-24,-0.009785445056538111
2019-07-25,-0.0006588097503843482
2019-07-26,-0.0028933489598594875
2019-07-29,-0.016528925619834656
2019-07-30,0.004481792717086819
2019-07-31,-0.009704406023424483
2019-08-01,-0.002290305624389699
2019-08-02,-0.010311218153765123
2019-08-05,-0.022054070496977163
2019-08-06,-0.01469730549399273
2019-08-07,-0.005564105599621172
2019-08-08,0.0015873015873015817
2019-08-09,0.009706814580031642
2019-08-12,0.001961938395134366
2019-08-13,-0.00986880751909136
2019-08-14,0.008029110469485401
2019-08-16,-0.0037667739150906154
2019-08-19,0.00476565576998822
2019-08-20,0.011524440437458372
2019-08-21,0.0012788219337336315
2019-08-22,-0.008127564052945346
2019-08-23,-0.0006633369751832818
2019-08-26,-0.015305923236109575
2019-08-27,0.005194496213172695
2019-08-28,0.008007889546351121
2019-08-29,-0.0047743904825264805
2019-08-30,0.01844205890448669
2019-09-02,0.00030888030888021056
2019-09-03,-0.0032036436621891706
2019-09-04,0.013320425943852854
2019-09-05,0.010508617065994041
2019-09-06,0.004121918015428827
2019-09-09,0.007042518736112724
2019-09-10,0.005086013462976879
2019-09-11,0.00773924691174277
2019-09-16,0.004356815832225802
2019-09-17,-0.0012499080949929242
2019-09-18,0.005079505300353393
2019-09-19,0.006811689738519089
2019-09-20,0.005528881129055696
2019-09-23,0.0007596585154101554
2019-09-24,0.004771371769383803
2019-09-25,-0.012771162355649901
2019-09-26,0.0017127031557464534
2019-09-27,-0.012950634799374305
2019-09-30,0.00818191869678997
2019-10-01,0.0031804057759092785
2019-10-02,-0.021390569200495646
2019-10-04,-0.004319493576615208
2019-10-07,0.001047159579640411
2019-10-08,0.013785631561250788
2019-10-10,-0.009433962264150941
2019-10-11,0.009300595238095344
2019-10-14,0.010799852561739876
2019-10-15,0.0004011231448053376
2019-10-16,0.0072173215717723505
2019-10-17,-0.002714244354371731
2019-10-18,-0.010015604020756963
2019-10-21,0.0035922436860820195
2019-10-22,0.0132218123379233
2019-10-23,-0.0042536318085144575
2019-10-24,0.0017014806501827184
2019-10-25,0.0013371882905675037
2019-10-28,0.0025625293247193426
2019-10-29,-0.0008279933760528824
2019-10-30,-0.007350027022158256
2019-10-31,0.001125186018656299
2019-11-01,0.009462693060691807
2019-11-04,0.014761340372804632
2019-11-05,0.006512352233311924
2019-11-06,0.0004922990365003876
2019-11-07,-0.000527203711514046
2019-11-08,-0.004360516228856803
2019-11-11,-0.00805283791897704
2019-11-12,0.009969734733843438
2019-11-13,-0.00835536753040722
2019-11-14,0.00942121729237777
2019-11-15,0.011833902722502065
2019-11-18,-0.0003828883706359365
2019-11-19,-0.003308029807089552
2019-11-20,-0.014044649407819021
2019-11-21,-0.013925799936217786
2019-11-22,0.0041325283886735065
2019-11-25,0.009877250116308245
2019-11-26,-0.0012757362061023292
2019-11-27,0.0036192030656780894
2019-11-28,-0.005727417359024267
2019-11-29,-0.015823347438040147
2019-12-02,0.002384565358768853
2019-12-03,-0.004505478662053086
2019-12-04,-0.007386219631413282
2019-12-05,-0.0031004924311507365
2019-12-06,0.011928283937065354
2019-12-09,0.005315302285218371
2019-12-10,0.004603819731683778
2019-12-11,0.003472843793634217
2019-12-12,0.017232767232767454
2019-12-13,0.017537090947353562
2019-12-16,-0.0012064389369550454
2019-12-17,0.016013252346769757
2019-12-18,-0.0006114130434781151
2019-12-19,0.00030589354904475563
2019-12-20,0.0033977778532838787
2019-12-23,-0.00148995970336252
2019-12-24,-0.006680910231627535
2019-12-26,0.003960396039603964
2019-12-27,0.0038767598449296337
2019-12-30,-0.0048441734417344895
2020-01-02,-0.011641760560982983
2020-01-03,0.0013432064749439032
2020-01-06,-0.007945243172594041
2020-01-07,0.009707728044932917
2020-01-08,-0.006215019057102644
2020-01-09,0.01724137931034475
2020-01-10,0.009001052953364175
2020-01-13,0.01033461253618806
2020-01-14,0.004664645320361149
2020-01-15,-0.005936391072198344
2020-01-16,0.010142123173416895
2020-01-17,0.0017174185877535386
2020-01-20,0.0075173095944607304
2020-01-21,-0.011355455199947517
2020-01-22,0.013140908940451945
2020-01-23,-0.012251698902247754
2020-01-28,-0.03162107630734634
2020-01-29,0.004132937117874214
2020-01-30,-0.019082930811619936
2020-01-31,-0.0133162256822833
2020-02-03,0.001827575299617079
2020-02-04,0.019750920891071777
2020-02-05,0.004609880280721068
2020-02-06,0.02955277035819459
2020-02-07,-0.008115749210044876
2020-02-10,-0.0066060829616712
2020-02-11,0.010261949770456358
2020-02-12,0.007551456829724801
2020-02-13,-0.002022948862505869
2020-02-14,0.006911906423420655
2020-02-17,-0.0008250552787036902
2020-02-18,-0.01658079006473767
2020-02-19,0.001981594679921983
2020-02-20,-0.005631347836288714
2020-02-21,-0.014259228046519357
2020-02-24,-0.038985021544354126
2020-02-25,0.011458259198633636
2020-02-26,-0.015128060793695552
2020-02-27,-0.010180753018504074
2020-02-28,-0.03273304702443247
2020-03-02,0.008768002387881557
2020-03-03,0.0044013758922958335
2020-03-04,0.024193548387096753
2020-03-05,0.011685183187718051
2020-03-06,-0.022318572748596055
2020-03-09,-0.043584151217739064
2020-03-10,0.005929079092394929
2020-03-11,-0.0289417009861338
2020-03-12,-0.03653554336407139
2020-03-13,-0.02814796866165903
2020-03-16,-0.03191356742156659
2020-03-17,-0.026097780830149908
2020-03-18,-0.04874608841288719
2020-03-19,-0.07668072093777512
2020-03-20,0.07220995584102763
2020-03-23,-0.05522534749847885
2020-03-24,0.09149452618021492
2020-03-25,0.056957429427248796
2020-03-26,-0.015243247885267652
2020-03-27,0.01940350571204319
2020-03-30,-0.005731639505539121
2020-03-31,0.01879974187997413
2020-04-01,-0.044210793007347315
2020-04-02,0.024254473161033907
2020-04-03,-0.0006038647342996306
2020-04-06,0.03931808372895995
2020-04-07,0.016859764959926915
2020-04-08,-0.01216972271000949
2020-04-09,0.015378891231551561
2020-04-10,0.00973087415007523
2020-04-13,-0.0185483870967742
2020-04-14,0.01663927691043532
2020-04-16,-0.0014144271570013522
2020-04-17,0.032051800890327886
2020-04-20,-0.011293231903380274
2020-04-21,-0.01086697866264763
2020-04-22,0.00994386527666391
2020-04-23,0.007384468794664256
2020-04-24,-0.013636005359817127
2020-04-27,0.018219594054658783
2020-04-28,0.006082247684821684
2020-04-29,0.006864542298841592
2020-05-04,-0.029246562076312155
2020-05-06,0.01755786113328006
2020-05-07,-0.0021176470588234464
2020-05-08,0.008488564017920197
2020-05-11,-0.006507676720442723
2020-05-12,-0.006197293586977737
2020-05-13,0.009788056991751226
2020-05-14,-0.008598788352550235
2020-05-15,0.0005519416518824372
2020-05-18,0.006501438196934606
2020-05-19,0.02485906670842475
2020-05-20,0.003552465716796016
2020-05-21,0.0038824604141289853
2020-05-22,-0.015621445362857367
2020-05-25,0.012094599799707284
2020-05-26,0.0173161820672858
2020-05-27,0.0012345217163591826
2020-05-28,0.0024286354804963217
2020-05-29,0.00011181930001114004
2020-06-01,0.01814997018485398
2020-06-02,0.010578718108276153
2020-06-03,0.035605621558968625
2020-06-04,0.0018887062362280549
2020-06-05,0.01455751440041908
2020-06-08,0.0005161379120499632
2020-06-09,0.0018915293874883776
2020-06-10,0.0019909378003568623
2020-06-11,-0.01123672490578953
2020-06-12,-0.023698981359573268
2020-06-15,-0.04908084321101558
2020-06-16,0.054637059152826906
2020-06-17,0.0015216391238190852
2020-06-18,-0.0039219843120625875
2020-06-19,0.005178957823418706
2020-06-22,-0.006881462398983573
2020-06-23,0.0018477720133607267
2020-06-24,0.0168830247570404
2020-06-25,-0.024311126613184464
2020-06-26,0.01304829657169404
2020-06-29,-0.018843955113275412
2020-06-30,0.007373039850381069
2020-07-01,0.0006069477667893786
2020-07-02,0.012845215157353929
2020-07-03,0.007151412668216617
2020-07-06,0.016544824932666513
2020-07-07,-0.013247539742619274
2020-07-08,-0.002789692087735607
2020-07-09,0.004475993985382898
2020-07-10,-0.0076240208877284
2020-07-13,0.01676839963516441
2020-07-14,-0.0007245376759590361
2020-07-15,0.009115077857956733
2020-07-16,-0.010332911349094975
2020-07-17,0.008020743301642153
2020-07-20,-0.002606578180196828
2020-07-21,0.0149582201437366
2020-07-22,-0.0037945521073315946
2020-07-23,-0.005679499387838405
2020-07-24,-0.005848753292061359
2020-07-27,0.009805270763090679
2020-07-28,0.02255459779905289
2020-07-29,0.003731716256288875
2020-07-30,0.001991701244813404
2020-07-31,-0.008381646513168861
2020-08-03,0.000467726847521055
2020-08-04,0.011954852067054267
2020-08-05,0.01187961985216468
2020-08-06,0.015262196712757747
2020-08-07,0.004015161248875687
2020-08-10,0.013436990114214398
2020-08-11,0.013416674558828223
2020-08-12,0.005171017382094689
2020-08-13,0.002014379571092073
2020-08-14,-0.012649614944483911
2020-08-18,-0.020047613081067617
2020-08-19,0.002237565528705021
2020-08-20,-0.03811315940549864
2020-08-21,0.015153022315063769
2020-08-24,0.010354063234909727
2020-08-25,0.013771700126078867
2020-08-26,0.0019133263178034987
2020-08-27,-0.00894363283363575
2020-08-28,0.002761898644742855
2020-08-31,-0.01633358954650277
2020-09-01,0.008693104121898942
2020-09-02,0.005454956263516442
2020-09-03,0.01582664526484745
2020-09-04,-0.013905129096482782
2020-09-07,0.005255904880941076
2020-09-08,0.011827717027449225
2020-09-09,-0.011374377717562556
2020-09-10,0.008796252031743057
2020-09-11,-0.0002527406564938328
2020-09-14,0.014315057671038245
2020-09-15,0.007414792198890963
2020-09-16,-0.0032471548738248757
2020-09-17,-0.013372219291985954
2020-09-18,0.001226415094339517
2020-09-21,-0.007852005402179674
2020-09-22,-0.022381208648580175
2020-09-23,0.00265526844116315
2020-09-24,-0.02312362743831531
2020-09-25,0.003603544035969186
2020-09-28,0.011397700695062074
2020-09-29,0.007849395824512273
2020-10-05,0.013152792140641134
2020-10-06,0.002998309463812854
2020-10-07,0.009222451900143147
2020-10-08,0.0003781314006616743
2020-10-12,0.005291838598922682
2020-10-13,0.0013473288422372054
2020-10-14,-0.009418611928155629
2020-10-15,-0.008370976403323072
2020-10-16,-0.006657747196738173
2020-10-19,0.0024372254112816627
2020-10-20,0.006782046770530181
2020-10-21,0.0033364049442343724
2020-10-22,-0.006302254877121882
2020-10-23,0.0032507887943398206
2020-10-26,-0.004002668445630575
2020-10-27,-0.005517813287404638
2020-10-28,0.0043938422065425975
2020-10-29,-0.010313887026215829
2020-10-30,-0.026908433890430294
2020-11-02,0.014423076923076872
2020-11-03,0.02000326850792611
2020-11-04,0.005639760310186759
2020-11-05,0.024471847815696446
2020-11-06,0.001835090665920358
2020-11-09,0.011580254579323102
2020-11-10,0.0009207255317189578
2020-11-11,0.015300646981265098
2020-11-12,-0.0042280744141096616
2020-11-13,0.010038820817663385
2020-11-16,0.022820766897877043
2020-11-17,-0.002289874644041845
2020-11-18,0.0003236722083270749
2020-11-19,0.0005883045064125625
2020-11-20,0.0013523047977421765
2020-11-23,0.023016851623510082
2020-11-24,0.005222981116914438
2020-11-25,-0.005652620760534299
2020-11-26,0.010967556703990855
2020-11-27,0.001732363966829631
2020-11-30,-0.018937997902078063
2020-12-01,0.01834994942927315
2020-12-02,0.01776390465380273
2020-12-03,0.008364467741036163
2020-12-04,0.016507216722888796
2020-12-07,0.00606588145689968
2020-12-08,-0.0173308819553345
2020-12-09,0.022066308983354155
2020-12-10,-0.005653215602875128
2020-12-11,0.007769986734168954
2020-12-14,-0.001826778422523101
2020-12-15,-0.0018301216492625505
2020-12-16,0.004448878343399354
2020-12-17,-0.001422704211741288
2020-12-18,-0.0012096774193548487
2020-12-21,0.0016955995155429893
2020-12-22,-0.015449513676178195
2020-12-23,0.013344977212564446
2020-12-24,0.02116772595066263
2020-12-28,0.0019779524236509527
2020-12-29,0.003526965493643397
2020-12-30,0.021034962100348942
2021-01-04,0.0272033702381258
2021-01-05,0.015379613884165089
2021-01-06,-0.00972834519616772
2021-01-07,0.021712097095105465
2021-01-08,0.047248119568657154
2021-01-11,0.0021151968760169115
2021-01-12,-0.0075615243662003895
2021-01-13,0.005866267791619029
2021-01-14,-0.0012314698638411503
2021-01-15,-0.021914621379551025
2021-01-18,-0.0236186761173085
2021-01-19,0.026431181485992772
2021-01-20,0.006313041414500953
2021-01-21,0.014763802740501486
2021-01-22,-0.007297743277476898
2021-01-25,0.02381008123990358
2021-01-26,-0.02417104962268468
2021-01-27,-0.00717081058280411
2021-01-28,-0.017159581749947028
2021-01-29,-0.02843419788664736
2021-02-01,0.02691813328060122
2021-02-02,0.01343121915994705
2021-02-03,0.00992803363180772
2021-02-04,-0.016227275934244223
2021-02-05,0.01192895221247392
2021-02-08,-0.010276399716513174
2021-02-09,-0.002482396467358816
2021-02-10,0.004163575889545523
2021-02-15,0.017538424877874492
2021-02-16,0.005222360132081327
2021-02-17,-0.011741682974559686
2021-02-18,-0.01593587930221596
2021-02-19,0.008384438482177181
2021-02-22,-0.009645080058915734
2021-02-23,-0.0025426981385530123
2021-02-24,-0.020826319080371247
2021-02-25,0.037724727379899736
2021-02-26,-0.02984474107734536
2021-03-02,0.011929447927593761
2021-03-03,0.01318707810993236
2021-03-04,-0.01451447878744605
2021-03-05,-0.005239394451553747
2021-03-08,-0.008883495145631137
2021-03-09,-0.0062447960033304994
2021-03-10,-0.005692599620493399
2021-03-11,0.01868741945077823
2021-03-12,0.012432485037224605
2021-03-15,-0.004686035613870598
2021-03-16,0.0075571007774397625
2021-03-17,-0.007907790371666223
2021-03-18,0.0073669718122750805
2021-03-19,-0.009950606627343705
2021-03-22,-0.0006538955220266596
2021-03-23,-0.009524040325707639
2021-03-24,-0.003939223410241888
2021-03-25,0.003512650454433608
2021-03-26,0.01067241083886139
2021-03-29,-0.0020344401656614552
2021-03-30,0.011066618128867889
2021-03-31,-0.0037685125177023826
2021-04-01,0.01055319969159596
2021-04-02,0.010299938009632248
2021-04-05,0.002619530844385709
2021-04-06,0.0024243850770859776
2021-04-07,0.0019254250023481578
2021-04-08,0.0003749707054137019
2021-04-09,-0.005997282481375654
2021-04-12,-0.00018854584020733256
2021-04-13,0.011456319834048267
2021-04-14,0.00379882539386589
2021-04-15,0.004527408232917862
2021-04-16,-0.0005315952480007269
2021-04-19,-0.0010868811137063616
2021-04-20,0.006111677007130334
2021-04-21,-0.018062586286240245
2021-04-22,0.001452841241945002
2021-04-23,0.0022696960479209327
2021-04-26,0.00938506793668581
2021-04-27,-0.0005088352299010834
2021-04-28,-0.010783542370528032
2021-04-29,-0.0028071488724620286
2021-04-30,-0.009195833724312541
2021-05-03,-0.004735296903115804
2021-05-04,0.007636311732800438
2021-05-06,0.007247916519111275
2021-05-07,0.004500281267579176
2021-05-10,0.01649710658950898
2021-05-11,-0.015747308495741796
2021-05-12,-0.01611586631527384
2021-05-13,-0.013724932442042426
2021-05-14,0.009854111087076678
2021-05-17,-0.0045219791988957425
2021-05-18,0.011523656967987073
2021-05-20,-0.0033326242643408888
2021-05-21,0.0009485866059570913
2021-05-24,-0.003577520849128102
2021-05-25,0.008987802268350276
2021-05-26,-0.001908801696712592
2021-05-27,-0.0012749681257968604
2021-05-28,0.006973995271867484
2021-05-31,0.0046014790468364986
2021-06-01,0.005632025425907239
2021-06-02,-0.0003950548429076939
2021-06-03,0.008648145995582945
2021-06-04,-0.0038029824601838458
2021-06-07,0.0024061820369256637
2021-06-08,-0.000877071504408411
2021-06-09,-0.010903714655331687
2021-06-10,0.002779334828101554
2021-06-11,0.007988820309770439
2021-06-14,0.0010166828411666273
2021-06-15,0.002100549374451699
2021-06-16,0.006518784695828339
2021-06-17,-0.005103441962651001
2021-06-18,0.0006670807167665771
2021-06-21,-0.008183531791641774
2021-06-22,0.006860427386084611
2021-06-23,0.005317434740573557
2021-06-24,0.0037780779886886773
2021-06-25,0.004607874446826976
2021-06-28,-0.0009536784741143167
2021-06-29,-0.005545706623028335
2021-06-30,0.0029711569227954815
2021-07-01,-0.005696837116033193
2021-07-02,-0.0007792088738138858
2021-07-05,0.0038073394495412582
2021-07-06,0.004204176758214162
2021-07-07,-0.005756541524459591
2021-07-08,-0.009932031947273323
2021-07-09,-0.011071816563807513
2021-07-12,0.008040388930441233
2021-07-13,0.007953069931367018
2021-07-14,-0.002622437947137124
2021-07-15,0.007357520123624894
2021-07-16,-0.004441798699514554
2021-07-19,-0.011338024929856028
2021-07-20,-0.0031170764614203428
2021-07-21,-0.005950297514875746
2021-07-22,0.012629107981220633
2021-07-23,0.0003940841021836672
2021-07-26,-0.00945429266597142
2021-07-27,0.001754509088357059
2021-07-28,0.002171780860305228
2021-07-29,0.0007922637772341812
2021-07-30,-0.01299215348436511
2021-08-02,0.006793894930527733
2021-08-03,0.007474401930691821
2021-08-04,0.014116935671426578
2021-08-05,-0.0030042426327255844
2021-08-06,-0.0033353268620324172
2021-08-09,-0.0037849938840038844
2021-08-10,-0.007158577551256706
2021-08-11,-0.008913571028560718
2021-08-12,-0.005556340349390232
2021-08-13,-0.014962829679435519
2021-08-17,-0.011416622602509308
2021-08-18,0.004984075271692978
2021-08-19,-0.02032126959551006
2021-08-20,-0.010322007111813525
2021-08-23,0.009481511053445857
2021-08-24,0.01952642246280112
2021-08-25,0.0035638091543832573
2021-08-26,-0.008624229979466103
2021-08-27,-0.00034114722939715403
2021-08-30,0.0030713728549141006
2021-08-31,0.020145808019441214
2021-09-01,0.0003096786488481218
2021-09-02,-0.009597066107830177
2021-09-03,0.008006924908028568
2021-09-06,0.002743189733314111
2021-09-07,-0.006113661774151291
2021-09-08,-0.007802776448061266
2021-09-09,-0.017513388334057134
2021-09-10,0.003486544883127163
2021-09-13,0.0024467824810374683
2021-09-14,0.0064925555284354175
2021-09-15,0.00118828208361621
2021-09-16,-0.008792539663315946
2021-09-17,0.0043253017936562
2021-09-23,-0.0012895690892723577
2021-09-24,-0.0015105004141694467
2021-09-27,0.0027571735311342493
2021-09-28,-0.011606686619461404
2021-09-29,-0.015041851304775977
2021-09-30,0.003024319528106334
2021-10-01,-0.016222277597807144
2021-10-05,-0.017173687276780147
2021-10-06,-0.015669699234555745
2021-10-07,0.016259523996543734
2021-10-08,-0.0018550007729168927
2021-10-12,-0.017371328274224385
2021-10-13,0.0089574194226274
2021-10-14,0.01429315282478516
2021-10-15,0.009240483585307713
2021-10-18,-0.002975660622091092
2021-10-19,0.008647517983776387
2021-10-20,-0.004223464252295139
2021-10-21,-0.0014222583430690827
2021-10-22,0.0004069382979805525
2021-10-25,0.0042456907510042274
2021-10-26,0.010278220804536664
2021-10-27,-0.008995915503545726
2021-10-28,-0.004020430868817759
2021-10-29,-0.013760186854197776
2021-11-01,0.0034494298144001068
2021-11-02,0.012852415279238638
2021-11-03,-0.013525150701585442
2021-11-04,0.005289103419944485
2021-11-05,-0.004290749348725531
2021-11-08,-0.0006925563022625036
2021-11-09,0.0019764367668575478
2021-11-10,-0.010554360077876801
2021-11-11,-0.0006990472245235191
2021-11-12,0.011425758478638137
2021-11-15,0.010195194425943965
2021-11-16,-0.0007353686986509844
2021-11-17,-0.011749181617479065
2021-11-18,-0.0051355792933442945
2021-11-19,0.007975428453437905
2021-11-22,0.021867718229073407
2021-11-23,-0.006590322499812062
2021-11-24,-0.002623347795378872
2021-11-25,-0.008775923115831974
2021-11-26,-0.01750312555813538
2021-11-29,-0.008933440673124404
2021-11-30,-0.021984644813038745
2021-12-01,0.026497695852534475
2021-12-02,0.016991621642784338
2021-12-03,0.005954214146391523
2021-12-06,0.002270639861210455
2021-12-07,0.008807432862415698
2021-12-08,0.002422346143170717
2021-12-09,0.00971631384197158
2021-12-10,-0.007877745369331612
2021-12-13,-0.0017589265522528486
2021-12-14,-0.004681954338359162
2021-12-15,0.0006322551275890209
2021-12-16,0.005105393519688528
2021-12-17,0.0032186682760007024
2021-12-20,-0.01902446360537391
2021-12-21,0.006592227304085707
2021-12-22,0.005381393577865268
2021-12-23,0.005251596939934711
2021-12-24,0.0059776466155971875
2021-12-27,-0.00479364841584895
2021-12-28,0.006522666265271759
2021-12-29,-0.011191146780987427
2021-12-30,-0.006377293809235796
2022-01-03,0.003348638981201857
2022-01-04,-0.000278121918535601
2022-01-05,-0.012670713201820893
2022-01-06,-0.010681626066241345
2022-01-07,0.011987986121899441
2022-01-10,-0.008519892541896001
2022-01-11,0.0037417423616847856
2022-01-12,0.014628377509833701
2022-01-13,-0.004206152130948215
2022-01-14,-0.014122137404580126
2022-01-17,-0.009394760614272801
2022-01-18,-0.007295276308590171
2022-01-19,-0.007348888480617322
2022-01-20,0.005763993548557611
2022-01-21,-0.011330476616104534
2022-01-24,-0.012710061689002239
2022-01-25,-0.02399676811203888
2022-01-26,-0.004304754546207157
2022-01-27,-0.033949505307208416
2022-01-28,0.02696655000286885
2022-02-03,0.010112296776356278
2022-02-04,0.01310840707964589
2022-02-07,-0.009335589889173934
2022-02-08,0.0015430397883831048
2022-02-09,0.014223616154946495
2022-02-10,0.007920792079207928
2022-02-11,-0.007966197486341642
2022-02-14,-0.015273595398931139
2022-02-15,-0.007025180450713542
2022-02-16,0.019060566545515023
2022-02-17,0.006125782738905627
2022-02-18,-0.002705993776214277
2022-02-21,-0.000705467372134061
2022-02-22,-0.012978902495316302
2022-02-23,0.0025583890401914555
2022-02-24,-0.02579299747557895
2022-02-25,0.009576385759350936
2022-02-28,0.008648588327195617
2022-03-02,-0.002627648392985682
2022-03-03,0.017942815940541923
2022-03-04,-0.014629760802048697
2022-03-07,-0.023943155741104283
2022-03-08,-0.010339064668725029
2022-03-10,0.024700898734901777
2022-03-11,-0.007541688779643008
2022-03-14,-0.001970110607638409
2022-03-15,-0.010095597980880555
2022-03-16,0.014414722388399914
2022-03-17,0.015080457187789609
2022-03-18,0.002406905328390385
2022-03-21,-0.009825297380840703
2022-03-22,0.008055300052958847
2022-03-23,0.00879278880716683
2022-03-24,-0.004001754193619034
2022-03-25,-0.003632560955473596
2022-03-28,0.0
2022-03-29,0.004722974092691734
2022-03-30,0.0020067625147759394
2022-03-31,0.0030452674897119003
2022-04-01,-0.006619074970597105
2022-04-04,0.004818414603926291
2022-04-05,-0.0005480352934729149
2022-04-06,-0.010226462685748783
2022-04-07,-0.014625633638957303
2022-04-08,0.000787113822280805
2022-04-11,-0.0006460492682790475
2022-04-12,-0.009725111023666244
2022-04-13,0.01896003633060861
2022-04-14,-0.004512534818941538
2022-04-15,-0.00990542279926132
2022-04-18,-0.00059348858241004
2022-04-19,0.010547747645844652
2022-04-20,0.00044772778150869996
2022-04-21,0.004195569478630645
2022-04-22,-0.009999442927970503
2022-04-25,-0.018147033171088456
2022-04-26,0.0048426843945210685
2022-04-27,-0.012718510280320672
2022-04-28,0.011409260275555333
2022-04-29,0.01405071967100735
2022-05-02,-0.0029852427621944733
2022-05-03,-0.0019772894186769197
2022-05-04,0.0015000566059097942
2022-05-06,-0.013706372756817964
2022-05-09,-0.01028653295128934
2022-05-10,-0.005037491676558314
2022-05-11,-0.0006692466610411785
2022-05-12,-0.01601444211507108
2022-05-13,0.02237083505947801
2022-05-16,-0.004515195369030445
2022-05-17,0.010437867069837736
2022-05-18,0.0023307340373492913
2022-05-19,-0.014640868117356542
2022-05-20,0.017626150798275342
2022-05-23,0.003006098084685993
2022-05-24,-0.01786835645373064
2022-05-25,0.004417577307602949
2022-05-26,-0.003877314814814903
2022-05-27,0.010980073200488105
2022-05-30,0.012785886679691938
2022-05-31,0.0058157678232007015
2022-06-02,-0.011366841541151973
2022-06-03,0.004279478474223275
2022-06-07,-0.01801085196443275
2022-06-08,0.001591112911158099
2022-06-09,0.0011553347582460294
2022-06-10,-0.01364606773988808
2022-06-13,-0.035128257626722004
2022-06-14,-0.0050018188432156
2022-06-15,-0.018340797611431148
2022-06-16,0.00012414263989324326
2022-06-17,-0.006702870442203301
2022-06-20,-0.017651285575931652
2022-06-21,0.006169698511639732
2022-06-22,-0.026234275238637084
2022-06-23,-0.008536743702934335
2022-06-24,0.021672941561630354
2022-06-27,0.013234210273336044
2022-06-28,0.009203036053130997
2022-06-29,-0.019585722791513938
2022-06-30,-0.018091158984849587
2022-07-01,-0.010351562500000022
2022-07-04,-3.2892572856990654e-05
2022-07-05,0.01651261471662102
2022-07-06,-0.021842539559266072
2022-07-07,0.01994839221913458
2022-07-08,0.0059680192014530675
2022-07-11,-0.0059970981783006305
2022-07-12,-0.010574459113172785
2022-07-13,0.005114251057273034
2022-07-14,-0.004044489383215222
2022-07-15,0.008383821843785721
2022-07-18,0.022604007664577264
2022-07-19,-0.003080636453139496
2022-07-20,0.00675374323032818
2022-07-21,0.011581545471805565
2022-07-22,-0.007351101101101154
2022-07-25,0.003182806542085581
2022-07-26,0.003989445247220003
2022-07-27,0.000406745721347912
2022-07-28,0.005879777319071744
2022-07-29,0.005254648342764678
2022-08-01,-0.0010516222820202703
2022-08-02,-0.00411802953834739
2022-08-03,0.006715582638975315
2022-08-04,0.005157504632489207
2022-08-05,0.006237133990844024
2022-08-08,-0.0008244274809159347
2022-08-09,0.002689239984108971
2022-08-10,-0.011459571485172626
2022-08-11,0.017172807152767033
2022-08-12,0.0022732783705141646
2022-08-16,0.0033568209997880682
2022-08-17,-0.005636264994876017
2022-08-18,-0.0033645539692643833
2022-08-19,-0.006113138686131392
2022-08-22,-0.0123014780134032
2022-08-23,-0.012640579979551925
2022-08-24,0.003671279299632957
2022-08-25,0.01178640655286678
2022-08-26,0.0008651855514014706
2022-08-29,-0.023339816615726594
2022-08-30,0.009925715188872974
2022-08-31,0.010861059814078589
2022-09-01,-0.024585087936586536
2022-09-02,-0.006666243413116502
2022-09-05,-0.0014380672376326231
2022-09-06,0.0017281659039267705
2022-09-07,-0.015494712628989382
2022-09-08,0.0031152647975076775
2022-09-13,0.030538302277432594
2022-09-14,-0.018269713711702606
2022-09-15,-0.006746818443435498
2022-09-16,-0.006245372307890462
2022-09-19,-0.007126891055751705
2022-09-20,0.003425886652093091
2022-09-21,-0.009332119399102612
2022-09-22,-0.009912364197328438
2022-09-23,-0.01296204210177343
2022-09-26,-0.026768321354201707
2022-09-27,0.001483935535079528
2022-09-28,-0.02415575465196418
2022-09-29,-0.0019068469931848853
2022-09-30,-0.0045639483460108154
2022-10-04,0.024559283480238836
2022-10-05,0.0027057966489749674
2022-10-06,0.007645736031828276
2022-10-07,-0.002918354734601225
2022-10-11,-0.018766571399056686
2022-10-12,0.007474733295901093
2022-10-13,-0.015744191716883127
2022-10-14,0.02402944403156737
2022-10-17,0.0007257395631738994
2022-10-18,0.01388265358980556
2022-10-19,-0.007834054293402226
2022-10-20,-0.00920045315664808
2022-10-21,-0.00013859533626703335
2022-10-24,0.010049554700765961
2022-10-25,0.0003773973307714673
2022-10-26,0.007785170450648415
2022-10-27,0.01691339118597912
2022-10-28,-0.012582825781406792
2022-10-31,0.015318918186131514
2022-11-01,0.014353428132719115
2022-11-02,-3.2907726734254794e-05
2022-11-03,-0.0072728469411260654
2022-11-04,0.008851024332029223
2022-11-07,0.01163210988072172
2022-11-08,0.013447234222236704
2022-11-09,0.010320182045447268
2022-11-10,-0.01300637629667234
2022-11-11,0.03844052325394531
2022-11-14,-0.0048283759943049676
2022-11-15,0.0024259011600784586
2022-11-16,-0.0010859110793957072
2022-11-17,-0.01618213442663674
2022-11-18,0.0011681136543015835
2022-11-21,-0.007725782038345064
2022-11-22,-0.00842152095846449
2022-11-23,0.0066982885712454365
2022-11-24,0.010155677947215835
2022-11-25,-0.0038764576110936755
2022-11-28,-0.012212484576201499
2022-11-29,0.010794016847634591
2022-11-30,0.017174725901514698
2022-12-01,0.003177570093457982
2022-12-02,-0.021737780262095496
2022-12-05,-0.003523585804075746
2022-12-06,-0.012009811729476683
2022-12-07,-0.006029535048687751
2022-12-08,-9.731728679396312e-05
2022-12-09,0.01099792369582131
2022-12-12,-0.006385778005968623
2022-12-13,-0.0002583645523833722
2022-12-14,0.011855536891071328
2022-12-15,-0.01755898221753982
2022-12-16,-0.0008124004809411112
2022-12-19,-0.002309093274359464
2022-12-20,-0.008866577566254752
2022-12-21,-0.0026969248478868613
2022-12-22,0.014015763611779919
2022-12-23,-0.01759464030180835
2022-12-26,0.0006620981891614086
2022-12-27,0.006451186025738798
2022-12-28,-0.02343698639142744
2022-12-29,-0.020162240398532316
2023-01-02,-0.004500171762281013
2023-01-03,-0.0007246626867732919
2023-01-04,0.02210097382415932
2023-01-05,0.006385566592337355
2023-01-06,0.01228723939973797
2023-01-09,0.027061983882200824
2023-01-10,-0.00038748425845203105
2023-01-11,0.0026165326097489228
2023-01-12,0.0010309942650943427
2023-01-13,0.009880914065014457
2023-01-16,0.0072345985913249145
2023-01-17,-0.007245918238197757
2023-01-18,-0.005864541832669268
2023-01-19,0.006091500753422352
2023-01-20,0.005640355629202398
2023-01-25,0.01641422143355098
2023-01-26,0.014995635366005677
2023-01-27,0.00740240194121089
2023-01-30,-0.01619001158607236
2023-01-31,-0.01676635571946583
2023-02-01,0.012387316396646364
2023-02-02,0.0085307761760951
2023-02-03,0.005958077362393066
2023-02-06,-0.021573681949303425
2023-02-07,0.0053947244613117284
2023-02-08,0.01584776165964752
2023-02-09,-0.002241808187206429
2023-02-10,-0.003724222837796165
2023-02-13,-0.005993388736136418
2023-02-14,0.005345765345765363
2023-02-15,-0.0169412928555972
2023-02-16,0.019214440705682678
2023-02-17,-0.01024375192841731
2023-02-20,0.0031485753475903877
2023-02-21,-0.0007147518568010325
2023-02-22,-0.017477298171414413
2023-02-23,0.011078052794834425
2023-02-24,-0.007826195842724815
2023-02-27,-0.009465513977409024
2023-02-28,0.0027393769510097865
2023-03-02,0.004637865311308609
2023-03-03,0.00031619553531903044
2023-03-06,0.014477177898596594
2023-03-07,-0.0035520658066927613
2023-03-08,-0.0138211382113822
2023-03-09,-0.004248842665990127
2023-03-10,-0.010794803209782322
2023-03-13,0.008240785449863175
2023-03-14,-0.024360652597298915
2023-03-15,0.011519078473722244
2023-03-16,-0.0022969912649629665
2023-03-17,0.011932942053892726
2023-03-20,-0.008267375909251085
2023-03-21,0.002811076286794334
2023-03-22,0.012082742621471798
2023-03-23,0.005221100888223917
2023-03-24,-0.00459224069675368
2023-03-27,-0.004613426662424369
2023-03-28,0.011219434233658232
2023-03-29,0.0020546213174863492
2023-03-30,0.0032806536071416925
2023-03-31,0.01251375569878932
2023-04-03,-0.0051237462348228124
2023-04-04,0.0042761720456958585
2023-04-05,0.005625485625485593
2023-04-06,-0.017740140932130055
2023-04-07,0.01743125039330451
2023-04-10,0.009339435922810502
2023-04-11,0.013756970402598157
2023-04-12,0.0036872487683983213
2023-04-13,0.0030112318949682138
2023-04-14,0.0017712930439222063
2023-04-17,0.0007192519779428697
2023-04-18,-0.0012577862961188346
2023-04-19,0.0008095952023987607
2023-04-20,-0.0033256434071364804
2023-04-21,-0.005170444297481036
2023-04-24,-0.006768598537499226
2023-04-25,-0.012838454517797304
2023-04-26,-0.0015717455621301335
2023-04-27,0.0034571102262552778
2023-04-28,0.004214217601279602
2023-05-02,0.00805611713533061
2023-05-03,-0.007809413838159807
2023-05-04,-0.0010719098370696178
2023-05-08,0.00836986847349519
2023-05-09,-0.0020674977196715183
2023-05-10,-0.006641886539516251
2023-05-11,-0.002331002331002474
2023-05-12,-0.005134038366945259
2023-05-15,0.0026266184604923914
2023-05-16,0.00261973740985022
2023-05-17,0.003996188251206512
2023-05-18,0.009889470622454821
2023-05-19,0.013309483385884224
2023-05-22,0.006103581366124988
2023-05-23,0.002438516668153534
2023-05-24,-0.00177994007535065
2023-05-25,-0.0033879164313946886
2023-05-26,0.0052482480990010405
2023-05-30,0.013022455578297842
2023-05-31,-0.006969253294289879
2023-06-01,-0.003066761028544529
2023-06-02,0.013576668244202672
2023-06-05,0.0036186418420054434
2023-06-07,-0.0020063388677270533
2023-06-08,-0.0013693840685276015
2023-06-09,0.011787016776075854
2023-06-12,-0.006401568672683822
2023-06-13,0.005281945613373251
2023-06-14,-0.005023239700915227
2023-06-15,-0.004236181633541225
2023-06-16,0.0057693988752587355
2023-06-19,-0.005910131239679095
2023-06-20,-0.0016028910325532886
2023-06-21,-0.009165742308365865
2023-06-22,0.004949328305444256
2023-06-23,-0.007827157598499057
2023-06-26,0.0057024671295613505
2023-06-27,-0.0001762735765908907
2023-06-28,-0.005612364833098127
2023-06-29,-0.005969090747909411
2023-06-30,0.004637474360117633
2023-07-03,0.015179760319573798
2023-07-04,-0.004343010376588574
2023-07-05,-0.007465089727450858
2023-07-06,-0.008376592732421084
2023-07-07,-0.013771564544913684
2023-07-10,-0.00220164671110179
2023-07-11,0.018679724338048542
2023-07-12,0.0072399264138627295
2023-07-13,0.004919578153538051
2023-07-14,0.017002315832673753
2023-07-17,-0.003401262502522151
2023-07-18,-0.006854663774403469
2023-07-19,-0.0007863008911409564
2023-07-20,-0.004196904782722721
2023-07-21,0.002107296514180179
2023-07-24,0.005636846870527679
2023-07-25,0.0017425650557620909
2023-07-26,-0.012640612315899413
2023-07-27,0.01233262861169826
2023-07-28,-0.002117415013342616
2023-07-31,0.004621689968898224
2023-08-01,0.015566228806203286
2023-08-02,-0.02051282051282044
2023-08-03,-0.006573589296102411
2023-08-04,-0.0008490952743456237
2023-08-07,-0.004600732600732571
2023-08-08,-0.0050930287329251644
2023-08-09,0.010830004438526553
2023-08-10,-0.003366411990281426
2023-08-11,-0.004347059860189018
2023-08-14,-0.007817570358133352
2023-08-16,-0.01501501501501501
2023-08-17,-0.0031695242695000125
2023-08-18,-0.005481028374163421
2023-08-21,0.0012788502527250056
2023-08-22,0.0026152536187811215
2023-08-23,-0.0016681831968456962
2023-08-24,0.01418806015494467
2023-08-25,-0.010694386196153594
2023-08-28,0.0069038607115821105
2023-08-29,0.003698914383664764
2023-08-30,0.0035354745925215703
2023-08-31,-0.0005672657789455027
2023-09-01,0.010545182972367284
2023-09-04,0.008099798983090878
2023-09-05,-0.002140636912790872
2023-09-06,-0.007170354697463965
2023-09-07,-0.003285481722658079
2023-09-08,-0.0010096810595713324
2023-09-11,0.0035077288941736118
2023-09-12,-0.006043012026778705
2023-09-13,0.0013411217738570347
2023-09-14,0.015476651090806204
2023-09-15,0.011108180192854533
2023-09-18,-0.012493477882775772
2023-09-19,-0.005430475239968313
2023-09-20,-0.0002065993742990102
2023-09-21,-0.016856088560885496
2023-09-22,-0.003062695171751284
2023-09-25,-0.0013252213722064754
2023-09-26,-0.014114240907171727
2023-09-27,-0.0005812174977056772
2023-10-04,-0.022221542040341546
2023-10-05,-0.0027234308968540066
2023-10-06,0.0011300144390733458
2023-10-10,0.0005330156142222542
2023-10-11,0.01764281909059573
2023-10-12,0.012656278869249249
2023-10-13,-0.009365972327809113
2023-10-16,-0.00761273290972142
2023-10-17,0.012558384113334764
2023-10-18,0.004490606384603524
2023-10-19,-0.018429535916306805
2023-10-20,-0.014871731317387615
2023-10-23,-0.007736822241791397
2023-10-24,0.009286846275752714
2023-10-25,-0.00609239079232482
2023-10-26,-0.027615406489936545
2023-10-27,0.002534524776604208
2023-10-30,0.00136129387741879
2023-10-31,-0.010972649296002501
2023-11-01,0.013581620630972457
2023-11-02,0.017597106971037668
2023-11-03,0.00977281380885886
2023-11-06,0.05002513826043242
2023-11-07,-0.02055901364615753
2023-11-08,-0.010052247242506751
2023-11-09,0.003981481481481586
2023-11-10,-0.0047342371422424145
2023-11-13,-0.0013590733590733706
2023-11-14,0.01008320188054812
2023-11-15,0.02262914535934102
2023-11-16,0.0010480297041561837
2023-11-17,-0.006730280278783196
2023-11-20,0.006534963560802298
2023-11-21,0.007001166861143382
2023-11-22,0.0007130760317319851
2023-11-23,0.00029690329859577425
2023-11-24,-0.008637321539877174
2023-11-27,-0.0009880239520957401
2023-11-28,0.011538346270266953
2023-11-29,-0.0026665086513391056
2023-11-30,0.005376982948131381
2023-12-01,-0.010725999468132241
2023-12-04,0.004002389486260416
2023-12-05,-0.009787588504789557
2023-12-06,0.0018026137899953554
2023-12-07,-0.002339181286549641
2023-12-08,0.011813508882676516
2023-12-11,0.00395127748068913
2023-12-12,0.0054449146272896876
2023-12-13,-0.009094387379697921
2023-12-14,0.013811334204585801
2023-12-15,0.007793044853953823
2023-12-18,-0.001424460013372486
2023-12-19,0.0013100436681221517
2023-12-20,0.017909579880796667
2023-12-21,-0.0037988060895148834
2023-12-22,0.0010608406445324903
2023-12-26,0.0036660461119863985
2023-12-27,0.005792883029420937
2023-12-28,0.015689723656585164
2024-01-02,0.007151037738484245
2024-01-03,-0.02593260296768829
2024-01-04,-0.008912300683371233
2024-01-05,-0.0024420375211882117
2024-01-08,-0.004723230228673603
2024-01-09,-0.005121824179640022
2024-01-10,-0.009162037171693616
2024-01-11,-0.001115481711971067
2024-01-12,-0.006053838015751545
2024-01-15,0.0030157885400035056
2024-01-16,-0.01329442282749671
2024-01-17,-0.025752098706420146
2024-01-18,0.0031277789702861547
2024-01-19,0.01791336777427932
2024-01-22,-0.001081113546953394
2024-01-23,0.007034843519826861
2024-01-24,-0.0050750813505688885
2024-01-25,0.0015903021574099618
2024-01-26,0.001228280407429505
2024-01-29,0.010861434427455796
2024-01-30,-0.0010655931802034946
2024-01-31,-0.0036742918098850996
2024-02-01,0.01834998810373545
2024-02-02,0.03218363949651004
2024-02-05,-0.012109894462835724
2024-02-06,-0.0038665330087354066
2024-02-07,0.012794709603220156
2024-02-08,0.0029524485450673765
2024-02-13,0.011576891505561848
2024-02-14,-0.013123286138004397
2024-02-15,-0.00419631971419665
2024-02-16,0.01227186014065662
2024-02-19,0.01507650765076507
2024-02-20,-0.01097317667922848
2024-02-21,-0.002465538496021491
2024-02-22,0.004578137287945205
2024-02-23,0.002516285961920106
2024-02-26,-0.008617564213403206
2024-02-27,-0.007651625970518827
2024-02-28,0.011424197754847487
2024-02-29,-0.003419378345805746
2024-03-04,0.015552493179964655
2024-03-05,-0.009720299086125817
2024-03-06,-0.0037473083699207654
2024-03-07,0.0016000000000000458
2024-03-08,0.01370438876744573
2024-03-11,-0.009316856044897848
2024-03-12,0.007730088742535113
2024-03-13,0.005344631829636404
2024-03-14,0.010026443367121995
2024-03-15,-0.019881095232900714
2024-03-18,0.00534238570911838
2024-03-19,-0.011015471478785566
2024-03-20,0.01676321607477682
2024-03-21,0.028459759991192435
2024-03-22,-0.002702992024835593
2024-03-25,-0.005152287669394795
2024-03-26,0.01043886386318893
2024-03-27,-0.0013881473571810687
2024-03-28,-0.002298973481608124
2024-03-29,0.0037779325866780233
2024-04-01,-0.0009342551317300662
2024-04-02,0.00550390082291341
2024-04-03,-0.017590476696603963
2024-04-04,0.01593097479173422
2024-04-05,-0.010755837171534388
2024-04-08,0.0025298059585003863
2024-04-09,-0.0060132613889559705
2024-04-11,0.001215329354255168
2024-04-12,-0.009360164005179139
2024-04-15,-0.005282505105513979
2024-04-16,-0.02365114560236503
2024-04-17,-0.010878403005579407
2024-04-18,0.01777261260239804
2024-04-19,-0.018047123043502533
2024-04-22,0.012224176073515336
2024-04-23,-0.0025498052621254486
2024-04-24,0.02140569694926686
2024-04-25,-0.01949944994499464
2024-04-26,0.012650416538105391
2024-04-29,0.009583956567503327
2024-04-30,0.0017833625987708768
2024-05-02,-0.002245775477227263
2024-05-03,-0.0020037879827620175
2024-05-07,0.025358930634248322
2024-05-08,0.0034603004291844375
2024-05-09,-0.014060787511026684
2024-05-10,0.006100371444839103
2024-05-13,-0.0002425353023606247
2024-05-14,0.00013477452222443453
2024-05-16,0.009594652867615405
2024-05-17,-0.010731446876668493
2024-05-20,0.00836526525986292
2024-05-21,-0.005700064226075829
2024-05-22,-0.0003767998923428495
2024-05-23,0.0005654128860288488
2024-05-24,-0.014907701415424413
2024-05-27,0.013876748251748339
2024-05-28,0.00045802349391088626
2024-05-29,-0.017154552554331737
2024-05-30,-0.017152564664620784
2024-05-31,-0.0013660440479509317
2024-06-03,0.020295357471874054
2024-06-04,-0.008098938382401277
2024-06-05,0.01081319651329582
2024-06-07,0.013508350616744824
2024-06-10,-0.010581868117073734
2024-06-11,0.000680346160126355
2024-06-12,0.00927361235756452
2024-06-13,0.009781202845440706
2024-06-14,0.0033355570380253496
2024-06-17,-0.005691489361702051
2024-06-18,0.010351468464131042
2024-06-19,0.013978238424271261
2024-06-20,0.0046212892613768375
2024-06-21,-0.01013566193669102
2024-06-24,-0.006537492123503519
2024-06-25,0.0038584529189462646
2024-06-26,0.008319073318415082
2024-06-27,-0.0019320644369599238
2024-06-28,0.0045779161325765205
2024-07-01,0.0008332899328160615
2024-07-02,-0.008169849612322366
2024-07-03,0.005325288562434416
2024-07-04,0.013829814993606915
2024-07-05,0.017862198543227237
2024-07-08,-0.0025286368118947466
2024-07-09,0.0033462620731614656
2024-07-10,-0.00048005255312155715
2024-07-11,0.007381193124367913
2024-07-12,-0.015632841513600226
2024-07-15,0.003951158581661396
2024-07-16,0.0037324801950031627
2024-07-17,-0.009511522602514422
2024-07-18,-0.006512578214787457
2024-07-19,-0.013136246786632388
2024-07-22,-0.010549897105941786
2024-07-23,0.004765164279696643
2024-07-24,-0.007834403249050048
2024-07-25,-0.019542597580943455
2024-07-26,0.007918978613370653
2024-07-29,0.012105825761624889
2024-07-30,-0.010191957331080248
2024-07-31,0.014991863846133269
2024-08-01,0.0001314094982785008
2024-08-02,-0.04038997214484685
2024-08-05,-0.091217788974998
2024-08-06,0.029741457241005298
2024-08-07,0.021537471102917483
2024-08-08,-0.006846371995760325
2024-08-09,0.013902509374098537
2024-08-12,0.011635184342285054
2024-08-13,0.003965017856640607
2024-08-14,0.009439247101002746
2024-08-16,0.024196009878187485
2024-08-19,-0.009726097911191833
2024-08-20,0.009493324578682572
2024-08-21,-0.0020867774194421873
2024-08-22,0.0023898756178371006
2024-08-23,-0.0032240585207260475
2024-08-26,-0.004348889674105183
2024-08-27,-0.004777374355054431
2024-08-28,0.0019749835418036987
2024-08-29,-0.014180902321506705
2024-08-30,0.00402665926131629
2024-09-02,0.001493569354169555
2024-09-03,-0.009086138805269317
2024-09-04,-0.03383500557413599
2024-09-05,-0.002134656435700766
2024-09-06,-0.0102624884366328
2024-09-09,-0.006396588486140664
2024-09-10,-0.004997354341819027
2024-09-11,-0.008360907586859034
2024-09-12,0.0244302100402205
2024-09-13,-0.00046531917987502336
2024-09-19,-0.001192935494195413
2024-09-20,0.004049172687019542
2024-09-23,0.003220471755592147
2024-09-24,0.011076406963965724
2024-09-25,-0.014444666914561921
2024-09-26,0.03447875551427915
2024-09-27,-0.007041858377286436
2024-09-30,-0.025909078066284286
2024-10-02,-0.01171829678616998
2024-10-04,0.0029936604836815484
2024-10-07,0.01638672675133135
2024-10-08,-0.008953762883629701
2024-10-10,0.0028469337361647362
2024-10-11,0.0006952289910489018
2024-10-14,0.012418584455058612
2024-10-15,0.0038028249556814053
2024-10-16,-0.010852536531176127
2024-10-17,0.00135345274434151
2024-10-18,-0.006643085152273298
2024-10-21,0.003474031613687645
2024-10-22,-0.01306906698978716
2024-10-23,0.012219006694144774
2024-10-24,-0.009790048228261128
2024-10-25,0.001429071395240289
2024-10-28,0.011358010309578503
2024-10-29,0.0029083998041870007
2024-10-30,-0.00941770988859536
2024-10-31,-0.01646376811594208
2024-11-01,-0.005393139219615706
2024-11-04,0.018104240125633497
2024-11-05,-0.006199068684516917
2024-11-06,-0.0025185228570592244
2024-11-07,0.0007633363671060156
2024-11-08,-0.003403056883856115
2024-11-11,-0.01492449442171262
2024-11-12,-0.02190413578771211
2024-11-13,-0.025877608383489736
2024-11-14,-0.003575461046292805
2024-11-15,0.008907774630154242
2024-11-18,0.024677877265778525
2024-11-19,-0.0010047497259773053
2024-11-20,0.0027734601200815057
2024-11-21,0.001428484590602519
2024-11-22,0.00871043127257276
2024-11-25,0.01284751474304957
2024-11-26,-0.00305973917951452
2024-11-27,-0.009773539928486397
2024-11-28,-0.0026179585941261685
2024-11-29,-0.018102277869965322
2024-12-02,-0.0003379935473959428
2024-12-03,0.01874961578656187
2024-12-04,-0.014633116099444954
2024-12-05,-0.00832848525674379
2024-12-06,-0.0055577855312316515
2024-12-09,-0.02586394262116931
2024-12-10,0.022470835723847893
2024-12-11,0.009570123756974969
2024-12-12,0.015994565553016704
2024-12-13,0.004406759056649667
2024-12-16,-0.0026627129413900885
2024-12-17,-0.013227754012317683
2024-12-18,0.01374327440430445
2024-12-19,-0.0222613126288973
2024-12-20,-0.012562814070351758
2024-12-23,0.0146074828008671
2024-12-24,0.0012694284475818218
2024-12-26,-0.0059989486378675405
2024-12-27,-0.007528386996422554
2024-12-30,-0.003792746763627175
2025-01-02,-0.00015732175445226648
2025-01-03,0.01960537495672976
2025-01-06,0.02320987654320983
2025-01-07,-0.0019003378378378288
2025-01-08,0.012269938650306678
2025-01-09,0.0013434841021047195
2025-01-10,-0.0025342874180082076
2025-01-13,-0.01267374084591244
2025-01-14,0.0013018073930550766
2025-01-15,0.0006954102920724292
2025-01-16,0.014381968154213443
2025-01-17,-0.00190629374795237
2025-01-20,-0.00343191381419905
2025-01-21,0.0014972749595736357
2025-01-22,0.012917115177610405
2025-01-23,-0.012575274530641112
2025-01-24,0.006696562032884934
2025-01-31,-0.010037417592207665
2025-02-03,-0.02642788576913846
2025-02-04,0.012848559543984006
2025-02-05,0.011407885130201967
2025-02-06,0.012211628116822304
2025-02-07,-0.007844768668469393
2025-02-10,0.0018269489951781015
2025-02-11,0.006487294469357252
2025-02-12,0.0016633498678231273
2025-02-13,0.011357233935296307
2025-02-14,0.004984460212279274
2025-02-17,0.006856109230948926
2025-02-18,0.007910521283069016
2025-02-19,0.019232980680772727
2025-02-20,-0.006713113135700777
2025-02-21,-0.0006531307681384435
2025-02-24,-0.005739940895658213
2025-02-25,-0.006744784224063882
2025-02-26,0.005092938942280023
2025-02-27,-0.008187569780424342
2025-02-28,-0.03515658825227308
2025-03-04,-0.0007478984054806181
2025-03-05,0.009161128076163205
2025-03-06,0.009582295004153307
2025-03-07,-0.005553759807234493
2025-03-10,0.001093315997872546
2025-03-11,-0.011304938162283507
2025-03-12,0.017703606400764293
2025-03-13,0.0015547537328757244
2025-03-14,-0.0018159451701716955
2025-03-17,0.021684272300469543
2025-03-18,-0.001005198311266886
2025-03-19,0.008653403863845499
2025-03-20,0.007553085364115697
2025-03-21,0.004752475247524757
2025-03-24,-0.0054620192578410665
2025-03-25,-0.0060865134186389724
2025-03-26,0.011136745563815609
2025-03-27,-0.013352112676056405
2025-03-28,-0.02084166048078573
2025-03-31,-0.030790762771168656
2025-04-01,0.01750902527075837
2025-04-02,-0.005795044645497072
2025-04-03,-0.009932790102896494
2025-04-04,-0.012765829628739622
2025-04-07,-0.05802172391760729
2025-04-08,0.001388888888888662
2025-04-09,-0.017740218688514053
2025-04-10,0.06748103635109848
2025-04-11,-0.00849021779254333
2025-04-14,0.00933854554480007
2025-04-15,0.008637383579749747
2025-04-16,-0.014048881574937555
2025-04-17,0.008561802614904357
2025-04-18,0.006282562059454433
2025-04-21,0.0029237094563727695
2025-04-22,-0.002125656676080223
2025-04-23,0.016219835062840415
2025-04-24,-0.0006588009822122709
2025-04-25,0.009439050701186558
2025-04-28,0.0006233858758570854
2025-04-29,0.005873976504094047
2025-04-30,-0.0009437857606323652
2025-05-02,0.00014760583338246924
2025-05-07,0.007438236075444804
2025-05-08,0.00046878204564770876
2025-05-09,5.8570299001248216e-05
2025-05-12,0.01636943980790062
2025-05-13,0.00025930621182435054
2025-05-14,0.013307601463260044
2025-05-15,-0.007476051053185162
2025-05-16,0.003694581280788034
2025-05-19,-0.011071479526323258
2025-05-20,0.0012984389877945812
2025-05-21,0.0068007607630684586
2025-05-22,-0.013108935829183044
2025-05-23,0.0013921113689094877
2025-05-26,0.019781047265987173
2025-05-27,-0.0023572179148563244
2025-05-28,0.014461398314734808
2025-05-29,0.01885733527893141
2025-05-30,-0.009529580257794379
2025-06-02,0.0001946499082363662
2025-06-04,0.028385554227251086
2025-06-05,0.017950797512841454
2025-06-09,0.017129654220003232
2025-06-10,0.004699861615185874
2025-06-11,0.012994100678292098
2025-06-12,0.002129351702198523
2025-06-13,-0.00849930879115246
2025-06-16,0.017712367673638152
2025-06-17,0.0025877816115282837
2025-06-18,0.0093122121564857
2025-06-19,0.0010780725066439345
2025-06-20,0.015101805705126425
2025-06-23,-0.002467186420605949
2025-06-24,0.0332409972299168
2025-06-25,0.004189008042895459
2025-06-26,-0.009177373602536232
2025-06-27,-0.007073088582014164
2025-06-30,0.00455514634619103
2025-07-01,0.0040038591413409375
2025-07-02,-0.004396290779801082
2025-07-03,0.01570832227396668
2025-07-04,-0.01948021095643082
2025-07-07,0.000678393177302894
2025-07-08,0.019853760108469398
2025-07-09,0.001899245050092535
2025-07-10,0.015165158049381677
2025-07-11,-0.0008169553242146632
2025-07-14,0.010325414067792638
2025-07-15,0.00529492011375976
2025-07-16,-0.008326049956299597
2025-07-17,0.0011132758140828258
2025-07-18,-0.0012510425354461674
2025-07-21,0.008025980051032278
2025-07-22,-0.014980670103092786
2025-07-23,0.004648989604018272
2025-07-24,-2.325365082334052e-05
2025-07-25,0.001744064367602327
2025-07-28,0.006012349691257857
2025-07-29,0.005699517733114723
2025-07-30,0.009108847283406885
2025-07-31,-0.0027511880130055566
2025-08-01,-0.04076607387140907
2025-08-04,0.009673892374976178
2025-08-05,0.015207514301184055
2025-08-06,-0.0013217391304347625
2025-08-07,0.01084331754434853
2025-08-08,-0.004318364534282804
2025-08-11,-0.0004152536507716631
2025-08-12,-0.003831152346003841
2025-08-13,0.012255867293746947
2025-08-14,-0.0008010619793097362
2025-08-18,-0.016904505577570617
2025-08-19,-0.007013210932221181
2025-08-20,-0.005912994509362224
2025-08-21,0.0017702874946892155
2025-08-22,0.00963690770716985
2025-08-25,0.012578763127187864
2025-08-26,-0.010325197630735805
2025-08-27,0.0020958990242425646
2025-08-28,0.0034858590318607163
2025-08-29,-0.0039137583659479835
2025-09-01,-0.015786292197526364
2025-09-02,0.011385916424538678
2025-09-03,0.0051850986803692045
2025-09-04,0.004530984966424123
2025-09-05,0.001249074759437585
2025-09-08,0.004597329390565008
2025-09-09,0.01478670806025062
2025-09-10,0.019874002900652776
2025-09-11,0.008776802577491472
2025-09-12,0.019251101321585917
2025-09-15,0.004127587846306735
2025-09-16,0.017647691811040644
2025-09-17,-0.01239293644919115
2025-09-18,0.01788046853251668
2025-09-19,-0.003997138890057594
2025-09-22,0.010244170327813551
2025-09-23,0.00679504066570491
2025-09-24,-0.0023881712837978686
2025-09-25,0.0004995940798102616
2025-09-26,-0.02621559203545354
2025-09-29,0.015362263102792761
2025-09-30,-0.002504103362653165
2025-10-01,0.011265109803177076
2025-10-02,0.02928844107891604
2025-10-10,0.027482215601629445
2025-10-13,-0.010059766850109564
2025-10-14,-0.009922888397393748
2025-10-15,0.0274909939825716
2025-10-16,0.027225541083145677
2025-10-17,0.001963962246162687
2025-10-20,0.018649615589556134
2025-10-21,0.0
2025-10-22,0.013656404124944066
2025-10-23,-0.01146353600324379
2025-10-24,0.025430206760258756
2025-10-27,0.02850857257140782
2025-10-28,-0.010924711414379007
2025-10-29,0.021447337849189507
2025-10-30,0.006474077443964221
2025-10-31,0.00738860590045376
2025-11-03,0.03377282297311268
2025-11-04,-0.02852945595379186
2025-11-05,-0.028422174107296416
2025-11-06,0.005270604881499885
2025-11-07,-0.018297617790914544
2025-11-10,0.031058460876733696
2025-11-11,0.01060297926335374
2025-11-12,0.009150169415730769
2025-11-13,0.0032723740050788486
2025-11-14,-0.04284379512443737
2025-11-17,0.023463429352359677
2025-11-18,-0.035029914159368625
2025-11-19,-0.006811034234881941
2025-11-20,0.020880830890601887
2025-11-21,-0.04225451967387461
2025-11-24,0.0008327781479011698
2025-11-25,0.007044988073445557
2025-11-26,0.027083103815504384
2025-11-27,0.007133024652734354
2025-11-28,-0.016614598125532565
2025-12-01,-7.220216606496077e-05
2025-12-02,0.021228969600693093
2025-12-03,0.008962030686558542
2025-12-04,-0.001822036125370019
2025-12-05,0.01941202281702492
2025-12-08,0.014393691568671318
2025-12-09,-0.0057878031807457875
2025-12-10,-0.00040972411909312445
2025-12-11,-0.009154256045907916
2025-12-12,0.013392857142857206
2025-12-15,-0.022859864269555774
2025-12-16,-0.02257654615398008
2025-12-17,0.019767773187063797
2025-12-18,-0.012172121127449365
2025-12-19,0.004861663572880648
2025-12-22,0.02521111893033079
2025-12-23,0.003277675767508148
2025-12-24,-0.0007354953475642301
2025-12-26,0.010047756799780982
2025-12-29,0.026454040130151846
2025-12-30,0.00047879278178597495
