v,q,g,m,gr,mom,e,x,s,cagr,mdd,cal,sh
25,5,35,35,0.3,6m-1m,5,7,5,75.98,25.48,2.981,1.637
25,10,20,45,0.4,6m-1m,5,7,6,77.14,26.22,2.942,1.663
20,5,25,50,0.5,6m-1m,4,7,6,89.05,30.77,2.894,1.724
25,10,20,45,0.4,6m-1m,5,7,7,76.32,26.47,2.883,1.653
15,5,30,50,0.6,6m-1m,5,7,5,89.83,31.18,2.881,1.79
20,5,25,50,0.5,6m-1m,4,7,7,88.92,30.99,2.869,1.723
20,5,25,50,0.5,6m-1m,4,7,5,86.53,31.64,2.734,1.69
15,10,25,50,0.6,6m-1m,5,8,5,86.89,31.8,2.732,1.778
15,10,25,50,0.6,6m-1m,5,8,6,79.11,29.0,2.727,1.695
15,5,30,50,0.6,6m-1m,5,8,6,81.83,30.21,2.709,1.721
25,10,20,45,0.3,6m-1m,5,8,7,66.56,24.6,2.706,1.534
15,10,25,50,0.6,6m-1m,5,7,5,90.03,33.42,2.694,1.816
25,10,20,45,0.4,6m-1m,5,7,5,74.73,27.8,2.688,1.615
25,10,20,45,0.3,6m-1m,5,7,6,75.84,28.39,2.672,1.648
15,10,25,50,0.6,6m-1m,5,7,7,83.91,31.42,2.671,1.756
15,10,25,50,0.6,6m-1m,5,8,7,79.63,29.84,2.669,1.709
15,10,25,50,0.6,6m-1m,5,7,6,82.54,30.99,2.663,1.735
25,10,20,45,0.3,6m-1m,5,7,7,74.95,28.39,2.64,1.636
15,10,25,50,0.6,6m-1m,5,9,5,89.81,34.07,2.636,1.806
25,10,20,45,0.3,6m-1m,5,8,6,65.7,24.99,2.629,1.516
15,5,30,50,0.6,6m-1m,5,8,7,84.85,32.29,2.628,1.771
15,10,25,50,0.5,6m-1m,6,9,5,78.76,30.05,2.621,1.671
15,5,30,50,0.6,6m-1m,5,8,5,82.17,31.45,2.613,1.7
25,5,35,35,0.3,6m-1m,5,8,5,70.87,27.24,2.602,1.558
20,5,25,50,0.5,6m-1m,4,8,4,82.49,31.7,2.602,1.615
15,10,25,50,0.6,6m-1m,5,9,6,77.19,29.95,2.577,1.669
15,5,30,50,0.6,6m-1m,5,9,5,78.39,30.58,2.564,1.657
15,10,25,50,0.7,6m-1m,5,8,7,73.09,28.71,2.546,1.593
20,5,25,50,0.5,6m-1m,4,8,6,82.69,32.52,2.542,1.653
15,5,25,55,0.7,6m-1m,5,7,6,76.34,30.06,2.54,1.617
15,10,25,50,0.7,6m-1m,5,8,5,77.3,30.59,2.527,1.637
20,5,25,50,0.5,6m-1m,4,8,7,83.55,33.13,2.522,1.665
20,15,25,40,0.4,6m,5,7,5,78.73,31.34,2.512,1.621
15,5,25,55,0.7,6m-1m,5,7,7,76.42,30.47,2.508,1.62
25,10,25,40,0.4,6m,5,7,6,62.97,25.11,2.507,1.42
15,5,30,50,0.6,6m-1m,5,7,6,84.14,33.57,2.506,1.732
25,10,25,40,0.4,6m,5,8,6,62.71,25.11,2.497,1.423
25,10,25,40,0.4,6m,5,7,7,62.69,25.11,2.496,1.415
15,10,25,50,0.6,6m-1m,5,9,7,76.45,30.7,2.49,1.667
20,5,25,50,0.6,6m-1m,5,7,5,76.79,30.88,2.486,1.613
15,5,25,55,0.7,6m-1m,6,7,6,71.78,29.05,2.471,1.582
25,10,20,45,0.4,6m-1m,5,8,7,74.55,30.2,2.468,1.644
20,15,25,40,0.4,6m,5,8,6,67.57,27.46,2.46,1.494
20,5,25,50,0.5,6m-1m,5,7,6,76.47,31.09,2.46,1.621
25,10,25,40,0.4,6m,5,9,6,61.75,25.11,2.459,1.413
15,10,25,50,0.6,6m-1m,4,7,4,82.26,33.49,2.456,1.627
25,5,35,35,0.3,6m-1m,5,7,6,66.55,27.13,2.453,1.515
15,10,25,50,0.5,6m-1m,5,9,5,80.41,32.8,2.451,1.687
15,10,25,50,0.6,6m-1m,4,8,7,75.54,30.84,2.449,1.589
20,10,20,50,0.6,6m-1m,5,8,7,64.4,26.34,2.445,1.473
25,10,25,40,0.4,6m,5,8,7,61.24,25.11,2.439,1.402
20,5,25,50,0.6,6m-1m,5,7,6,74.95,30.76,2.436,1.602
15,5,30,50,0.6,6m-1m,5,7,7,82.46,33.85,2.436,1.712
15,10,25,50,0.6,6m-1m,5,7,4,83.88,34.43,2.436,1.682
25,10,20,45,0.4,6m-1m,4,7,5,68.67,28.21,2.435,1.492
15,10,25,50,0.6,6m-1m,4,8,6,74.49,30.62,2.433,1.573
25,5,35,35,0.3,6m-1m,5,7,7,66.04,27.16,2.432,1.508
15,5,30,50,0.6,6m-1m,6,7,4,78.12,32.22,2.425,1.579
20,15,25,40,0.4,6m,5,8,7,66.42,27.46,2.418,1.485
25,10,25,40,0.4,6m,6,7,7,61.5,25.49,2.413,1.444
25,10,25,40,0.4,6m,5,9,7,60.46,25.11,2.407,1.399
15,5,30,50,0.6,6m-1m,5,7,4,81.87,34.13,2.399,1.623
20,5,25,50,0.6,6m-1m,5,7,7,75.29,31.46,2.394,1.608
20,5,25,50,0.6,6m-1m,5,8,6,71.97,30.12,2.389,1.58
25,10,20,45,0.3,6m-1m,5,7,5,71.58,29.99,2.387,1.573
25,10,20,45,0.4,6m-1m,4,7,7,67.31,28.21,2.386,1.476
15,5,25,55,0.7,6m-1m,5,8,6,70.73,29.69,2.382,1.56
15,10,25,50,0.5,6m-1m,5,7,7,79.25,33.36,2.376,1.681
15,10,25,50,0.6,6m-1m,4,7,5,77.03,32.42,2.376,1.588
20,10,20,50,0.6,6m-1m,5,7,6,70.58,29.72,2.375,1.549
20,15,25,40,0.4,6m,5,8,5,73.29,30.87,2.374,1.547
20,5,25,50,0.5,6m-1m,4,7,4,82.58,34.88,2.368,1.607
25,10,20,45,0.3,6m-1m,5,9,7,61.03,25.78,2.368,1.464
20,5,25,50,0.6,6m-1m,5,8,7,73.02,31.05,2.352,1.601
25,10,20,45,0.4,6m-1m,4,7,6,66.09,28.21,2.343,1.456
20,5,25,50,0.6,6m-1m,4,7,6,79.63,34.14,2.333,1.619
25,10,20,45,0.4,6m-1m,5,8,6,72.8,31.27,2.328,1.614
20,5,25,50,0.6,6m-1m,4,7,7,79.58,34.23,2.325,1.618
25,5,35,35,0.3,6m-1m,5,8,6,64.19,27.62,2.324,1.488
15,10,25,50,0.6,6m-1m,6,7,4,79.8,34.34,2.324,1.617
20,10,20,50,0.6,6m-1m,5,7,7,69.82,30.06,2.323,1.539
15,10,25,50,0.5,6m-1m,5,7,4,85.6,36.89,2.32,1.679
15,10,25,50,0.5,6m-1m,5,8,7,72.98,31.47,2.319,1.611
20,15,25,40,0.4,6m,6,8,6,66.71,28.77,2.319,1.521
15,5,25,55,0.7,6m-1m,5,8,7,71.41,30.84,2.316,1.573
25,10,20,45,0.3,6m-1m,6,8,5,61.04,26.38,2.314,1.455
15,10,25,50,0.5,6m-1m,5,7,6,79.56,34.5,2.306,1.68
20,5,25,50,0.5,6m-1m,5,7,7,74.08,32.14,2.305,1.587
25,5,35,35,0.3,6m-1m,4,7,5,68.71,29.82,2.304,1.497
25,10,20,45,0.3,6m-1m,6,7,5,72.31,31.4,2.303,1.605
20,15,25,40,0.4,6m,5,7,6,68.57,29.79,2.302,1.498
15,10,25,50,0.5,6m-1m,5,7,5,85.63,37.21,2.302,1.747
20,15,25,40,0.4,6m,5,7,7,68.45,29.77,2.299,1.497
15,5,30,50,0.6,6m-1m,4,8,7,73.24,31.91,2.295,1.533
15,5,25,55,0.7,6m-1m,6,7,7,69.47,30.38,2.287,1.553
15,10,25,50,0.7,6m-1m,5,9,7,70.86,31.02,2.284,1.564
15,5,25,55,0.7,6m-1m,5,7,5,75.6,33.16,2.28,1.588
15,10,25,50,0.6,6m-1m,4,7,7,75.76,33.25,2.278,1.581
25,10,20,45,0.3,6m-1m,4,7,7,65.86,28.98,2.272,1.461
25,10,20,45,0.3,6m-1m,4,7,6,65.86,28.98,2.272,1.461
15,10,25,50,0.7,6m-1m,5,8,6,67.93,30.04,2.261,1.519
20,5,25,50,0.5,6m-1m,5,8,6,71.35,31.57,2.26,1.563
15,10,25,50,0.7,6m-1m,4,8,7,69.99,31.01,2.257,1.527
15,10,25,50,0.5,6m-1m,5,8,6,73.58,32.62,2.256,1.613
20,5,25,50,0.6,6m-1m,4,8,7,77.2,34.22,2.256,1.614
15,10,25,50,0.6,6m-1m,4,7,6,74.95,33.25,2.254,1.569
20,10,20,50,0.6,6m-1m,5,9,7,65.29,29.01,2.25,1.503
20,5,25,50,0.6,6m-1m,4,8,6,76.74,34.12,2.249,1.606
20,5,25,50,0.6,6m-1m,4,7,5,79.48,35.37,2.247,1.613
25,5,35,35,0.3,6m-1m,5,8,7,63.51,28.27,2.247,1.482
15,5,30,50,0.6,6m-1m,4,8,6,72.34,32.22,2.245,1.52
25,10,20,45,0.3,6m-1m,4,8,7,63.28,28.21,2.243,1.437
10,15,25,50,0.3,6m-1m,4,8,6,71.52,31.91,2.242,1.531
25,10,20,45,0.3,6m-1m,5,8,5,60.31,26.92,2.24,1.412
10,15,25,50,0.3,6m-1m,4,8,7,71.19,31.79,2.24,1.522
15,10,25,50,0.7,6m-1m,5,7,7,72.81,32.58,2.235,1.573
25,5,35,35,0.3,6m-1m,4,7,6,66.98,29.99,2.233,1.481
15,10,25,50,0.5,6m-1m,4,8,7,72.0,32.27,2.231,1.533
20,5,25,50,0.5,6m-1m,5,8,7,72.21,32.39,2.229,1.58
10,15,25,50,0.3,6m-1m,5,8,7,65.18,29.27,2.227,1.493
20,10,20,50,0.6,6m-1m,5,8,6,61.89,27.81,2.226,1.43
15,10,25,50,0.6,6m-1m,4,9,7,70.32,31.62,2.224,1.522
15,5,25,55,0.7,6m-1m,4,7,6,78.71,35.41,2.223,1.604
15,5,25,55,0.7,6m-1m,4,7,7,78.71,35.41,2.223,1.604
25,10,25,40,0.4,6m,6,7,6,58.7,26.41,2.222,1.397
15,5,25,55,0.7,6m-1m,4,8,7,77.26,34.81,2.22,1.604
25,10,20,45,0.3,6m-1m,4,8,5,63.21,28.52,2.216,1.425
20,5,25,50,0.5,6m-1m,4,8,5,76.3,34.45,2.214,1.564
25,10,25,40,0.4,6m,5,7,5,59.67,27.02,2.209,1.359
25,10,25,40,0.4,6m,6,9,6,57.94,26.22,2.209,1.399
25,10,20,45,0.3,6m-1m,5,9,6,57.34,25.97,2.208,1.398
15,15,25,45,0.3,6m-1m,5,8,7,70.19,31.81,2.207,1.562
20,5,25,50,0.6,6m-1m,5,9,7,70.7,32.06,2.205,1.576
15,10,25,50,0.5,6m-1m,4,7,6,77.54,35.17,2.204,1.593
15,10,25,50,0.6,6m-1m,5,8,4,80.58,36.65,2.199,1.624
25,5,35,35,0.3,6m-1m,4,7,7,66.42,30.21,2.199,1.473
15,10,25,50,0.6,6m-1m,4,9,6,69.23,31.49,2.199,1.504
15,10,25,50,0.5,6m-1m,4,7,7,77.24,35.17,2.196,1.59
25,10,20,45,0.4,6m-1m,5,8,5,70.25,31.98,2.196,1.555
25,10,20,45,0.3,6m-1m,4,8,6,61.92,28.21,2.195,1.414
15,10,25,50,0.7,6m-1m,4,8,6,67.9,31.01,2.19,1.495
15,5,30,50,0.6,6m-1m,5,9,7,77.23,35.26,2.19,1.682
25,10,20,45,0.3,6m-1m,4,7,5,66.16,30.21,2.19,1.459
20,15,25,40,0.4,6m,6,7,7,63.71,29.1,2.19,1.455
15,10,25,50,0.7,6m-1m,4,9,7,68.73,31.42,2.188,1.511
15,5,30,50,0.6,6m-1m,5,9,6,74.06,33.91,2.184,1.627
25,10,25,40,0.4,6m,5,8,5,59.45,27.25,2.182,1.358
15,10,25,50,0.5,6m-1m,4,9,5,74.67,34.23,2.181,1.568
15,10,25,50,0.5,6m-1m,4,8,6,71.35,32.79,2.176,1.522
20,15,25,40,0.4,6m,6,8,7,60.4,27.77,2.175,1.429
20,15,25,40,0.4,6m,6,7,6,63.64,29.29,2.173,1.452
15,5,25,55,0.7,6m-1m,4,8,6,76.24,35.31,2.159,1.589
20,5,25,50,0.5,6m-1m,4,9,7,78.33,36.32,2.156,1.619
15,10,25,50,0.7,6m-1m,5,7,6,71.72,33.3,2.154,1.558
15,10,25,50,0.7,6m-1m,5,9,6,68.37,31.78,2.151,1.525
25,10,25,40,0.4,6m,6,9,7,58.03,26.99,2.15,1.414
15,10,25,50,0.5,6m-1m,4,7,5,78.53,36.61,2.145,1.602
15,10,25,50,0.7,6m-1m,5,9,5,73.53,34.33,2.142,1.577
20,5,25,50,0.5,6m-1m,4,9,6,78.03,36.52,2.137,1.613
15,5,30,50,0.6,6m-1m,4,7,5,74.04,34.66,2.136,1.525
20,10,20,50,0.6,6m-1m,4,8,4,71.94,33.68,2.136,1.512
15,5,25,55,0.7,6m-1m,5,9,6,67.58,31.64,2.136,1.524
15,10,25,50,0.5,6m-1m,5,8,5,77.44,36.25,2.136,1.638
15,10,25,50,0.7,6m-1m,4,9,6,66.91,31.42,2.13,1.483
20,5,25,50,0.5,6m-1m,5,9,6,68.0,32.0,2.125,1.533
15,10,25,50,0.6,6m-1m,4,8,5,74.0,34.91,2.12,1.554
15,5,25,55,0.7,6m-1m,4,7,5,78.26,36.94,2.119,1.592
15,10,25,50,0.7,6m-1m,5,7,4,74.82,35.41,2.113,1.547
25,10,20,45,0.4,6m-1m,4,8,7,65.9,31.24,2.109,1.471
10,15,25,50,0.3,6m-1m,4,8,5,68.22,32.37,2.108,1.477
20,5,25,50,0.6,6m-1m,4,9,7,75.95,36.05,2.107,1.606
20,5,25,50,0.6,6m-1m,5,9,6,66.42,31.56,2.104,1.507
15,5,25,55,0.7,6m-1m,5,9,7,69.42,33.07,2.099,1.557
25,10,20,45,0.4,6m-1m,4,7,4,70.23,33.54,2.094,1.48
20,5,25,50,0.5,6m-1m,6,7,4,78.38,37.43,2.094,1.587
15,5,30,50,0.6,6m-1m,4,7,6,73.67,35.2,2.093,1.523
15,10,25,50,0.5,6m-1m,4,9,6,71.29,34.12,2.09,1.534
20,5,25,50,0.5,6m-1m,5,9,7,67.84,32.49,2.088,1.538
15,10,25,50,0.5,6m-1m,4,9,7,71.46,34.24,2.087,1.538
15,10,25,50,0.6,6m-1m,4,9,5,73.12,35.07,2.085,1.547
15,5,30,50,0.6,6m-1m,4,7,7,73.72,35.46,2.079,1.523
15,5,25,55,0.7,6m-1m,4,9,7,74.93,36.14,2.073,1.586
25,10,20,45,0.4,6m-1m,4,8,6,64.57,31.24,2.067,1.449
15,5,25,55,0.7,6m-1m,6,8,7,63.91,30.98,2.063,1.49
15,10,25,50,0.6,6m-1m,4,8,4,76.08,36.89,2.062,1.534
10,15,25,50,0.3,6m-1m,4,7,7,72.39,35.15,2.06,1.514
15,10,25,50,0.5,6m-1m,5,9,6,68.03,33.09,2.056,1.545
15,10,25,50,0.5,6m-1m,4,7,4,77.69,37.83,2.054,1.552
20,5,25,50,0.5,6m-1m,5,7,4,79.6,38.75,2.054,1.598
15,10,25,50,0.5,6m-1m,5,8,4,82.06,39.96,2.054,1.633
15,5,25,55,0.7,6m-1m,4,7,4,75.13,36.64,2.05,1.522
15,10,25,50,0.5,6m-1m,5,9,7,67.53,33.13,2.038,1.546
20,10,20,50,0.6,6m-1m,5,7,5,70.77,34.76,2.036,1.535
15,15,25,45,0.3,6m-1m,5,9,7,60.84,29.95,2.031,1.439
10,15,25,50,0.3,6m-1m,4,7,6,71.36,35.15,2.03,1.501
15,5,30,50,0.6,6m-1m,6,9,4,67.55,33.28,2.03,1.457
25,5,35,35,0.3,6m-1m,4,8,6,62.53,30.94,2.021,1.428
15,5,25,55,0.7,6m-1m,6,8,6,64.67,32.11,2.014,1.494
25,10,25,40,0.4,6m,6,8,7,57.8,28.7,2.014,1.397
25,5,35,35,0.3,6m-1m,4,8,5,63.3,31.47,2.012,1.428
25,10,25,40,0.4,6m,5,9,5,56.11,27.88,2.012,1.306
20,10,20,50,0.6,6m-1m,5,9,6,60.82,30.23,2.012,1.426
10,15,25,50,0.3,6m-1m,5,8,6,59.17,29.42,2.011,1.397
15,10,25,50,0.6,6m-1m,6,8,4,76.5,38.06,2.01,1.566
15,5,30,50,0.6,6m-1m,5,9,4,66.86,33.28,2.009,1.439
15,5,30,50,0.6,6m-1m,4,9,7,71.67,35.68,2.009,1.52
15,10,25,50,0.7,6m-1m,6,8,4,69.38,34.57,2.007,1.472
15,5,25,55,0.7,6m-1m,6,9,6,60.5,30.17,2.005,1.442
20,10,20,50,0.6,6m-1m,5,7,4,72.15,36.05,2.002,1.51
15,5,30,50,0.6,6m-1m,4,8,5,69.78,34.88,2.001,1.481
15,10,25,50,0.7,6m-1m,5,7,5,73.66,36.83,2.0,1.574
25,10,20,45,0.4,6m-1m,4,8,5,65.18,32.62,1.998,1.456
15,10,25,50,0.7,6m-1m,4,9,5,65.3,32.69,1.997,1.437
15,5,30,50,0.6,6m-1m,5,8,4,68.76,34.45,1.996,1.47
20,10,20,50,0.6,6m-1m,4,7,4,75.56,37.87,1.995,1.547
25,5,35,35,0.3,6m-1m,4,8,7,62.14,31.16,1.994,1.424
20,5,25,50,0.6,6m-1m,4,9,6,71.61,35.95,1.992,1.545
25,10,20,45,0.4,6m-1m,5,9,7,65.52,32.89,1.992,1.522
20,5,25,50,0.5,6m-1m,5,7,5,77.13,38.77,1.989,1.621
15,15,25,45,0.3,6m-1m,5,8,6,67.89,34.16,1.987,1.521
20,15,25,40,0.4,6m,4,8,5,66.09,33.26,1.987,1.408
15,10,25,50,0.7,6m-1m,4,8,5,64.01,32.23,1.986,1.418
20,5,25,50,0.6,6m-1m,4,8,5,70.2,35.46,1.98,1.511
20,15,25,40,0.4,6m,6,8,5,67.74,34.26,1.977,1.492
15,15,25,45,0.3,6m-1m,5,7,7,69.93,35.43,1.974,1.541
20,15,25,40,0.4,6m,4,8,7,66.04,33.52,1.97,1.411
20,5,25,50,0.6,6m-1m,5,8,5,71.4,36.38,1.963,1.556
15,5,30,50,0.6,6m-1m,6,8,4,70.51,35.96,1.961,1.497
15,5,30,50,0.6,6m-1m,4,9,6,69.79,35.68,1.956,1.494
10,15,25,50,0.3,6m-1m,5,8,5,60.45,31.01,1.95,1.406
20,15,25,40,0.4,6m,4,8,6,65.07,33.52,1.941,1.399
15,15,25,45,0.3,6m-1m,5,7,6,70.38,36.28,1.94,1.544
15,5,25,55,0.7,6m-1m,4,9,6,70.03,36.14,1.938,1.51
10,15,25,50,0.3,6m-1m,5,9,7,56.77,29.39,1.931,1.365
15,10,25,50,0.5,6m-1m,4,8,5,72.46,37.63,1.926,1.533
15,5,25,55,0.7,6m-1m,6,7,5,70.07,36.52,1.919,1.533
25,10,25,40,0.4,6m,6,8,6,57.29,29.88,1.917,1.381
15,5,30,50,0.6,6m-1m,6,9,5,68.8,35.89,1.917,1.522
15,10,25,50,0.7,6m-1m,4,7,4,68.32,35.66,1.916,1.448
20,5,25,50,0.5,6m-1m,4,9,5,73.5,38.37,1.915,1.547
20,15,25,40,0.4,6m,5,9,7,58.39,30.49,1.915,1.37
15,10,25,50,0.6,6m-1m,6,9,5,80.32,41.96,1.914,1.665
25,10,25,40,0.4,6m,6,7,5,62.41,32.64,1.912,1.41
25,10,20,45,0.4,6m-1m,4,9,5,61.06,31.97,1.91,1.401
20,5,25,50,0.6,6m-1m,4,8,4,72.9,38.2,1.909,1.51
15,10,25,50,0.7,6m-1m,4,8,4,67.77,35.56,1.906,1.435
10,15,25,50,0.3,6m-1m,4,8,4,71.56,37.54,1.906,1.495
15,5,30,50,0.6,6m-1m,6,9,7,59.96,31.48,1.905,1.44
25,10,20,45,0.4,6m-1m,6,7,7,69.41,36.51,1.901,1.559
25,10,20,45,0.4,6m-1m,4,9,7,62.26,32.97,1.889,1.431
15,5,25,55,0.7,6m-1m,4,9,5,67.66,35.86,1.887,1.466
20,10,20,50,0.6,6m-1m,4,7,5,68.67,36.41,1.886,1.479
20,10,20,50,0.6,6m-1m,5,8,5,67.61,35.93,1.882,1.494
15,10,25,50,0.7,6m-1m,4,7,7,65.9,35.04,1.881,1.457
20,5,25,50,0.6,6m-1m,5,7,4,72.74,38.74,1.878,1.5
25,10,20,45,0.4,6m-1m,4,9,6,61.9,32.97,1.877,1.424
15,5,25,55,0.7,6m-1m,4,8,5,75.47,40.44,1.866,1.572
20,15,25,40,0.4,6m,4,7,7,68.03,36.5,1.864,1.422
15,10,25,50,0.7,6m-1m,4,7,6,65.3,35.04,1.864,1.446
20,15,25,40,0.4,6m,4,7,6,68.03,36.5,1.864,1.422
10,15,25,50,0.3,6m-1m,5,7,7,66.78,35.95,1.858,1.501
25,10,20,45,0.3,6m-1m,4,9,7,56.77,30.55,1.858,1.348
15,10,25,50,0.5,6m-1m,4,9,4,68.39,36.97,1.85,1.446
20,10,20,50,0.6,6m-1m,4,7,7,70.11,37.91,1.849,1.502
15,5,25,55,0.7,6m-1m,5,8,5,64.07,34.81,1.841,1.442
20,10,20,50,0.6,6m-1m,4,8,5,65.8,35.76,1.84,1.447
20,15,25,40,0.4,6m,6,7,5,69.98,38.03,1.84,1.516
15,5,25,55,0.7,6m-1m,6,9,7,59.6,32.4,1.839,1.433
15,10,25,50,0.7,6m-1m,5,8,4,70.58,38.44,1.836,1.488
10,15,25,50,0.3,6m-1m,4,9,6,62.81,34.22,1.835,1.412
20,5,25,50,0.5,6m-1m,5,8,4,77.07,42.04,1.833,1.567
20,5,25,50,0.5,6m-1m,5,8,5,72.27,39.42,1.833,1.562
20,10,20,50,0.6,6m-1m,4,7,6,69.3,37.91,1.828,1.49
15,10,25,50,0.5,6m-1m,5,9,4,70.57,38.65,1.826,1.494
20,5,25,50,0.5,6m-1m,6,8,4,72.58,39.83,1.822,1.508
10,15,25,50,0.3,6m-1m,4,7,5,69.37,38.09,1.821,1.466
15,10,25,50,0.7,6m-1m,4,7,5,59.81,32.9,1.818,1.349
15,5,30,50,0.6,6m-1m,6,8,7,62.54,34.45,1.815,1.464
15,10,25,50,0.7,6m-1m,6,7,4,68.93,38.04,1.812,1.464
25,10,20,45,0.4,6m-1m,6,7,6,69.09,38.19,1.809,1.549
20,5,25,50,0.6,6m-1m,5,9,5,70.17,38.79,1.809,1.547
15,10,25,50,0.6,6m-1m,5,9,4,67.12,37.11,1.809,1.434
25,10,20,45,0.3,6m-1m,4,9,6,55.24,30.55,1.808,1.318
15,10,25,50,0.6,6m-1m,6,8,5,75.42,41.74,1.807,1.607
20,10,20,50,0.6,6m-1m,4,9,4,62.66,34.72,1.804,1.381
15,10,25,50,0.5,6m-1m,6,8,5,76.66,42.55,1.802,1.618
20,15,25,40,0.4,6m,4,7,5,65.61,36.42,1.801,1.392
15,10,25,50,0.6,6m-1m,4,9,4,66.43,36.93,1.799,1.403
25,5,35,35,0.3,6m-1m,5,9,7,59.03,32.86,1.796,1.422
15,15,25,45,0.3,6m-1m,5,7,4,68.0,37.87,1.796,1.45
15,10,25,50,0.7,6m-1m,6,8,5,70.82,39.44,1.796,1.548
20,5,25,50,0.5,6m-1m,6,8,7,58.97,32.88,1.794,1.399
10,15,25,50,0.3,6m-1m,4,9,7,61.29,34.16,1.794,1.387
20,10,20,50,0.6,6m-1m,4,8,7,65.29,36.42,1.793,1.449
10,15,25,50,0.3,6m-1m,4,9,5,59.22,33.08,1.79,1.347
10,15,25,50,0.3,6m-1m,5,7,6,63.7,35.64,1.787,1.456
15,15,25,45,0.3,6m-1m,6,8,7,63.63,35.73,1.781,1.486
15,10,25,50,0.7,6m-1m,6,9,4,67.79,38.16,1.777,1.438
15,10,25,50,0.5,6m-1m,6,9,4,68.08,38.38,1.774,1.461
10,15,25,50,0.3,6m-1m,6,9,5,58.19,32.82,1.773,1.387
15,10,25,50,0.5,6m-1m,6,8,4,70.69,39.91,1.771,1.489
15,15,25,45,0.3,6m-1m,6,7,4,65.26,36.86,1.77,1.427
20,10,20,50,0.6,6m-1m,4,8,6,64.22,36.42,1.764,1.433
15,10,25,50,0.6,6m-1m,6,7,5,77.05,43.74,1.761,1.632
10,15,25,50,0.3,6m-1m,5,9,5,57.65,32.76,1.76,1.36
25,10,25,40,0.4,6m,6,8,5,57.39,32.68,1.756,1.332
15,5,30,50,0.6,6m-1m,4,9,5,65.17,37.13,1.755,1.423
15,5,30,50,0.6,6m-1m,6,7,5,71.48,40.8,1.752,1.533
20,5,25,50,0.6,6m-1m,4,9,4,71.08,40.61,1.75,1.497
20,5,25,50,0.6,6m-1m,4,9,5,69.0,39.45,1.749,1.502
25,10,20,45,0.3,6m-1m,4,9,5,51.33,29.43,1.744,1.247
25,5,35,35,0.3,6m-1m,5,9,5,63.07,36.23,1.741,1.453
20,15,25,40,0.4,6m,5,9,6,57.82,33.23,1.74,1.35
15,10,25,50,0.6,6m-1m,6,9,4,65.38,37.74,1.733,1.405
15,5,30,50,0.6,6m-1m,6,7,7,65.08,37.67,1.728,1.483
15,5,30,50,0.6,6m-1m,6,8,5,70.99,41.09,1.728,1.529
15,10,25,50,0.7,6m-1m,5,9,4,68.85,39.92,1.724,1.451
25,5,35,35,0.3,6m-1m,6,7,7,55.26,32.09,1.722,1.352
15,5,25,55,0.7,6m-1m,6,9,5,66.42,38.83,1.711,1.488
10,15,25,50,0.3,6m-1m,5,8,4,62.57,36.6,1.71,1.383
20,5,25,50,0.5,6m-1m,6,7,7,62.76,36.72,1.709,1.447
20,5,25,50,0.6,6m-1m,4,7,4,74.15,43.38,1.709,1.518
20,15,25,40,0.4,6m,6,9,7,52.54,30.75,1.709,1.302
20,15,25,40,0.4,6m,4,9,7,58.64,34.3,1.709,1.313
15,5,30,50,0.6,6m-1m,4,8,4,61.19,35.85,1.707,1.342
20,15,25,40,0.4,6m,4,9,6,57.78,33.9,1.704,1.299
25,10,20,45,0.4,6m-1m,5,7,4,64.47,37.89,1.702,1.42
20,5,25,50,0.6,6m-1m,6,9,4,68.9,40.57,1.698,1.467
25,5,35,35,0.3,6m-1m,6,8,7,54.07,31.86,1.697,1.347
25,10,20,45,0.4,6m-1m,5,9,6,60.83,35.93,1.693,1.44
15,15,25,45,0.3,6m-1m,5,9,6,56.59,33.59,1.685,1.365
15,5,25,55,0.7,6m-1m,4,9,4,66.52,39.51,1.684,1.405
25,10,25,40,0.4,6m,5,9,4,59.39,35.31,1.682,1.315
25,10,20,45,0.4,6m-1m,4,8,4,65.22,38.84,1.679,1.419
10,15,25,50,0.3,6m-1m,6,8,4,61.67,36.81,1.675,1.374
20,5,25,50,0.5,6m-1m,6,7,6,63.51,37.92,1.675,1.454
15,10,25,50,0.5,6m-1m,4,8,4,70.29,41.95,1.675,1.458
15,5,25,55,0.7,6m-1m,5,9,5,61.22,36.56,1.674,1.402
15,5,30,50,0.6,6m-1m,4,7,4,72.82,43.56,1.672,1.489
20,5,25,50,0.6,6m-1m,5,8,4,68.52,40.97,1.672,1.453
20,10,20,50,0.6,6m-1m,4,9,7,62.98,37.69,1.671,1.426
15,5,30,50,0.6,6m-1m,6,8,6,65.8,39.44,1.668,1.497
25,5,35,35,0.3,6m-1m,5,9,6,56.71,34.04,1.666,1.376
25,10,20,45,0.3,6m-1m,6,8,6,58.44,35.1,1.665,1.404
20,5,25,50,0.6,6m-1m,6,8,4,67.43,40.53,1.664,1.442
20,10,20,50,0.6,6m-1m,4,9,5,61.63,37.05,1.663,1.395
20,5,25,50,0.5,6m-1m,6,8,6,61.95,37.25,1.663,1.437
15,5,25,55,0.7,6m-1m,6,7,4,62.95,37.92,1.66,1.374
25,10,20,45,0.4,6m-1m,6,8,6,67.31,40.65,1.656,1.541
15,10,25,50,0.6,6m-1m,6,9,7,64.74,39.38,1.644,1.503
15,10,25,50,0.7,6m-1m,4,9,4,64.18,39.05,1.643,1.378
20,5,25,50,0.5,6m-1m,5,9,5,66.58,40.65,1.638,1.49
25,5,35,35,0.3,6m-1m,6,7,6,54.51,33.3,1.637,1.336
20,5,25,50,0.6,6m-1m,6,7,4,66.8,40.94,1.632,1.423
15,5,30,50,0.6,6m-1m,6,7,6,66.26,40.75,1.626,1.492
25,5,35,35,0.3,6m-1m,6,7,5,59.22,36.43,1.626,1.383
20,10,20,50,0.6,6m-1m,4,9,6,61.09,37.69,1.621,1.397
15,10,25,50,0.6,6m-1m,6,7,7,66.95,41.33,1.62,1.515
10,15,25,50,0.3,6m-1m,5,9,6,51.5,31.81,1.619,1.273
15,15,25,45,0.3,6m-1m,6,8,4,60.19,37.16,1.619,1.351
15,15,25,45,0.3,6m-1m,4,7,7,64.07,39.77,1.611,1.417
15,5,30,50,0.6,6m-1m,4,9,4,58.94,36.73,1.605,1.31
15,10,25,50,0.5,6m-1m,6,8,6,64.49,40.19,1.605,1.488
15,15,25,45,0.3,6m-1m,4,7,6,63.79,39.77,1.604,1.413
15,5,25,55,0.7,6m-1m,5,7,4,61.86,38.66,1.6,1.354
15,15,25,45,0.3,6m-1m,5,8,5,66.49,41.65,1.597,1.483
25,10,20,45,0.3,6m-1m,6,7,6,62.02,38.9,1.594,1.454
25,5,35,35,0.3,6m-1m,6,9,7,50.76,31.95,1.589,1.301
15,10,25,50,0.5,6m-1m,6,7,4,74.19,46.75,1.587,1.508
15,5,30,50,0.6,6m-1m,6,9,6,58.96,37.16,1.587,1.405
15,15,25,45,0.3,6m-1m,6,8,6,60.32,38.08,1.584,1.429
15,10,25,50,0.5,6m-1m,6,9,7,63.86,40.3,1.584,1.503
10,15,25,50,0.3,6m-1m,4,7,4,64.65,40.87,1.582,1.389
25,10,20,45,0.3,6m-1m,6,7,4,53.58,33.96,1.578,1.265
25,10,25,40,0.4,6m,4,8,6,56.65,35.95,1.576,1.289
15,10,25,50,0.6,6m-1m,6,8,7,63.44,40.27,1.575,1.476
20,5,25,50,0.6,6m-1m,6,8,6,56.68,36.02,1.574,1.343
15,15,25,45,0.3,6m-1m,4,8,7,62.53,39.76,1.573,1.406
25,10,20,45,0.3,6m-1m,6,7,7,60.78,38.66,1.572,1.438
20,15,25,40,0.4,6m,4,8,4,59.94,38.22,1.568,1.299
25,10,20,45,0.4,6m-1m,6,8,5,68.12,43.47,1.567,1.525
10,15,25,50,0.3,6m-1m,4,9,4,60.73,38.84,1.564,1.339
15,5,25,55,0.7,6m-1m,6,8,5,60.82,38.97,1.561,1.407
25,5,35,35,0.3,6m-1m,6,8,6,53.19,34.08,1.561,1.32
25,10,20,45,0.4,6m-1m,6,9,6,58.45,37.49,1.559,1.417
25,10,25,40,0.4,6m,4,8,7,55.94,35.95,1.556,1.279
25,10,25,40,0.4,6m,4,7,7,56.95,36.62,1.555,1.281
25,10,25,40,0.4,6m,4,7,6,56.91,36.62,1.554,1.282
10,15,25,50,0.3,6m-1m,6,7,4,59.75,38.57,1.549,1.343
10,15,25,50,0.3,6m-1m,5,7,4,60.84,39.32,1.547,1.359
15,5,25,55,0.7,6m-1m,4,8,4,67.12,43.4,1.547,1.407
10,15,25,50,0.3,6m-1m,5,7,5,60.29,39.03,1.545,1.4
15,10,25,50,0.6,6m-1m,6,7,6,64.55,41.82,1.544,1.48
15,15,25,45,0.3,6m-1m,5,8,4,61.51,39.84,1.544,1.359
15,10,25,50,0.5,6m-1m,6,7,5,72.14,46.77,1.543,1.551
15,10,25,50,0.5,6m-1m,6,8,7,64.35,41.73,1.542,1.494
20,5,25,50,0.5,6m-1m,4,9,4,68.22,44.5,1.533,1.444
25,5,35,35,0.3,6m-1m,4,9,6,54.6,35.67,1.531,1.314
15,15,25,45,0.3,6m-1m,4,8,6,61.51,40.22,1.529,1.39
20,5,25,50,0.6,6m-1m,6,9,6,54.53,35.72,1.527,1.321
15,10,25,50,0.5,6m-1m,6,9,6,63.03,41.31,1.526,1.474
25,10,25,40,0.4,6m,4,9,7,54.14,35.5,1.525,1.263
25,10,25,40,0.4,6m,4,9,6,54.07,35.5,1.523,1.261
20,15,25,40,0.4,6m,6,7,4,66.57,43.75,1.521,1.391
20,15,25,40,0.4,6m,4,7,4,64.06,42.15,1.52,1.346
20,5,25,50,0.5,6m-1m,6,9,4,64.15,42.3,1.517,1.41
20,5,25,50,0.6,6m-1m,5,9,4,64.7,42.73,1.514,1.41
20,5,25,50,0.6,6m-1m,6,8,7,53.38,35.29,1.513,1.301
25,5,35,35,0.3,6m-1m,4,9,7,55.14,36.49,1.511,1.325
15,10,25,50,0.6,6m-1m,6,8,6,61.41,40.66,1.51,1.439
15,15,25,45,0.3,6m-1m,5,7,5,62.5,41.44,1.508,1.419
20,5,25,50,0.5,6m-1m,5,9,4,65.47,43.46,1.506,1.429
10,15,25,50,0.3,6m-1m,6,9,4,55.07,36.59,1.505,1.264
25,10,20,45,0.3,6m-1m,5,7,4,53.11,35.3,1.505,1.249
25,10,20,45,0.4,6m-1m,6,7,5,66.49,44.18,1.505,1.485
25,10,20,45,0.4,6m-1m,6,8,7,62.54,41.61,1.503,1.47
15,10,25,50,0.6,6m-1m,6,9,6,61.53,41.0,1.501,1.437
20,5,25,50,0.5,6m-1m,6,9,7,54.25,36.2,1.499,1.335
15,15,25,45,0.3,6m-1m,6,9,7,55.35,36.93,1.499,1.367
25,5,35,35,0.3,6m-1m,5,8,4,54.13,36.14,1.498,1.281
25,10,20,45,0.3,6m-1m,4,8,4,49.9,33.32,1.498,1.186
25,10,20,45,0.3,6m-1m,6,9,5,48.61,32.62,1.49,1.252
20,15,25,40,0.4,6m,5,9,5,61.33,41.25,1.487,1.374
15,15,25,45,0.3,6m-1m,6,7,6,62.34,41.96,1.486,1.449
20,5,25,50,0.6,6m-1m,6,7,6,59.16,39.81,1.486,1.371
20,5,25,50,0.5,6m-1m,6,9,6,55.63,37.57,1.481,1.347
20,10,20,50,0.6,6m-1m,5,9,5,62.06,41.97,1.479,1.423
15,15,25,45,0.3,6m-1m,4,8,5,63.96,43.63,1.466,1.417
25,10,25,40,0.4,6m,5,8,4,60.25,41.11,1.466,1.32
25,10,20,45,0.4,6m-1m,5,9,5,58.44,39.94,1.463,1.388
25,10,20,45,0.3,6m-1m,6,8,7,53.05,36.32,1.461,1.324
15,10,25,50,0.7,6m-1m,6,8,7,56.03,38.54,1.454,1.351
15,10,25,50,0.5,6m-1m,6,7,7,66.47,45.75,1.453,1.503
25,10,20,45,0.4,6m-1m,6,9,7,54.98,37.86,1.452,1.358
15,15,25,45,0.3,6m-1m,6,7,7,60.51,41.74,1.45,1.423
25,10,25,40,0.4,6m,6,9,5,51.37,35.48,1.448,1.239
20,10,20,50,0.6,6m-1m,5,9,4,57.06,39.55,1.443,1.303
25,10,25,40,0.4,6m,4,7,5,54.03,37.68,1.434,1.235
15,15,25,45,0.3,6m-1m,4,7,5,62.75,44.21,1.419,1.392
20,15,25,40,0.4,6m,4,9,5,56.22,40.01,1.405,1.27
25,10,20,45,0.3,6m-1m,4,7,4,49.68,35.67,1.393,1.185
20,5,25,50,0.6,6m-1m,6,9,7,51.55,37.03,1.392,1.283
15,10,25,50,0.7,6m-1m,6,8,6,54.84,39.46,1.39,1.329
10,15,25,50,0.3,6m-1m,5,9,4,52.49,37.94,1.383,1.224
25,10,20,45,0.4,6m-1m,6,7,4,57.32,41.57,1.379,1.32
25,5,35,35,0.3,6m-1m,5,7,4,51.46,37.35,1.378,1.237
15,15,25,45,0.3,6m-1m,4,9,7,54.92,39.96,1.374,1.304
20,5,25,50,0.6,6m-1m,6,7,7,55.56,40.52,1.371,1.316
25,10,20,45,0.3,6m-1m,6,9,6,49.44,36.15,1.367,1.259
20,15,25,40,0.4,6m,5,7,4,63.6,46.6,1.365,1.349
15,10,25,50,0.5,6m-1m,6,7,6,64.75,47.59,1.361,1.47
15,15,25,45,0.3,6m-1m,4,9,6,54.96,40.42,1.36,1.304
25,10,25,40,0.4,6m,6,7,4,57.73,42.63,1.354,1.276
25,5,35,35,0.3,6m-1m,6,8,5,54.24,40.2,1.349,1.298
20,15,25,40,0.4,6m,6,8,4,54.21,40.52,1.338,1.223
20,10,20,50,0.6,6m-1m,5,8,4,57.8,43.34,1.334,1.306
25,10,25,40,0.4,6m,4,9,5,52.17,39.17,1.332,1.226
15,10,25,50,0.7,6m-1m,6,7,5,61.36,46.07,1.332,1.396
25,5,35,35,0.3,6m-1m,4,7,4,55.65,41.84,1.33,1.292
20,5,25,50,0.6,6m-1m,6,9,5,55.19,41.48,1.33,1.313
15,15,25,45,0.3,6m-1m,4,9,5,57.62,43.36,1.329,1.339
10,15,25,50,0.3,6m-1m,6,8,5,50.75,38.33,1.324,1.251
20,5,25,50,0.5,6m-1m,6,8,5,61.86,46.75,1.323,1.413
15,15,25,45,0.3,6m-1m,4,7,4,59.8,45.29,1.321,1.316
20,10,20,50,0.6,6m-1m,6,7,4,62.82,47.65,1.318,1.364
25,10,20,45,0.4,6m-1m,4,9,4,55.89,42.42,1.318,1.29
25,10,25,40,0.4,6m,4,8,5,53.23,40.46,1.316,1.233
25,10,25,40,0.4,6m,6,8,4,57.16,43.62,1.31,1.277
25,5,35,35,0.3,6m-1m,6,9,6,47.1,35.98,1.309,1.221
25,10,20,45,0.3,6m-1m,6,8,4,51.91,39.76,1.305,1.247
25,10,25,40,0.4,6m,5,7,4,54.17,41.97,1.291,1.228
15,10,25,50,0.7,6m-1m,6,7,7,56.43,43.8,1.288,1.338
20,5,25,50,0.5,6m-1m,6,9,5,60.72,47.22,1.286,1.402
15,10,25,50,0.7,6m-1m,6,7,6,56.7,44.1,1.286,1.343
25,10,25,40,0.4,6m,6,9,4,54.02,42.2,1.28,1.236
25,10,20,45,0.4,6m-1m,5,8,4,52.77,41.34,1.277,1.253
25,10,20,45,0.3,6m-1m,6,9,7,47.14,37.01,1.274,1.231
15,10,25,50,0.7,6m-1m,6,9,7,55.87,44.72,1.249,1.349
20,5,25,50,0.6,6m-1m,6,8,5,51.58,41.61,1.24,1.242
15,10,25,50,0.7,6m-1m,6,9,6,52.56,42.46,1.238,1.291
15,15,25,45,0.3,6m-1m,6,9,6,49.9,40.37,1.236,1.269
20,5,25,50,0.5,6m-1m,6,7,5,60.48,49.03,1.233,1.39
25,5,35,35,0.3,6m-1m,4,9,5,51.75,42.05,1.231,1.261
25,10,20,45,0.3,6m-1m,5,9,5,44.57,36.29,1.228,1.164
15,15,25,45,0.3,6m-1m,5,9,4,51.93,42.32,1.227,1.225
25,10,20,45,0.4,6m-1m,6,8,4,53.78,43.84,1.227,1.275
25,5,35,35,0.3,6m-1m,6,9,5,50.55,41.2,1.227,1.247
15,15,25,45,0.3,6m-1m,5,9,5,53.32,43.54,1.224,1.303
15,5,25,55,0.7,6m-1m,6,9,4,54.67,44.73,1.222,1.252
20,10,20,50,0.6,6m-1m,6,7,7,53.36,44.22,1.207,1.281
20,10,20,50,0.6,6m-1m,6,7,6,53.86,44.68,1.205,1.287
15,10,25,50,0.7,6m-1m,6,9,5,57.48,47.84,1.201,1.333
15,15,25,45,0.3,6m-1m,6,9,4,52.04,43.68,1.191,1.237
20,15,25,40,0.4,6m,6,9,5,54.52,45.79,1.191,1.285
25,5,35,35,0.3,6m-1m,5,9,4,48.08,40.68,1.182,1.19
15,5,25,55,0.7,6m-1m,6,8,4,54.09,46.34,1.167,1.242
15,5,25,55,0.7,6m-1m,5,9,4,52.93,45.36,1.167,1.222
20,15,25,40,0.4,6m,6,9,6,46.66,40.03,1.165,1.193
25,5,35,35,0.3,6m-1m,6,8,4,46.83,40.54,1.155,1.146
20,10,20,50,0.6,6m-1m,6,9,7,48.62,42.09,1.155,1.229
10,15,25,50,0.3,6m-1m,6,8,7,51.34,44.53,1.153,1.29
25,10,20,45,0.3,6m-1m,5,8,4,46.28,40.22,1.151,1.146
25,10,25,40,0.4,6m,4,7,4,49.83,43.36,1.149,1.144
20,10,20,50,0.6,6m-1m,6,8,7,47.54,41.65,1.142,1.196
20,5,25,50,0.6,6m-1m,6,7,5,55.73,48.98,1.138,1.295
25,5,35,35,0.3,6m-1m,4,8,4,48.28,42.74,1.129,1.171
20,10,20,50,0.6,6m-1m,6,8,6,46.54,41.66,1.117,1.177
15,15,25,45,0.3,6m-1m,4,8,4,52.69,47.31,1.114,1.222
15,5,25,55,0.7,6m-1m,5,8,4,52.77,47.65,1.108,1.22
25,10,25,40,0.4,6m,4,9,4,46.83,42.43,1.104,1.113
25,10,20,45,0.4,6m-1m,6,9,5,54.02,49.0,1.103,1.315
25,10,25,40,0.4,6m,4,8,4,49.16,44.81,1.097,1.142
20,10,20,50,0.6,6m-1m,6,9,6,48.04,44.13,1.089,1.212
20,15,25,40,0.4,6m,4,9,4,46.79,43.72,1.07,1.1
25,10,20,45,0.3,6m-1m,4,9,4,41.23,38.57,1.069,1.05
20,15,25,40,0.4,6m,5,8,4,48.33,46.76,1.034,1.135
20,10,20,50,0.6,6m-1m,6,7,5,52.35,50.8,1.03,1.244
15,15,25,45,0.3,6m-1m,6,7,5,51.65,51.06,1.011,1.243
25,10,20,45,0.3,6m-1m,6,9,4,40.34,40.56,0.995,1.056
20,10,20,50,0.6,6m-1m,6,8,4,51.58,52.18,0.988,1.198
25,5,35,35,0.3,6m-1m,6,9,4,45.46,46.35,0.981,1.13
20,10,20,50,0.6,6m-1m,6,8,5,46.31,48.16,0.962,1.152
10,15,25,50,0.3,6m-1m,6,8,6,47.48,49.73,0.955,1.215
15,15,25,45,0.3,6m-1m,6,8,5,54.01,56.66,0.953,1.282
20,10,20,50,0.6,6m-1m,6,9,4,48.39,50.86,0.951,1.151
25,10,20,45,0.4,6m-1m,5,9,4,43.83,46.25,0.948,1.115
10,15,25,50,0.3,6m-1m,6,7,7,50.02,53.47,0.935,1.252
20,15,25,40,0.4,6m,6,9,4,44.39,48.36,0.918,1.072
20,10,20,50,0.6,6m-1m,6,9,5,47.17,51.66,0.913,1.174
10,15,25,50,0.3,6m-1m,6,9,6,43.63,47.97,0.91,1.148
20,15,25,40,0.4,6m,5,9,4,43.48,48.62,0.894,1.054
25,10,20,45,0.4,6m-1m,6,9,4,41.94,48.52,0.864,1.087
10,15,25,50,0.3,6m-1m,6,9,7,40.06,47.0,0.852,1.087
10,15,25,50,0.3,6m-1m,6,7,6,47.27,56.34,0.839,1.205
25,5,35,35,0.3,6m-1m,4,9,4,40.92,48.75,0.839,1.062
15,15,25,45,0.3,6m-1m,4,9,4,43.51,52.22,0.833,1.076
25,5,35,35,0.3,6m-1m,6,7,4,41.54,49.85,0.833,1.057
10,15,25,50,0.3,6m-1m,6,7,5,47.03,56.78,0.828,1.174
25,10,20,45,0.3,6m-1m,5,9,4,35.78,43.72,0.818,0.968
15,15,25,45,0.3,6m-1m,6,9,5,45.66,56.57,0.807,1.16
