v,q,g,m,mom,g_sub,entry,exit,slots,cal,cagr,mdd,sharpe,sortino
20,0,45,35,12m,rev+oca+opm,10,11,5,2.435,95.25,39.12,1.053,3.293
20,0,45,35,12m,rev+oca+opm,10,12,5,2.385,93.31,39.12,1.041,3.24
20,0,45,35,12m,rev+oca+opm,10,13,5,2.32,90.75,39.12,1.025,3.215
20,0,45,35,12m,rev+oca+opm,10,14,5,2.24,87.65,39.12,1.006,3.159
25,0,40,35,12m,rev+oca+opm,10,11,3,2.231,96.53,43.26,0.82,3.522
20,10,35,35,12m,rev+oca+gp,5,6,7,2.214,91.86,41.49,1.01,3.293
20,0,45,35,12m,rev+oca+opm,5,9,7,2.211,96.65,43.71,1.147,3.205
15,0,50,35,12m,rev+oca+opm,10,11,5,2.185,85.96,39.33,0.996,3.196
15,0,50,35,12m,rev+oca+gp,5,10,5,2.183,92.04,42.16,1.036,3.21
25,0,40,35,12m,rev+oca+opm,5,7,7,2.177,93.33,42.88,1.041,3.28
20,10,35,35,12m,rev+oca+gp,5,10,5,2.176,90.3,41.49,0.925,3.358
20,0,45,35,12m,rev+oca+opm,5,10,7,2.174,95.04,43.71,1.157,3.166
25,0,40,35,12m,rev+oca+opm,10,12,3,2.168,93.77,43.26,0.809,3.468
25,0,40,35,12m,rev+oca+opm,5,8,7,2.166,92.88,42.88,1.038,3.26
20,15,30,35,12m,rev+oca+gp,10,11,5,2.148,84.57,39.37,0.894,3.24
20,10,35,35,12m,rev+oca+gp,5,6,5,2.139,88.75,41.49,0.992,3.201
25,0,40,35,12m,rev+oca+opm,5,7,5,2.134,91.84,43.05,1.031,3.261
20,10,35,35,12m,rev+oca+gp,5,8,5,2.132,88.47,41.49,1.01,3.198
20,0,45,35,12m,rev+oca+opm,5,10,5,2.126,93.75,44.1,1.042,3.24
10,5,45,40,12m,rev+gp+opm,5,10,5,2.124,87.96,41.41,1.011,3.119
20,0,45,35,12m,rev+oca+opm,5,9,5,2.124,93.68,44.1,1.042,3.223
15,0,50,35,12m,rev+oca+opm,5,8,7,2.117,92.19,43.55,1.114,3.161
20,0,45,35,12m,rev+oca+opm,10,15,5,2.113,82.65,39.12,0.974,3.053
25,0,40,35,12m,rev+oca+opm,5,8,3,2.107,98.64,46.82,0.827,3.56
15,10,35,40,12m,rev+oca+gp,5,10,5,2.106,89.21,42.37,1.015,3.178
25,0,40,35,12m,rev+oca+opm,3,8,3,2.103,92.7,44.07,0.805,3.346
10,10,45,35,6m,rev+oca+gp,5,8,5,2.096,81.86,39.06,0.966,3.042
25,0,40,35,12m,rev+oca+opm,5,9,5,2.091,90.01,43.05,1.02,3.183
15,0,50,35,12m,rev+oca+opm,5,9,7,2.081,90.64,43.55,1.123,3.115
20,10,35,35,12m,rev+oca+gp,5,9,5,2.081,86.34,41.49,0.997,3.153
25,10,30,35,12m,rev+oca+opm,10,15,3,2.08,93.81,45.11,0.676,4.138
20,15,30,35,12m,rev+oca+gp,5,9,5,2.078,86.37,41.56,0.904,3.268
25,0,40,35,12m,rev+oca+opm,10,13,3,2.075,89.74,43.26,0.793,3.439
20,15,30,35,12m,rev+gp+opm,5,9,5,2.074,88.05,42.44,0.91,3.307
25,0,40,35,12m,rev+oca+opm,5,7,3,2.074,98.09,47.29,0.825,3.563
20,10,35,35,12m,rev+oca+gp,5,7,5,2.069,85.87,41.49,0.994,3.1
25,0,40,35,12m,rev+oca+opm,7,11,3,2.067,95.21,46.07,0.815,3.478
25,0,40,35,12m,rev+oca+opm,10,13,5,2.067,80.87,39.13,0.962,3.033
15,0,50,35,12m,rev+oca+opm,5,10,5,2.062,90.05,43.67,1.019,3.22
20,0,45,35,12m,rev+oca+opm,5,8,7,2.06,90.02,43.71,1.101,3.086
25,0,40,35,12m,rev+oca+opm,7,8,3,2.059,97.69,47.43,0.824,3.55
10,10,45,35,6m,rev+oca+gp,5,9,5,2.058,81.26,39.49,0.963,3.041
10,10,45,35,6m,rev+oca+gp,5,8,7,2.057,78.69,38.26,0.945,3.046
15,0,50,35,12m,rev+oca+opm,7,10,5,2.056,85.82,41.74,0.994,3.157
15,10,35,40,12m,rev+oca+gp,5,9,5,2.054,87.01,42.37,1.001,3.156
15,0,50,35,12m,rev+oca+opm,5,9,5,2.052,89.6,43.67,1.016,3.185
10,0,55,35,12m,rev+oca+gp,5,8,5,2.05,84.57,41.25,0.985,2.992
15,0,50,35,12m,rev+oca+opm,7,9,5,2.049,85.53,41.74,0.991,3.135
15,5,50,30,12m,rev+oca+opm,5,8,5,2.048,87.58,42.78,1.001,3.158
20,0,45,35,12m,rev+oca+opm,5,8,5,2.047,90.24,44.1,1.021,3.156
25,0,40,35,12m,rev+oca+opm,5,9,7,2.043,87.63,42.88,1.019,3.122
25,10,30,35,12m,rev+oca+opm,3,6,5,2.042,98.17,48.08,0.825,3.513
20,15,30,35,12m,rev+oca+gp,5,8,5,2.041,84.83,41.56,0.895,3.253
25,0,40,35,12m,rev+oca+opm,10,12,5,2.041,79.85,39.13,0.956,3.013
25,10,30,35,12m,rev+oca+opm,10,14,3,2.038,91.23,44.76,0.668,4.103
20,0,45,35,12m,rev+oca+opm,7,10,5,2.036,90.08,44.25,1.021,3.148
25,0,40,35,12m,rev+oca+opm,5,8,5,2.036,87.65,43.05,1.005,3.153
20,10,35,35,12m,rev+oca+gp,5,7,7,2.035,84.46,41.49,1.061,3.011
10,0,55,35,12m,rev+oca+gp,5,8,7,2.034,83.9,41.25,1.071,2.898
20,15,30,35,12m,rev+oca+gp,10,14,5,2.034,81.18,39.9,0.875,3.17
25,10,30,35,12m,rev+oca+opm,3,6,7,2.031,97.62,48.08,0.823,3.504
20,15,30,35,12m,rev+oca+gp,5,7,5,2.031,84.4,41.56,0.985,3.104
20,0,45,35,12m,rev+oca+opm,7,11,5,2.028,89.73,44.25,1.019,3.124
15,10,45,30,12m,rev+oca+opm,5,8,5,2.028,83.28,41.07,0.974,2.951
10,5,45,40,12m,rev+gp+opm,5,7,5,2.026,81.73,40.34,0.97,2.999
15,0,50,35,12m,rev+oca+opm,5,10,7,2.026,88.22,43.55,1.106,3.076
10,10,45,35,6m,rev+oca+gp,5,9,7,2.025,76.73,37.89,0.932,3.017
15,0,50,35,12m,rev+oca+gp,5,8,5,2.025,85.37,42.16,0.994,3.04
20,10,35,35,12m,rev+oca+gp,10,11,3,2.024,93.38,46.15,0.678,4.058
20,0,45,35,12m,rev+oca+opm,5,7,5,2.02,89.07,44.1,1.014,3.12
10,5,45,40,12m,rev+gp+opm,5,7,7,2.019,81.45,40.34,1.057,2.895
20,0,45,35,12m,rev+oca+opm,5,6,5,2.019,85.91,42.56,0.994,3.091
15,0,50,35,12m,rev+oca+opm,3,8,5,2.018,85.74,42.49,0.97,2.831
20,0,45,35,12m,rev+oca+opm,7,9,5,2.018,89.31,44.25,1.016,3.141
10,5,45,40,12m,rev+gp+opm,5,8,7,2.017,81.39,40.34,1.058,2.893
10,5,45,40,12m,rev+gp+opm,5,10,7,2.014,81.24,40.34,1.058,2.91
20,10,35,35,12m,rev+oca+gp,7,11,3,2.013,92.89,46.15,0.677,4.05
20,10,35,35,12m,rev+oca+gp,5,9,7,2.011,83.45,41.49,1.056,3.031
25,0,40,35,12m,rev+oca+opm,3,8,5,2.009,87.26,43.43,0.871,3.091
25,0,40,35,12m,rev+oca+opm,7,12,3,2.007,92.47,46.07,0.804,3.425
20,10,35,35,12m,rev+oca+gp,10,12,5,2.006,80.83,40.29,0.872,3.192
10,5,45,40,12m,rev+gp+opm,5,9,5,2.005,85.98,42.88,0.998,3.091
20,15,30,35,12m,rev+oca+gp,7,11,5,2.0,81.32,40.66,0.875,3.188
25,0,40,35,12m,rev+oca+opm,10,11,5,1.997,78.16,39.13,0.944,2.976
20,15,30,35,12m,rev+gp+opm,5,8,5,1.996,84.72,42.44,0.987,3.075
10,5,45,40,12m,rev+gp+opm,5,9,7,1.996,80.62,40.39,1.053,2.887
15,10,35,40,12m,rev+oca+gp,5,8,5,1.996,84.58,42.37,0.985,3.115
15,0,50,35,12m,rev+oca+opm,3,8,7,1.995,85.66,42.93,0.97,2.83
20,15,30,35,12m,rev+oca+gp,10,11,3,1.995,93.93,47.09,0.678,4.084
15,0,50,35,12m,rev+oca+opm,7,11,5,1.994,83.24,41.74,0.978,3.114
25,0,40,35,12m,rev+oca+opm,5,10,3,1.993,93.32,46.82,0.809,3.425
20,10,35,35,12m,rev+oca+gp,10,11,5,1.991,79.5,39.92,0.865,3.153
25,0,40,35,12m,rev+oca+opm,7,10,3,1.991,94.43,47.43,0.813,3.444
20,10,35,35,12m,rev+oca+gp,5,10,3,1.99,91.83,46.14,0.674,4.02
20,15,30,35,12m,rev+oca+gp,7,9,5,1.99,83.38,41.9,0.887,3.245
10,5,45,40,12m,rev+gp+opm,7,8,3,1.988,87.58,44.06,0.799,3.082
25,0,40,35,12m,rev+oca+opm,5,10,7,1.986,85.16,42.88,1.01,3.086
15,0,50,35,12m,rev+oca+gp,5,7,5,1.986,83.95,42.28,0.985,3.007
25,10,30,35,12m,rev+oca+opm,5,7,3,1.985,92.97,46.82,0.805,3.513
20,10,35,35,12m,rev+oca+gp,10,13,5,1.985,78.96,39.77,0.861,3.143
15,0,50,35,12m,rev+oca+gp,5,9,5,1.985,83.67,42.16,0.983,2.996
25,10,30,35,12m,rev+oca+opm,5,8,5,1.983,82.46,41.58,0.879,3.216
20,15,30,35,12m,rev+oca+gp,7,11,3,1.983,93.39,47.09,0.677,4.074
20,0,45,35,12m,rev+oca+opm,7,12,5,1.982,87.72,44.25,1.006,3.071
25,10,30,35,12m,rev+oca+opm,5,6,5,1.981,82.36,41.58,0.88,3.216
10,5,45,40,12m,rev+gp+opm,5,8,5,1.979,83.62,42.24,0.983,3.05
25,0,40,35,12m,rev+oca+opm,5,10,5,1.976,85.05,43.05,0.988,3.098
20,10,35,35,12m,rev+oca+gp,5,10,7,1.974,81.92,41.49,1.045,3.004
15,0,50,35,12m,rev+oca+opm,10,12,5,1.973,77.58,39.33,0.941,3.019
20,15,30,35,12m,rev+oca+gp,10,15,5,1.973,77.7,39.37,0.854,3.102
20,0,45,35,12m,rev+oca+opm,5,7,7,1.967,85.98,43.71,1.072,2.988
25,0,40,35,12m,rev+oca+opm,10,14,5,1.967,77.2,39.25,0.938,2.987
25,0,40,35,12m,rev+oca+opm,3,8,7,1.966,85.39,43.43,0.862,3.05
20,10,35,35,12m,rev+oca+gp,5,8,7,1.965,81.52,41.49,1.041,2.986
20,10,35,35,12m,rev+oca+gp,7,12,5,1.964,80.33,40.89,0.869,3.174
20,0,45,35,12m,rev+oca+opm,7,8,5,1.964,86.91,44.25,1.001,3.109
15,0,50,35,12m,rev+oca+gp,5,10,7,1.963,83.04,42.3,1.052,2.948
15,5,40,40,12m,rev+gp+opm,5,10,5,1.962,86.76,44.22,0.999,3.08
10,0,55,35,12m,rev+oca+gp,5,10,7,1.962,80.95,41.25,1.051,2.863
25,0,40,35,12m,rev+oca+opm,5,6,7,1.954,83.81,42.88,0.981,3.045
15,10,45,30,12m,rev+oca+opm,5,8,7,1.954,80.76,41.33,1.049,2.769
15,10,45,30,12m,rev+oca+opm,10,12,5,1.948,80.95,41.56,0.962,3.007
20,15,30,35,12m,rev+oca+gp,10,12,5,1.947,80.38,41.29,0.87,3.16
20,15,30,35,12m,rev+oca+gp,10,12,3,1.946,93.45,48.02,0.677,4.064
20,0,45,35,12m,rev+oca+opm,5,6,7,1.945,82.78,42.56,1.048,2.944
15,0,50,35,12m,rev+oca+gp,5,7,7,1.945,81.17,41.74,1.037,2.879
20,10,35,35,12m,rev+oca+gp,7,10,3,1.944,91.22,46.92,0.672,3.999
15,10,35,40,12m,rev+oca+gp,10,12,5,1.943,81.9,42.15,0.876,3.243
15,0,50,35,12m,rev+oca+opm,5,8,5,1.942,84.78,43.67,0.986,3.101
25,0,40,35,12m,rev+oca+opm,3,7,5,1.941,84.31,43.43,0.857,3.028
15,0,50,35,12m,rev+oca+gp,5,8,7,1.941,82.11,42.3,1.045,2.904
15,10,35,40,12m,rev+oca+gp,7,12,5,1.94,82.11,42.32,0.877,3.235
15,10,35,40,12m,rev+oca+gp,5,6,5,1.939,82.14,42.37,0.96,3.068
15,5,40,40,12m,rev+gp+opm,5,8,5,1.938,85.71,44.22,0.992,3.025
20,15,30,35,12m,rev+oca+gp,7,12,3,1.935,92.92,48.02,0.676,4.055
15,10,35,40,12m,rev+oca+gp,5,6,7,1.935,82.03,42.4,1.03,2.976
10,10,45,35,6m,rev+oca+gp,5,10,5,1.934,77.73,40.2,0.939,2.966
25,0,40,35,12m,rev+oca+opm,3,6,5,1.934,83.98,43.43,0.856,3.002
20,15,30,35,12m,rev+oca+gp,7,12,5,1.933,80.92,41.87,0.873,3.176
10,0,55,35,12m,rev+oca+gp,5,7,3,1.931,90.53,46.88,0.812,3.134
20,10,35,35,12m,rev+oca+gp,10,15,5,1.93,79.62,41.24,0.865,3.154
25,0,40,35,12m,rev+oca+opm,7,9,5,1.929,83.14,43.1,0.977,3.038
15,10,45,30,12m,rev+oca+opm,5,10,7,1.929,79.73,41.33,1.042,2.805
15,5,40,40,12m,rev+gp+opm,5,8,7,1.928,84.26,43.71,1.059,2.923
20,10,35,35,12m,rev+oca+gp,5,6,3,1.927,88.92,46.14,0.789,3.423
25,0,40,35,12m,rev+oca+opm,3,6,7,1.926,83.65,43.43,0.854,2.995
15,10,45,30,12m,rev+oca+opm,5,7,5,1.926,81.97,42.56,0.966,2.915
15,10,45,30,12m,rev+oca+opm,10,13,5,1.926,80.02,41.56,0.956,2.97
20,10,35,35,12m,rev+oca+gp,10,15,3,1.924,88.81,46.15,0.664,4.025
20,15,30,35,12m,rev+oca+gp,3,7,5,1.922,85.16,44.3,0.888,2.978
20,10,35,35,12m,rev+oca+gp,7,11,5,1.921,78.55,40.89,0.859,3.125
20,15,30,35,12m,rev+oca+gp,3,7,7,1.921,85.08,44.3,0.888,2.981
20,15,30,35,12m,rev+oca+gp,10,13,5,1.919,79.68,41.51,0.866,3.147
15,10,35,40,12m,rev+oca+gp,5,7,5,1.917,81.23,42.37,0.955,3.048
25,10,30,35,12m,rev+oca+opm,5,6,3,1.914,91.28,47.69,0.798,3.47
25,0,40,35,12m,rev+oca+opm,7,8,5,1.914,82.49,43.1,0.973,3.06
15,10,45,30,12m,rev+oca+opm,5,9,7,1.914,79.11,41.33,1.036,2.731
15,0,50,35,12m,rev+oca+gp,5,6,7,1.914,81.48,42.56,0.968,2.94
15,5,50,30,12m,rev+oca+opm,10,11,3,1.912,78.46,41.04,0.756,2.965
15,0,50,35,12m,rev+oca+gp,5,9,7,1.912,80.87,42.3,1.036,2.876
25,0,40,35,12m,rev+oca+opm,5,6,5,1.91,82.21,43.05,0.97,2.986
25,10,30,35,12m,rev+oca+opm,3,8,7,1.907,89.29,46.82,0.882,3.216
15,5,50,30,12m,rev+oca+opm,7,11,3,1.907,78.28,41.04,0.755,2.962
20,10,35,35,12m,rev+oca+gp,10,14,5,1.905,75.63,39.71,0.842,3.067
25,10,30,35,12m,rev+oca+opm,3,7,5,1.904,89.15,46.82,0.882,3.126
15,5,50,30,12m,rev+oca+opm,5,10,7,1.903,82.12,43.14,1.073,2.915
25,10,30,35,12m,rev+oca+opm,3,8,5,1.902,89.08,46.82,0.881,3.207
25,0,40,35,12m,rev+oca+opm,3,7,7,1.9,82.54,43.43,0.848,2.998
15,10,45,30,12m,rev+oca+opm,5,9,5,1.899,78.0,41.07,0.94,2.847
15,0,50,35,12m,rev+oca+gp,10,12,5,1.899,75.28,39.64,0.928,2.934
15,5,50,30,12m,rev+oca+opm,5,9,7,1.897,81.83,43.14,1.058,2.916
15,5,50,30,12m,rev+oca+opm,7,8,5,1.896,79.39,41.87,0.949,3.024
15,5,50,30,12m,rev+oca+opm,10,13,3,1.896,77.8,41.04,0.753,2.958
10,10,45,35,6m,rev+oca+gp,5,10,7,1.893,75.05,39.65,0.921,2.974
15,0,50,35,12m,rev+oca+gp,7,10,5,1.893,81.18,42.9,0.967,3.018
25,10,30,35,12m,rev+oca+opm,3,7,7,1.892,89.36,47.22,0.883,3.134
20,10,35,35,12m,rev+oca+gp,10,14,3,1.892,87.33,46.15,0.66,3.982
15,10,35,40,12m,rev+oca+gp,5,10,7,1.891,80.2,42.4,1.054,2.9
25,0,40,35,12m,rev+oca+opm,5,9,3,1.89,88.5,46.82,0.788,3.356
15,5,50,30,12m,rev+oca+opm,5,8,7,1.888,81.43,43.14,1.054,2.89
15,10,35,40,12m,rev+oca+gp,5,7,7,1.887,79.99,42.4,1.016,2.928
20,10,35,35,12m,rev+oca+gp,5,9,3,1.885,83.51,44.29,0.769,3.341
15,5,40,40,12m,rev+gp+opm,5,9,5,1.884,83.3,44.22,0.977,3.011
15,10,45,30,12m,rev+oca+opm,10,11,5,1.884,77.72,41.25,0.941,2.932
10,0,55,35,12m,rev+oca+gp,5,9,7,1.882,80.26,42.64,1.045,2.833
20,0,45,35,12m,rev+oca+opm,5,8,3,1.882,88.13,46.82,0.788,3.313
15,0,50,35,12m,rev+oca+opm,10,15,5,1.881,76.85,40.85,0.936,2.997
20,10,35,35,12m,rev+oca+gp,10,13,3,1.881,86.81,46.15,0.658,3.98
25,0,40,35,12m,rev+oca+opm,7,12,5,1.881,81.05,43.1,0.963,2.996
15,10,35,40,12m,rev+oca+gp,5,9,7,1.877,79.59,42.4,1.036,2.919
15,5,40,40,12m,rev+gp+opm,5,7,7,1.874,81.48,43.49,1.039,2.877
15,0,50,35,12m,rev+oca+gp,7,12,5,1.873,80.33,42.9,0.962,2.99
25,10,30,35,12m,rev+oca+opm,5,6,7,1.871,77.82,41.58,0.854,3.099
15,5,50,30,12m,rev+oca+opm,10,14,3,1.871,76.78,41.04,0.748,2.941
15,10,35,40,12m,rev+oca+gp,5,8,7,1.869,79.23,42.4,1.033,2.908
10,5,45,40,12m,rev+gp+opm,10,15,3,1.868,85.42,45.73,0.789,3.076
25,0,40,35,12m,rev+oca+opm,3,7,3,1.867,83.17,44.55,0.767,3.18
15,0,50,35,12m,rev+oca+opm,10,14,5,1.864,76.14,40.85,0.931,2.983
15,5,40,40,12m,rev+gp+opm,5,9,7,1.864,81.47,43.71,1.04,2.899
20,15,30,35,12m,rev+oca+gp,5,7,7,1.862,76.62,41.15,1.014,2.82
15,5,50,30,12m,rev+oca+opm,10,12,3,1.861,76.36,41.04,0.746,2.936
20,15,30,35,12m,rev+gp+opm,5,10,5,1.859,78.91,42.44,0.859,3.121
15,0,50,35,12m,rev+oca+opm,5,7,7,1.858,78.75,42.4,1.076,2.775
15,0,50,35,12m,rev+oca+gp,5,6,5,1.857,80.29,43.24,0.96,2.907
15,5,50,30,12m,rev+oca+opm,7,12,3,1.856,76.18,41.04,0.745,2.932
15,5,40,40,12m,rev+gp+opm,5,7,5,1.854,80.88,43.62,0.961,2.951
20,15,30,35,12m,rev+oca+gp,5,8,7,1.854,76.32,41.15,1.012,2.797
25,10,30,35,12m,rev+oca+opm,5,9,5,1.853,77.05,41.58,0.848,3.106
15,10,45,30,12m,rev+oca+opm,5,7,7,1.851,78.2,42.24,1.029,2.727
25,0,40,35,12m,rev+oca+opm,7,9,3,1.849,87.69,47.43,0.784,3.344
10,0,55,35,12m,rev+oca+gp,10,13,3,1.847,85.01,46.03,0.788,3.096
20,15,30,35,12m,rev+oca+gp,7,8,3,1.846,83.85,45.42,0.649,3.826
25,10,30,35,12m,rev+oca+opm,5,7,5,1.845,76.72,41.58,0.935,2.959
10,0,55,35,12m,rev+oca+gp,5,9,5,1.845,78.88,42.76,0.949,2.868
15,0,50,35,12m,rev+oca+opm,5,10,3,1.842,76.79,41.7,0.749,2.922
20,0,45,35,12m,rev+oca+opm,10,15,7,1.842,75.23,40.83,1.03,2.908
15,5,40,40,12m,rev+gp+opm,5,10,7,1.838,80.35,43.71,1.05,2.853
10,0,55,35,12m,rev+oca+gp,10,14,5,1.838,76.33,41.54,0.932,2.969
15,10,35,40,12m,rev+oca+gp,10,13,5,1.838,77.79,42.33,0.852,3.139
25,0,40,35,12m,rev+oca+opm,3,4,5,1.837,91.06,49.56,0.67,3.839
25,0,40,35,12m,rev+oca+opm,3,4,7,1.837,91.06,49.56,0.67,3.839
20,0,45,35,12m,rev+oca+opm,5,9,3,1.836,83.41,45.44,0.769,3.26
20,0,45,35,12m,rev+oca+opm,7,9,7,1.836,81.0,44.11,1.128,2.922
10,5,45,40,12m,rev+gp+opm,10,13,3,1.835,83.93,45.73,0.782,3.039
15,10,45,30,12m,rev+oca+opm,5,10,5,1.835,76.97,41.94,0.933,2.891
10,5,45,40,12m,rev+gp+opm,10,11,3,1.834,83.87,45.73,0.781,3.125
20,10,35,35,12m,rev+oca+gp,10,12,3,1.834,84.64,46.15,0.652,3.924
15,0,50,35,12m,rev+oca+opm,5,6,7,1.833,77.68,42.38,1.065,2.737
20,15,30,35,12m,rev+gp+opm,7,9,3,1.832,84.03,45.87,0.769,3.335
15,0,50,35,12m,rev+oca+opm,7,8,5,1.831,76.41,41.74,0.932,2.962
10,0,55,35,12m,rev+oca+gp,7,8,3,1.83,84.88,46.38,0.787,3.13
15,0,50,35,12m,rev+oca+opm,10,13,5,1.829,74.7,40.85,0.921,2.957
10,0,55,35,12m,rev+oca+gp,7,11,5,1.829,76.74,41.95,0.935,3.007
20,10,35,35,12m,rev+oca+gp,7,12,3,1.824,84.18,46.15,0.65,3.916
20,10,35,35,12m,rev+oca+gp,7,9,5,1.823,74.54,40.89,0.92,2.913
25,0,40,35,12m,rev+oca+opm,10,15,5,1.822,71.31,39.13,0.897,2.811
25,10,30,35,12m,rev+oca+opm,3,4,5,1.821,86.59,47.56,0.782,3.14
25,10,30,35,12m,rev+oca+opm,3,4,7,1.821,86.59,47.56,0.782,3.14
20,0,45,35,12m,rev+oca+opm,7,8,3,1.821,86.39,47.43,0.781,3.285
15,0,50,35,12m,rev+oca+gp,10,11,5,1.821,71.77,39.42,0.904,2.855
15,0,50,35,12m,rev+oca+opm,7,10,3,1.818,74.46,40.97,0.737,2.895
20,10,35,35,12m,rev+oca+gp,5,7,3,1.816,84.39,46.47,0.773,3.331
20,15,30,35,12m,rev+oca+gp,5,9,7,1.816,74.73,41.15,1.012,2.749
20,15,30,35,12m,rev+oca+gp,5,8,3,1.814,83.65,46.12,0.648,3.799
15,0,50,35,12m,rev+oca+opm,7,12,5,1.812,75.62,41.74,0.927,2.952
25,0,40,35,12m,rev+oca+opm,7,10,5,1.812,78.09,43.1,0.943,2.942
10,5,45,40,12m,rev+gp+opm,5,8,3,1.811,86.33,47.67,0.794,3.071
15,10,45,30,12m,rev+oca+opm,7,8,5,1.811,75.82,41.87,0.926,2.949
10,5,45,40,12m,rev+gp+opm,7,11,3,1.81,82.75,45.73,0.776,3.092
15,0,50,35,12m,rev+oca+opm,10,12,3,1.809,73.25,40.5,0.731,2.869
10,0,55,35,12m,rev+oca+gp,10,14,3,1.809,83.25,46.03,0.779,3.066
20,0,45,35,12m,rev+oca+opm,3,8,5,1.809,81.17,44.87,0.867,2.848
25,0,40,35,12m,rev+oca+opm,3,6,3,1.808,82.23,45.48,0.764,3.124
10,10,45,35,6m,rev+oca+gp,5,7,7,1.803,70.1,38.87,0.919,2.717
25,0,40,35,12m,rev+oca+opm,7,11,5,1.803,77.71,43.1,0.941,2.922
20,15,30,35,12m,rev+gp+opm,5,7,5,1.802,76.46,42.44,0.933,2.89
20,0,45,35,12m,rev+oca+opm,7,8,7,1.798,79.17,44.04,1.112,2.848
20,15,30,35,12m,rev+gp+opm,5,6,7,1.796,75.51,42.04,0.926,2.861
20,15,30,35,12m,rev+gp+opm,5,9,7,1.795,75.47,42.04,0.926,2.88
10,0,55,35,12m,rev+oca+gp,7,10,5,1.795,74.31,41.4,0.921,2.921
25,10,30,35,12m,rev+oca+opm,3,6,3,1.793,90.08,50.24,0.795,3.358
10,0,55,35,12m,rev+oca+gp,5,6,7,1.793,73.97,41.25,0.949,2.66
10,0,55,35,12m,rev+oca+gp,5,10,5,1.792,74.71,41.69,0.921,2.785
15,0,50,35,12m,rev+oca+opm,5,6,5,1.791,75.9,42.38,0.96,2.788
10,0,55,35,12m,rev+oca+gp,7,12,3,1.791,84.34,47.09,0.784,3.093
15,0,50,35,12m,rev+oca+opm,5,7,5,1.79,75.39,42.11,0.957,2.786
15,10,35,40,12m,rev+oca+gp,7,8,3,1.79,82.89,46.32,0.765,3.371
20,0,45,35,12m,rev+oca+opm,5,6,3,1.788,83.7,46.82,0.769,3.284
20,10,35,35,12m,rev+oca+gp,7,8,5,1.785,77.56,43.45,0.94,2.993
15,0,50,35,12m,rev+oca+opm,7,12,3,1.784,73.07,40.97,0.731,2.865
15,5,50,30,12m,rev+oca+opm,5,10,3,1.784,75.91,42.55,0.745,2.915
10,0,55,35,12m,rev+oca+gp,10,12,3,1.783,83.98,47.09,0.783,3.082
20,15,30,35,12m,rev+oca+gp,5,10,7,1.782,73.32,41.15,1.001,2.728
15,0,50,35,12m,rev+oca+opm,10,11,3,1.779,72.03,40.5,0.726,2.847
15,5,50,30,12m,rev+oca+opm,5,9,3,1.779,74.98,42.14,0.74,2.903
20,0,45,35,12m,rev+oca+opm,3,8,7,1.779,79.81,44.87,0.859,2.823
25,0,40,35,12m,rev+oca+opm,5,6,3,1.779,85.68,48.16,0.777,3.281
25,10,30,35,12m,rev+oca+opm,5,10,5,1.778,73.91,41.58,0.829,3.04
20,15,30,35,12m,rev+oca+gp,5,10,5,1.776,81.07,45.64,0.874,3.171
10,5,45,40,12m,rev+gp+opm,7,10,5,1.775,73.8,41.58,0.918,2.867
10,5,45,40,12m,rev+gp+opm,10,14,3,1.775,81.18,45.73,0.769,3.002
15,5,50,30,12m,rev+oca+opm,7,9,3,1.773,72.62,40.97,0.728,2.871
20,15,30,35,12m,rev+oca+gp,10,13,3,1.773,85.73,48.35,0.654,3.97
10,0,55,35,12m,rev+oca+gp,7,8,5,1.771,78.69,44.44,0.95,3.021
25,10,30,35,12m,rev+oca+opm,7,8,3,1.77,85.01,48.02,0.651,3.898
20,15,30,35,12m,rev+gp+opm,5,8,7,1.768,74.34,42.04,0.919,2.836
20,10,35,35,12m,rev+oca+gp,7,9,3,1.766,81.5,46.15,0.761,3.312
20,0,45,35,12m,rev+oca+opm,3,5,3,1.765,80.29,45.49,0.757,3.111
20,15,30,35,12m,rev+oca+gp,5,6,7,1.764,77.97,44.2,0.951,2.877
20,15,30,35,12m,rev+oca+gp,5,7,3,1.763,83.48,47.36,0.768,3.346
20,15,30,35,12m,rev+gp+opm,5,6,5,1.761,74.75,42.44,0.921,2.878
15,0,50,35,12m,rev+oca+gp,7,11,5,1.761,75.54,42.9,0.93,2.886
20,0,45,35,12m,rev+oca+opm,3,7,5,1.759,78.92,44.87,0.854,2.807
15,5,40,40,12m,rev+gp+opm,7,10,5,1.756,73.33,41.77,0.911,2.852
25,10,30,35,12m,rev+oca+opm,5,8,3,1.755,84.28,48.02,0.649,3.873
15,0,50,35,12m,rev+oca+opm,7,11,3,1.754,71.85,40.97,0.725,2.843
20,15,30,35,12m,rev+oca+gp,3,8,7,1.752,79.44,45.34,0.857,2.859
25,10,30,35,12m,rev+oca+opm,7,10,3,1.75,86.93,49.67,0.655,4.049
15,0,50,35,12m,rev+oca+opm,5,9,3,1.749,72.94,41.7,0.73,2.851
15,5,50,30,12m,rev+oca+opm,10,15,3,1.749,71.79,41.04,0.723,2.851
10,5,45,40,12m,rev+gp+opm,7,9,3,1.748,82.65,47.29,0.777,3.017
25,10,30,35,12m,rev+oca+opm,10,12,3,1.747,89.03,50.97,0.662,4.055
20,0,45,35,12m,rev+oca+opm,3,7,7,1.746,78.35,44.87,0.851,2.797
20,0,45,35,12m,rev+oca+opm,10,12,7,1.745,71.26,40.83,1.063,2.712
20,15,30,35,12m,rev+oca+gp,3,8,5,1.745,79.13,45.34,0.855,2.849
20,15,30,35,12m,rev+gp+opm,7,8,3,1.743,81.34,46.67,0.758,3.344
20,15,30,35,12m,rev+oca+gp,5,6,5,1.743,82.01,47.04,0.879,3.11
10,5,45,40,12m,rev+gp+opm,7,8,5,1.742,72.0,41.33,0.905,2.839
15,10,35,40,12m,rev+oca+gp,7,8,5,1.741,71.35,40.99,0.898,2.807
20,15,30,35,12m,rev+gp+opm,5,10,7,1.74,73.16,42.04,0.911,2.836
20,0,45,35,12m,rev+oca+opm,10,14,7,1.739,71.0,40.83,1.061,2.746
15,0,50,35,12m,rev+oca+gp,7,10,7,1.739,77.45,44.55,1.042,2.904
10,0,55,35,12m,rev+oca+gp,5,8,3,1.738,81.69,47.01,0.773,3.005
10,0,55,35,12m,rev+oca+gp,10,13,5,1.738,72.47,41.69,0.906,2.89
25,10,30,35,12m,rev+oca+opm,7,12,3,1.737,88.51,50.97,0.661,4.045
10,5,45,40,12m,rev+gp+opm,5,7,3,1.737,81.13,46.72,0.77,2.973
20,10,35,35,12m,rev+oca+gp,7,10,5,1.737,74.13,42.68,0.833,3.028
10,0,55,35,12m,rev+oca+gp,5,6,3,1.737,85.87,49.43,0.792,3.058
15,10,45,30,12m,rev+oca+opm,7,9,5,1.736,72.68,41.87,0.904,2.851
15,10,35,40,12m,rev+oca+gp,10,14,5,1.735,73.51,42.37,0.912,2.904
10,5,45,40,12m,rev+gp+opm,7,8,7,1.734,71.61,41.29,1.06,2.707
10,0,55,35,12m,rev+oca+gp,10,11,5,1.734,73.75,42.53,0.915,2.932
15,5,50,30,12m,rev+oca+opm,5,10,5,1.734,74.16,42.78,0.949,2.736
25,10,30,35,12m,rev+oca+opm,3,5,5,1.733,83.22,48.02,0.765,3.242
25,10,30,35,12m,rev+oca+opm,3,5,7,1.733,83.22,48.02,0.765,3.242
10,10,45,35,6m,rev+oca+gp,5,6,7,1.733,68.47,39.5,0.906,2.671
25,0,40,35,12m,rev+oca+opm,10,15,7,1.733,68.77,39.69,0.978,2.751
15,0,50,35,12m,rev+oca+gp,10,11,7,1.731,71.23,41.14,1.042,2.834
10,0,55,35,12m,rev+oca+gp,7,10,3,1.73,84.13,48.62,0.783,3.093
15,10,35,40,12m,rev+oca+gp,10,15,5,1.73,71.97,41.6,0.902,2.877
15,5,50,30,12m,rev+oca+opm,10,11,5,1.729,68.91,39.85,0.911,2.663
20,15,30,35,12m,rev+oca+gp,7,10,3,1.727,84.24,48.77,0.65,3.87
10,0,55,35,12m,rev+oca+gp,7,8,7,1.725,72.81,42.2,0.989,2.829
15,5,50,30,12m,rev+oca+opm,5,6,5,1.725,73.4,42.55,0.943,2.711
15,5,50,30,12m,rev+oca+opm,7,10,3,1.724,73.37,42.55,0.732,2.879
10,5,45,40,12m,rev+gp+opm,10,12,3,1.722,78.75,45.73,0.758,2.945
10,0,55,35,12m,rev+oca+gp,7,9,5,1.721,77.13,44.81,0.94,2.983
15,0,50,35,12m,rev+oca+opm,7,9,3,1.72,70.45,40.97,0.718,2.825
15,10,45,30,12m,rev+oca+opm,7,12,5,1.72,75.24,43.75,0.924,2.894
10,0,55,35,12m,rev+oca+gp,10,12,5,1.719,72.48,42.16,0.906,2.906
20,15,30,35,12m,rev+oca+gp,3,6,5,1.719,76.77,44.65,0.844,2.707
20,15,30,35,12m,rev+gp+opm,5,7,7,1.718,72.22,42.04,0.904,2.769
10,10,45,35,6m,rev+oca+gp,10,14,5,1.716,73.34,42.73,0.839,2.927
20,15,30,35,12m,rev+gp+opm,10,15,5,1.715,78.94,46.04,0.859,3.145
25,10,30,35,12m,rev+oca+opm,5,9,7,1.715,71.32,41.58,0.909,2.828
10,0,55,35,12m,rev+oca+gp,7,11,3,1.714,84.61,49.36,0.786,3.101
10,0,55,35,12m,rev+oca+gp,5,7,7,1.713,70.89,41.38,0.928,2.616
20,0,45,35,12m,rev+oca+opm,7,9,3,1.713,78.93,46.07,0.749,3.179
25,10,30,35,12m,rev+oca+opm,5,10,7,1.709,71.51,41.85,0.91,2.831
10,0,55,35,12m,rev+oca+gp,10,15,3,1.709,81.21,47.52,0.77,3.034
25,10,30,35,12m,rev+oca+opm,3,4,3,1.708,84.9,49.7,0.775,3.114
20,15,30,35,12m,rev+oca+gp,3,6,7,1.708,76.25,44.65,0.841,2.698
20,15,30,35,12m,rev+oca+gp,3,7,3,1.708,82.71,48.43,0.765,3.258
25,10,30,35,12m,rev+oca+opm,7,9,3,1.705,85.45,50.13,0.651,4.0
25,0,40,35,12m,rev+oca+opm,3,4,3,1.705,87.48,51.32,0.661,3.746
10,0,55,35,12m,rev+oca+gp,7,9,3,1.704,81.11,47.6,0.769,3.07
25,10,30,35,12m,rev+oca+opm,5,7,7,1.703,70.82,41.58,0.905,2.785
10,0,55,35,12m,rev+oca+gp,7,9,7,1.703,71.24,41.84,0.977,2.809
15,5,50,30,12m,rev+oca+opm,5,6,3,1.703,72.96,42.84,0.73,2.898
25,10,30,35,12m,rev+oca+opm,5,10,3,1.699,85.97,50.59,0.652,4.009
10,5,45,40,12m,rev+gp+opm,7,12,3,1.698,77.66,45.73,0.753,2.914
15,10,45,30,12m,rev+oca+opm,7,10,5,1.698,71.1,41.87,0.893,2.8
10,0,55,35,12m,rev+oca+gp,5,10,3,1.697,81.52,48.04,0.772,2.977
15,10,35,40,12m,rev+oca+gp,5,8,3,1.694,80.28,47.38,0.754,3.316
15,5,50,30,12m,rev+oca+opm,5,6,7,1.693,72.04,42.55,1.019,2.59
25,10,30,35,12m,rev+oca+opm,5,8,7,1.692,70.36,41.58,0.902,2.791
15,5,50,30,12m,rev+oca+opm,5,9,5,1.692,72.39,42.78,0.936,2.71
20,0,45,35,12m,rev+oca+opm,7,10,7,1.689,74.48,44.11,1.09,2.757
20,15,30,35,12m,rev+oca+gp,7,8,5,1.688,74.05,43.86,0.833,3.082
15,0,50,35,12m,rev+oca+gp,5,6,3,1.687,78.39,46.48,0.747,3.176
25,10,30,35,12m,rev+oca+opm,5,9,3,1.686,84.49,50.13,0.648,3.96
20,10,35,35,12m,rev+oca+gp,5,8,3,1.685,75.76,44.96,0.736,3.196
15,0,50,35,12m,rev+oca+gp,5,10,3,1.685,81.67,48.48,0.772,2.972
20,0,45,35,12m,rev+oca+opm,3,6,5,1.684,73.7,43.77,0.826,2.719
10,0,55,35,12m,rev+oca+gp,10,11,3,1.683,83.06,49.36,0.779,3.068
20,15,30,35,12m,rev+gp+opm,7,10,3,1.682,77.16,45.87,0.74,3.197
10,0,55,35,12m,rev+oca+gp,5,6,5,1.682,69.4,41.25,0.915,2.557
10,0,55,35,12m,rev+oca+gp,7,12,5,1.681,73.62,43.78,0.914,2.926
20,0,45,35,12m,rev+oca+opm,3,6,7,1.68,73.53,43.77,0.825,2.716
15,0,50,35,12m,rev+oca+opm,10,15,3,1.679,68.0,40.5,0.705,2.778
20,0,45,35,12m,rev+oca+opm,3,4,5,1.678,74.41,44.35,0.739,2.914
20,0,45,35,12m,rev+oca+opm,3,4,7,1.678,74.41,44.35,0.739,2.914
25,0,40,35,12m,rev+oca+opm,7,8,7,1.677,76.37,45.53,1.089,2.805
15,0,50,35,12m,rev+oca+opm,10,13,3,1.675,67.84,40.5,0.705,2.774
25,10,30,35,12m,rev+oca+opm,10,11,3,1.674,82.77,49.44,0.642,3.974
10,5,45,40,12m,rev+gp+opm,7,9,5,1.673,73.17,43.74,0.913,2.875
15,0,50,35,12m,rev+oca+gp,7,8,5,1.673,76.1,45.48,0.933,2.893
10,10,45,35,6m,rev+oca+gp,10,15,5,1.671,70.22,42.02,0.819,2.867
10,0,55,35,12m,rev+oca+gp,5,9,3,1.671,78.54,47.01,0.758,2.958
15,0,50,35,12m,rev+oca+gp,10,13,5,1.671,71.96,43.06,0.905,2.847
15,5,50,30,12m,rev+oca+opm,5,7,5,1.67,70.09,41.98,0.919,2.64
15,10,45,30,12m,rev+oca+opm,7,11,5,1.67,72.56,43.45,0.906,2.829
20,15,30,35,12m,rev+oca+gp,3,5,5,1.669,75.93,45.48,0.735,3.004
20,15,30,35,12m,rev+oca+gp,3,5,7,1.669,75.93,45.48,0.735,3.004
15,5,40,40,12m,rev+gp+opm,7,11,5,1.668,69.65,41.77,0.886,2.763
10,5,45,40,12m,rev+gp+opm,7,9,7,1.667,69.11,41.47,1.038,2.657
15,0,50,35,12m,rev+oca+opm,3,7,7,1.666,70.77,42.49,0.921,2.4
20,15,30,35,12m,rev+oca+gp,5,6,3,1.666,80.77,48.48,0.755,3.262
15,10,35,40,12m,rev+oca+gp,10,11,5,1.666,79.26,47.57,0.861,3.171
25,10,30,35,12m,rev+oca+opm,7,11,3,1.664,82.27,49.44,0.641,3.964
15,0,50,35,12m,rev+oca+opm,3,7,5,1.664,70.72,42.49,0.92,2.399
20,15,30,35,12m,rev+oca+gp,7,10,5,1.664,73.93,44.43,0.832,3.041
15,5,50,30,12m,rev+oca+opm,7,11,7,1.661,72.07,43.38,1.0,2.782
15,0,50,35,12m,rev+oca+opm,10,14,3,1.659,67.18,40.5,0.702,2.764
15,5,40,40,12m,rev+gp+opm,10,11,5,1.658,68.58,41.37,0.878,2.753
10,10,45,35,6m,rev+oca+gp,5,7,5,1.655,65.11,39.34,0.881,2.56
20,0,45,35,12m,rev+oca+opm,10,13,7,1.655,67.57,40.83,1.03,2.671
25,10,30,35,12m,rev+oca+opm,10,13,3,1.653,84.37,51.04,0.648,3.972
15,5,40,40,12m,rev+gp+opm,3,8,7,1.653,70.24,42.49,0.872,2.663
15,10,35,40,12m,rev+oca+gp,7,10,5,1.653,72.16,43.65,0.903,2.865
20,0,45,35,12m,rev+oca+opm,10,11,7,1.652,66.85,40.47,1.023,2.616
20,15,30,35,12m,rev+oca+gp,7,9,7,1.652,70.15,42.47,0.981,2.782
15,10,35,40,12m,rev+oca+gp,7,9,5,1.651,71.52,43.31,0.899,2.832
15,10,35,40,12m,rev+oca+gp,7,11,5,1.651,78.7,47.68,0.858,3.147
10,0,55,35,12m,rev+oca+gp,10,11,7,1.65,66.77,40.47,0.998,2.699
20,15,30,35,12m,rev+gp+opm,5,9,3,1.648,79.05,47.95,0.748,3.243
10,5,45,40,12m,rev+gp+opm,10,13,5,1.645,71.47,43.45,0.901,2.849
15,5,40,40,12m,rev+gp+opm,3,8,5,1.64,69.67,42.49,0.869,2.655
25,10,30,35,12m,rev+oca+opm,3,7,3,1.639,81.68,49.83,0.761,3.199
20,15,30,35,12m,rev+oca+gp,5,10,3,1.639,79.95,48.77,0.637,3.767
15,5,50,30,12m,rev+oca+opm,5,7,7,1.638,69.11,42.19,0.996,2.528
15,0,50,35,12m,rev+oca+gp,7,10,3,1.636,80.86,49.41,0.769,2.953
15,0,50,35,12m,rev+oca+gp,10,13,7,1.636,67.43,41.21,1.029,2.693
10,5,45,40,12m,rev+gp+opm,7,11,7,1.635,66.74,40.8,1.016,2.619
10,0,55,35,12m,rev+oca+gp,7,10,7,1.634,68.07,41.66,0.952,2.736
10,10,45,35,6m,rev+oca+gp,5,6,5,1.632,64.97,39.8,0.88,2.568
10,10,45,35,6m,rev+oca+gp,10,12,7,1.631,65.3,40.05,0.945,2.654
20,10,35,35,12m,rev+oca+gp,7,8,3,1.63,75.21,46.15,0.733,3.204
20,15,30,35,12m,rev+oca+gp,3,8,3,1.63,78.85,48.37,0.748,3.174
25,0,40,35,12m,rev+oca+opm,7,9,7,1.628,71.23,43.76,1.061,2.674
15,5,40,40,12m,rev+gp+opm,10,12,5,1.625,67.4,41.47,0.87,2.738
20,15,30,35,12m,rev+oca+gp,3,6,3,1.625,76.98,47.38,0.741,3.01
15,0,50,35,12m,rev+oca+gp,10,12,7,1.625,68.56,42.19,1.019,2.78
10,10,45,35,6m,rev+oca+gp,7,8,5,1.624,69.73,42.93,0.885,2.8
10,10,45,35,6m,rev+oca+gp,7,10,5,1.622,71.25,43.92,0.896,2.796
15,5,50,30,12m,rev+oca+opm,7,12,7,1.621,70.34,43.38,0.986,2.747
15,0,50,35,12m,rev+oca+gp,10,14,7,1.621,66.4,40.96,1.02,2.68
15,0,50,35,12m,rev+oca+opm,5,7,3,1.62,70.28,43.39,0.717,2.812
10,10,45,35,6m,rev+oca+gp,10,14,7,1.609,67.61,42.02,0.879,2.831
20,15,30,35,12m,rev+oca+gp,3,5,3,1.609,76.2,47.36,0.737,2.994
10,5,45,40,12m,rev+gp+opm,7,10,7,1.608,67.48,41.96,1.024,2.609
15,5,40,40,12m,rev+gp+opm,7,12,5,1.608,67.85,42.19,0.873,2.735
15,5,40,40,12m,rev+gp+opm,10,13,5,1.608,66.72,41.49,0.865,2.732
20,0,45,35,12m,rev+oca+opm,3,5,5,1.608,70.3,43.72,0.808,2.636
20,0,45,35,12m,rev+oca+opm,3,5,7,1.608,70.3,43.72,0.808,2.636
10,10,45,35,6m,rev+oca+gp,7,11,7,1.607,63.52,39.52,0.929,2.599
20,15,30,35,12m,rev+gp+opm,5,8,3,1.605,78.2,48.72,0.745,3.279
15,5,50,30,12m,rev+oca+opm,7,10,7,1.602,69.52,43.38,0.979,2.74
25,0,40,35,12m,rev+oca+opm,3,5,5,1.601,84.33,52.66,0.77,3.243
25,0,40,35,12m,rev+oca+opm,3,5,7,1.601,84.33,52.66,0.77,3.243
15,0,50,35,12m,rev+oca+gp,10,14,5,1.598,67.99,42.55,0.877,2.786
15,0,50,35,12m,rev+oca+gp,7,11,7,1.597,71.14,44.55,0.992,2.759
10,10,45,35,6m,rev+oca+gp,7,12,7,1.594,64.08,40.2,0.934,2.622
20,10,35,35,12m,rev+oca+gp,7,9,7,1.592,66.84,41.99,0.953,2.661
15,10,45,30,12m,rev+oca+opm,10,15,5,1.592,66.15,41.56,0.89,2.55
25,10,30,35,12m,rev+oca+opm,7,8,5,1.591,68.75,43.22,0.799,2.831
15,0,50,35,12m,rev+oca+gp,10,15,5,1.591,70.7,44.44,0.896,2.819
15,0,50,35,12m,rev+oca+opm,5,6,3,1.59,68.66,43.17,0.709,2.807
15,5,40,40,12m,rev+gp+opm,10,11,7,1.59,62.07,39.05,0.979,2.434
15,5,50,30,12m,rev+oca+opm,7,11,5,1.59,66.59,41.87,0.893,2.598
15,0,50,35,12m,rev+oca+gp,10,14,3,1.588,75.55,47.59,0.743,2.893
15,0,50,35,12m,rev+oca+gp,7,9,5,1.584,72.13,45.53,0.906,2.826
20,10,35,35,12m,rev+oca+gp,7,8,7,1.582,68.74,43.44,0.968,2.723
20,0,45,35,12m,rev+oca+opm,7,11,7,1.581,69.75,44.11,1.048,2.643
15,0,50,35,12m,rev+oca+gp,7,8,7,1.581,70.9,44.84,0.989,2.731
15,0,50,35,12m,rev+oca+gp,10,13,3,1.581,76.48,48.37,0.748,2.912
20,0,45,35,12m,rev+oca+opm,3,8,3,1.576,76.31,48.4,0.739,3.026
10,10,45,35,6m,rev+oca+gp,10,11,7,1.574,63.5,40.34,0.93,2.576
10,0,55,35,12m,rev+oca+gp,10,14,7,1.574,63.91,40.6,0.991,2.563
15,5,50,30,12m,rev+oca+opm,7,8,7,1.574,68.58,43.56,0.964,2.719
15,0,50,35,12m,rev+oca+gp,7,9,7,1.574,70.38,44.72,0.985,2.729
15,0,50,35,12m,rev+oca+gp,10,15,7,1.574,63.54,40.37,0.992,2.586
10,10,45,35,6m,rev+oca+gp,10,13,5,1.572,67.4,42.89,0.9,2.654
20,0,45,35,12m,rev+oca+opm,3,6,3,1.572,73.45,46.72,0.726,3.006
15,10,45,30,12m,rev+oca+opm,10,14,5,1.571,65.27,41.56,0.883,2.528
10,10,45,35,6m,rev+oca+gp,10,13,7,1.57,64.35,40.97,0.923,2.68
25,10,30,35,12m,rev+oca+opm,10,11,5,1.569,61.79,39.37,0.755,2.66
10,5,45,40,12m,rev+gp+opm,5,9,3,1.569,81.55,51.97,0.772,3.002
25,0,40,35,12m,rev+oca+opm,10,14,7,1.569,67.51,43.04,0.967,2.635
15,5,50,30,12m,rev+oca+opm,10,12,7,1.567,67.72,43.22,0.966,2.756
15,0,50,35,12m,rev+oca+gp,7,12,7,1.567,69.82,44.55,0.981,2.736
25,10,30,35,12m,rev+oca+opm,3,8,3,1.561,75.39,48.3,0.733,3.09
15,0,50,35,12m,rev+oca+opm,7,8,7,1.561,68.07,43.6,1.006,2.646
15,0,50,35,12m,rev+oca+opm,3,6,7,1.557,67.91,43.63,0.9,2.353
15,10,45,30,12m,rev+oca+opm,10,15,7,1.556,64.67,41.58,0.94,2.593
15,0,50,35,12m,rev+oca+opm,3,6,5,1.555,67.84,43.63,0.899,2.352
15,5,50,30,12m,rev+oca+opm,10,14,5,1.555,64.68,41.6,0.878,2.557
15,10,35,40,12m,rev+oca+gp,3,8,3,1.555,72.14,46.38,0.72,3.032
25,0,40,35,12m,rev+oca+opm,7,10,7,1.554,66.24,42.63,1.017,2.58
15,5,50,30,12m,rev+oca+opm,7,8,3,1.549,63.47,40.97,0.682,2.699
15,10,45,30,12m,rev+oca+opm,7,11,7,1.542,65.15,42.25,0.942,2.597
10,0,55,35,12m,rev+oca+gp,7,11,7,1.541,64.21,41.66,0.92,2.654
15,0,50,35,12m,rev+oca+gp,10,12,3,1.541,74.55,48.37,0.738,2.874
15,0,50,35,12m,rev+oca+opm,10,15,7,1.54,64.18,41.69,0.994,2.556
20,0,45,35,12m,rev+oca+opm,7,12,7,1.54,67.94,44.11,1.031,2.567
20,15,30,35,12m,rev+gp+opm,7,9,5,1.538,70.94,46.11,0.812,2.963
15,0,50,35,12m,rev+oca+opm,7,8,3,1.538,69.33,45.07,0.712,2.798
15,5,50,30,12m,rev+oca+opm,7,9,5,1.538,64.38,41.87,0.876,2.561
25,0,40,35,12m,rev+oca+opm,10,14,3,1.538,66.54,43.26,0.696,2.77
10,5,45,40,12m,rev+gp+opm,7,12,7,1.535,62.83,40.93,0.981,2.534
15,0,50,35,12m,rev+oca+opm,5,8,3,1.535,70.22,45.75,0.717,2.804
15,0,50,35,12m,rev+oca+gp,10,15,3,1.535,73.05,47.59,0.731,2.851
20,15,30,35,12m,rev+gp+opm,10,14,5,1.533,70.13,45.75,0.803,2.996
10,5,45,40,12m,rev+gp+opm,10,11,5,1.532,67.76,44.24,0.875,2.75
25,0,40,35,12m,rev+oca+opm,7,12,7,1.531,66.0,43.11,0.951,2.643
15,0,50,35,12m,rev+oca+opm,10,11,7,1.53,64.27,42.01,0.997,2.585
15,5,40,40,12m,rev+gp+opm,7,10,7,1.53,65.11,42.54,0.945,2.624
10,5,45,40,12m,rev+gp+opm,7,10,3,1.529,71.22,46.58,0.722,2.783
20,15,30,35,12m,rev+oca+gp,7,8,7,1.529,66.26,43.35,0.948,2.696
15,5,50,30,12m,rev+oca+opm,5,8,3,1.528,64.39,42.14,0.687,2.709
15,5,50,30,12m,rev+oca+opm,7,9,7,1.528,66.3,43.38,0.945,2.68
20,15,30,35,12m,rev+gp+opm,7,12,3,1.526,70.01,45.87,0.707,3.095
20,15,30,35,12m,rev+gp+opm,10,12,3,1.526,70.01,45.87,0.707,3.095
15,5,50,30,12m,rev+oca+opm,7,10,5,1.526,63.91,41.87,0.872,2.545
20,15,30,35,12m,rev+gp+opm,7,11,3,1.525,69.95,45.87,0.707,3.067
20,15,30,35,12m,rev+gp+opm,10,11,3,1.525,69.95,45.87,0.707,3.067
15,0,50,35,12m,rev+oca+opm,7,9,7,1.525,66.22,43.42,0.994,2.602
15,10,45,30,12m,rev+oca+opm,7,9,7,1.525,64.41,42.25,0.929,2.598
15,10,45,30,12m,rev+oca+opm,5,6,7,1.524,64.74,42.48,0.957,2.346
20,15,30,35,12m,rev+oca+gp,10,15,3,1.523,80.04,52.54,0.636,3.865
15,0,50,35,12m,rev+oca+gp,10,11,3,1.523,74.69,49.05,0.739,2.868
10,0,55,35,12m,rev+oca+gp,10,15,7,1.522,61.71,40.55,0.971,2.498
20,15,30,35,12m,rev+oca+gp,10,14,3,1.522,79.98,52.54,0.636,3.864
25,10,30,35,12m,rev+oca+opm,10,14,5,1.521,59.88,39.37,0.743,2.624
10,0,55,35,12m,rev+oca+gp,10,15,5,1.521,68.23,44.87,0.876,2.778
20,15,30,35,12m,rev+gp+opm,10,11,5,1.52,74.04,48.71,0.83,3.036
15,5,50,30,12m,rev+oca+opm,10,12,5,1.518,62.71,41.3,0.863,2.515
10,0,55,35,12m,rev+oca+gp,7,12,7,1.517,63.18,41.66,0.925,2.578
15,0,50,35,12m,rev+oca+opm,10,13,7,1.516,63.44,41.85,0.989,2.553
15,5,50,30,12m,rev+oca+opm,10,13,5,1.516,62.61,41.3,0.862,2.517
10,10,45,35,6m,rev+oca+gp,7,9,5,1.514,67.25,44.42,0.868,2.746
10,5,45,40,12m,rev+gp+opm,7,12,5,1.513,68.14,45.03,0.878,2.764
15,5,40,40,12m,rev+gp+opm,7,9,5,1.513,65.12,43.05,0.853,2.667
15,10,45,30,12m,rev+oca+opm,7,10,7,1.513,63.94,42.25,0.926,2.601
15,10,45,30,12m,rev+oca+opm,5,6,5,1.512,64.91,42.93,0.879,2.432
10,0,55,35,12m,rev+oca+gp,5,7,5,1.511,65.41,43.3,0.886,2.481
15,5,40,40,12m,rev+gp+opm,3,7,5,1.51,64.16,42.49,0.832,2.532
15,5,40,40,12m,rev+gp+opm,7,8,5,1.509,64.99,43.07,0.852,2.683
10,5,45,40,12m,rev+gp+opm,7,11,5,1.508,67.22,44.58,0.871,2.742
20,10,35,35,12m,rev+oca+gp,7,10,7,1.508,64.61,42.85,0.935,2.6
15,0,50,35,12m,rev+oca+gp,7,12,3,1.508,73.48,48.73,0.734,2.821
25,10,30,35,12m,rev+oca+opm,10,15,5,1.505,59.36,39.44,0.74,2.612
15,5,50,30,12m,rev+oca+opm,5,7,3,1.504,66.22,44.04,0.696,2.748
25,0,40,35,12m,rev+oca+opm,7,11,7,1.504,64.46,42.85,1.0,2.538
10,10,45,35,6m,rev+oca+gp,10,15,7,1.503,63.28,42.09,0.855,2.67
20,0,45,35,12m,rev+oca+opm,3,4,3,1.503,70.55,46.95,0.716,2.938
15,5,40,40,12m,rev+gp+opm,3,7,7,1.502,63.79,42.49,0.829,2.523
15,5,40,40,12m,rev+gp+opm,5,7,3,1.502,72.15,48.03,0.718,3.145
25,10,30,35,12m,rev+oca+opm,3,5,3,1.501,74.86,49.87,0.73,3.084
15,5,40,40,12m,rev+gp+opm,10,14,3,1.5,65.01,43.33,0.69,2.7
15,5,50,30,12m,rev+oca+opm,10,13,7,1.5,64.81,43.22,0.941,2.678
25,10,30,35,12m,rev+oca+opm,7,11,5,1.497,62.11,41.5,0.757,2.661
10,5,45,40,12m,rev+gp+opm,10,14,7,1.494,60.56,40.52,0.964,2.495
25,0,40,35,12m,rev+oca+opm,10,13,7,1.494,64.65,43.27,0.943,2.581
15,5,40,40,12m,rev+gp+opm,5,6,7,1.493,64.32,43.08,1.172,2.211
15,0,50,35,12m,rev+oca+opm,10,14,7,1.492,62.18,41.69,0.975,2.519
10,5,45,40,12m,rev+gp+opm,10,12,5,1.49,66.57,44.69,0.867,2.72
10,10,45,35,6m,rev+oca+gp,10,12,5,1.49,63.95,42.91,0.873,2.563
15,0,50,35,12m,rev+oca+gp,7,11,3,1.49,73.62,49.41,0.734,2.815
15,10,45,30,12m,rev+oca+opm,10,14,7,1.488,62.19,41.79,0.846,2.632
10,5,45,40,12m,rev+gp+opm,3,7,5,1.487,67.05,45.08,0.894,2.377
10,5,45,40,12m,rev+gp+opm,3,7,3,1.486,69.2,46.56,0.713,2.757
20,0,45,35,12m,rev+oca+opm,10,15,3,1.486,64.28,43.26,0.686,2.673
15,10,45,30,12m,rev+oca+opm,7,8,3,1.485,66.32,44.67,0.696,2.787
15,5,40,40,12m,rev+gp+opm,10,12,7,1.484,57.91,39.04,0.938,2.326
15,5,50,30,12m,rev+oca+opm,7,12,5,1.483,62.81,42.36,0.863,2.504
10,10,45,35,6m,rev+oca+gp,7,10,7,1.481,60.96,41.15,0.894,2.563
15,10,45,30,12m,rev+oca+opm,7,8,7,1.481,63.01,42.56,0.917,2.557
15,5,40,40,12m,rev+gp+opm,7,11,7,1.48,64.61,43.67,0.941,2.637
15,5,40,40,12m,rev+gp+opm,10,13,3,1.48,64.9,43.84,0.689,2.764
15,5,50,30,12m,rev+oca+opm,10,15,5,1.479,61.54,41.6,0.853,2.484
15,5,50,30,12m,rev+oca+opm,3,6,7,1.478,65.77,44.51,0.799,2.365
10,10,45,35,6m,rev+oca+gp,7,9,7,1.476,63.16,42.79,0.912,2.606
20,0,45,35,12m,rev+oca+opm,10,14,3,1.476,63.83,43.26,0.684,2.661
20,15,30,35,12m,rev+gp+opm,3,8,3,1.475,74.99,50.84,0.732,3.163
15,0,50,35,12m,rev+oca+opm,10,12,7,1.473,61.89,42.01,0.975,2.515
10,0,55,35,12m,rev+oca+gp,10,13,7,1.472,59.7,40.55,0.951,2.461
15,5,50,30,12m,rev+oca+opm,3,6,5,1.472,65.54,44.51,0.798,2.36
10,5,45,40,12m,rev+gp+opm,10,15,7,1.471,59.6,40.52,0.955,2.469
25,10,30,35,12m,rev+oca+opm,7,9,5,1.47,61.72,41.98,0.755,2.664
15,5,50,30,12m,rev+oca+opm,3,8,7,1.47,62.79,42.72,0.779,2.3
15,10,45,30,12m,rev+oca+opm,5,8,3,1.469,65.23,44.4,0.691,2.751
20,15,30,35,12m,rev+gp+opm,7,10,5,1.467,71.64,48.85,0.816,2.962
15,5,50,30,12m,rev+oca+opm,10,14,7,1.466,63.34,43.22,0.928,2.626
15,5,50,30,12m,rev+oca+opm,3,8,5,1.465,62.59,42.72,0.778,2.296
10,5,45,40,12m,rev+gp+opm,3,8,5,1.464,65.41,44.68,0.882,2.363
15,10,35,40,12m,rev+oca+gp,5,6,3,1.462,70.41,48.16,0.712,3.079
25,0,40,35,12m,rev+oca+opm,10,12,7,1.461,64.33,44.03,0.94,2.569
10,5,45,40,12m,rev+gp+opm,10,11,7,1.46,63.22,43.3,0.989,2.577
15,5,40,40,12m,rev+gp+opm,10,13,7,1.455,59.77,41.09,0.956,2.374
20,15,30,35,12m,rev+gp+opm,7,8,5,1.449,66.88,46.16,0.867,2.719
20,15,30,35,12m,rev+gp+opm,10,13,5,1.446,66.99,46.32,0.788,2.887
15,5,40,40,12m,rev+gp+opm,10,11,3,1.446,67.18,46.46,0.7,2.8
15,5,40,40,12m,rev+gp+opm,10,12,3,1.446,63.88,44.17,0.683,2.746
15,0,50,35,12m,rev+oca+opm,7,11,7,1.444,62.68,43.42,0.98,2.503
20,15,30,35,12m,rev+gp+opm,7,11,5,1.442,70.2,48.68,0.807,2.929
25,10,30,35,12m,rev+oca+opm,7,8,7,1.442,64.02,44.41,0.93,2.513
15,5,40,40,12m,rev+gp+opm,7,8,7,1.441,62.77,43.54,0.914,2.605
15,0,50,35,12m,rev+oca+gp,5,8,3,1.438,69.7,48.48,0.715,2.749
15,5,40,40,12m,rev+gp+opm,7,11,3,1.437,66.76,46.46,0.698,2.792
20,10,35,35,12m,rev+oca+gp,7,12,7,1.437,61.29,42.65,0.912,2.518
15,5,50,30,12m,rev+oca+opm,3,6,3,1.436,63.49,44.22,0.685,2.545
15,0,50,35,12m,rev+oca+gp,5,9,3,1.436,69.59,48.48,0.714,2.756
20,15,30,35,12m,rev+gp+opm,10,12,5,1.435,70.08,48.83,0.806,2.965
20,10,35,35,12m,rev+oca+gp,10,15,7,1.435,60.73,42.32,0.907,2.49
20,15,30,35,12m,rev+gp+opm,5,7,3,1.431,72.57,50.73,0.72,3.152
20,15,30,35,12m,rev+gp+opm,7,12,5,1.431,68.8,48.09,0.799,2.912
20,0,45,35,12m,rev+oca+opm,10,13,3,1.431,61.9,43.26,0.674,2.623
15,5,40,40,12m,rev+gp+opm,7,9,7,1.423,61.05,42.9,0.909,2.521
20,10,35,35,12m,rev+oca+gp,7,11,7,1.419,62.2,43.84,0.92,2.525
20,15,30,35,12m,rev+gp+opm,3,6,3,1.418,75.33,53.12,0.734,3.111
10,5,45,40,12m,rev+gp+opm,3,7,7,1.414,63.73,45.08,0.94,2.23
15,5,40,40,12m,rev+gp+opm,7,12,3,1.413,63.47,44.9,0.681,2.738
10,5,45,40,12m,rev+gp+opm,10,14,5,1.412,65.37,46.31,0.858,2.725
15,5,50,30,12m,rev+oca+opm,10,15,7,1.411,60.98,43.22,0.908,2.574
25,0,40,35,12m,rev+oca+opm,3,5,3,1.411,75.82,53.72,0.735,3.029
20,15,30,35,12m,rev+gp+opm,3,7,3,1.41,74.42,52.78,0.729,3.115
20,15,30,35,12m,rev+gp+opm,5,10,3,1.41,67.62,47.95,0.697,3.024
20,15,30,35,12m,rev+oca+gp,10,12,7,1.408,62.81,44.62,0.921,2.607
25,10,30,35,12m,rev+oca+opm,10,13,5,1.406,58.38,41.53,0.734,2.599
25,10,30,35,12m,rev+oca+opm,7,10,5,1.404,62.18,44.29,0.758,2.682
15,0,50,35,12m,rev+oca+gp,5,7,3,1.404,68.16,48.55,0.708,2.715
15,10,35,40,12m,rev+oca+gp,7,8,7,1.404,59.06,42.06,0.884,2.437
15,5,40,40,12m,rev+gp+opm,10,14,5,1.403,61.38,43.74,0.826,2.556
20,15,30,35,12m,rev+oca+gp,7,10,7,1.403,62.39,44.47,0.916,2.585
20,10,35,35,12m,rev+oca+gp,3,8,5,1.402,72.13,51.44,0.815,2.74
20,15,30,35,12m,rev+oca+gp,7,11,7,1.4,62.16,44.39,0.914,2.578
15,0,50,35,12m,rev+oca+opm,7,12,7,1.397,60.66,43.42,0.962,2.451
15,5,40,40,12m,rev+gp+opm,7,12,7,1.395,60.8,43.58,0.898,2.556
20,15,30,35,12m,rev+oca+gp,3,4,5,1.395,68.05,48.78,0.701,2.858
20,15,30,35,12m,rev+oca+gp,3,4,7,1.395,68.05,48.78,0.701,2.858
15,0,50,35,12m,rev+oca+gp,7,8,3,1.395,68.95,49.41,0.711,2.731
15,0,50,35,12m,rev+oca+gp,7,9,3,1.393,68.84,49.41,0.71,2.737
25,10,30,35,12m,rev+oca+opm,7,12,5,1.39,57.67,41.5,0.729,2.571
10,5,45,40,12m,rev+gp+opm,5,10,3,1.39,71.32,51.32,0.723,2.796
20,10,35,35,12m,rev+oca+gp,3,8,7,1.39,71.49,51.44,0.812,2.721
20,10,35,35,12m,rev+oca+gp,10,12,7,1.39,60.08,43.22,0.902,2.484
15,0,50,35,12m,rev+oca+opm,3,5,3,1.387,66.65,48.05,0.701,2.651
15,10,45,30,12m,rev+oca+opm,10,11,7,1.386,59.23,42.74,0.892,2.474
15,10,45,30,12m,rev+oca+opm,10,12,7,1.385,59.18,42.74,0.892,2.462
10,5,45,40,12m,rev+gp+opm,3,8,7,1.384,61.85,44.68,0.925,2.208
10,10,45,35,6m,rev+oca+gp,10,11,5,1.384,61.38,44.35,0.853,2.475
15,5,40,40,12m,rev+gp+opm,10,15,7,1.383,54.96,39.75,0.909,2.232
15,10,45,30,12m,rev+oca+opm,7,12,7,1.382,60.42,43.72,0.902,2.474
15,10,35,40,12m,rev+oca+gp,3,6,5,1.382,65.92,47.71,0.845,2.413
15,0,50,35,12m,rev+oca+opm,3,5,5,1.381,65.37,47.32,0.796,2.419
15,0,50,35,12m,rev+oca+opm,3,5,7,1.381,65.37,47.32,0.796,2.419
10,5,45,40,12m,rev+gp+opm,10,12,7,1.378,57.75,41.92,0.936,2.407
10,5,45,40,12m,rev+gp+opm,10,15,5,1.378,63.04,45.74,0.841,2.668
20,15,30,35,12m,rev+oca+gp,7,12,7,1.376,61.93,45.0,0.913,2.559
25,10,30,35,12m,rev+oca+opm,7,10,7,1.373,61.17,44.57,0.906,2.445
15,5,50,30,12m,rev+oca+opm,3,7,5,1.373,60.63,44.16,0.765,2.267
15,0,50,35,12m,rev+oca+opm,7,10,7,1.371,60.47,44.1,0.957,2.437
15,10,35,40,12m,rev+oca+gp,10,14,7,1.371,62.15,45.35,0.919,2.528
15,10,35,40,12m,rev+oca+gp,5,7,3,1.369,64.87,47.38,0.689,2.76
20,15,30,35,12m,rev+gp+opm,5,6,3,1.366,70.36,51.49,0.709,3.103
15,5,50,30,12m,rev+oca+opm,3,7,7,1.366,60.73,44.48,0.766,2.27
25,10,30,35,12m,rev+oca+opm,7,11,7,1.364,57.96,42.5,0.883,2.352
20,10,35,35,12m,rev+oca+gp,10,13,7,1.364,59.92,43.94,0.9,2.476
20,15,30,35,12m,rev+oca+gp,10,15,7,1.364,58.7,43.05,0.885,2.503
15,5,40,40,12m,rev+gp+opm,5,6,5,1.362,60.4,44.35,1.126,2.114
20,15,30,35,12m,rev+oca+gp,10,13,7,1.358,60.72,44.72,0.903,2.557
15,5,50,30,12m,rev+oca+opm,10,11,7,1.356,58.64,43.24,0.911,2.45
20,10,35,35,12m,rev+oca+gp,10,14,7,1.355,58.81,43.39,0.89,2.452
10,10,45,35,6m,rev+oca+gp,7,8,7,1.354,59.69,44.08,0.882,2.526
20,15,30,35,12m,rev+oca+gp,10,11,7,1.352,58.21,43.04,0.88,2.49
25,10,30,35,12m,rev+oca+opm,10,12,5,1.351,57.42,42.5,0.727,2.577
20,15,30,35,12m,rev+gp+opm,10,15,3,1.349,69.21,51.29,0.703,3.105
15,10,35,40,12m,rev+oca+gp,10,12,7,1.349,61.51,45.6,0.908,2.524
25,0,40,35,12m,rev+oca+opm,10,15,3,1.347,58.26,43.26,0.654,2.49
20,15,30,35,12m,rev+gp+opm,3,7,5,1.346,67.56,50.2,0.855,2.562
10,0,55,35,12m,rev+oca+gp,3,7,3,1.346,64.61,48.0,0.695,2.541
10,0,55,35,12m,rev+oca+gp,10,12,7,1.346,56.33,41.84,0.919,2.375
15,10,35,40,12m,rev+oca+gp,10,11,7,1.345,60.51,45.0,0.899,2.506
15,5,50,30,12m,rev+oca+opm,3,5,3,1.343,68.15,50.74,0.709,2.632
15,10,35,40,12m,rev+oca+gp,7,10,7,1.339,58.2,43.48,0.878,2.427
20,15,30,35,12m,rev+gp+opm,3,8,7,1.336,67.08,50.2,0.851,2.545
20,15,30,35,12m,rev+gp+opm,3,7,7,1.335,67.03,50.2,0.851,2.553
25,0,40,35,12m,rev+oca+opm,10,11,7,1.332,59.42,44.6,0.953,2.398
15,10,45,30,12m,rev+oca+opm,10,13,7,1.332,56.95,42.74,0.872,2.395
20,15,30,35,12m,rev+gp+opm,3,8,5,1.329,66.73,50.2,0.849,2.536
15,10,35,40,12m,rev+oca+gp,7,9,7,1.329,57.11,42.98,0.868,2.402
15,10,35,40,12m,rev+oca+gp,3,6,7,1.327,63.3,47.71,0.875,2.282
25,10,30,35,12m,rev+oca+opm,7,9,7,1.326,57.49,43.37,0.879,2.339
10,5,45,40,12m,rev+gp+opm,3,8,3,1.326,64.86,48.91,0.691,2.703
15,0,50,35,12m,rev+oca+gp,3,6,3,1.326,73.81,55.66,0.73,2.937
15,5,40,40,12m,rev+gp+opm,10,15,5,1.325,61.03,46.06,0.824,2.546
20,15,30,35,12m,rev+oca+gp,3,4,3,1.324,64.56,48.75,0.686,2.786
15,5,50,30,12m,rev+oca+opm,3,5,5,1.318,65.14,49.41,0.795,2.36
15,5,50,30,12m,rev+oca+opm,3,5,7,1.318,65.14,49.41,0.795,2.36
15,10,35,40,12m,rev+oca+gp,10,15,7,1.318,59.77,45.37,0.899,2.493
20,15,30,35,12m,rev+oca+gp,10,14,7,1.315,58.45,44.46,0.883,2.492
15,10,45,30,12m,rev+oca+opm,7,9,3,1.314,62.76,47.75,0.678,2.69
20,0,45,35,12m,rev+oca+opm,10,11,3,1.312,56.74,43.26,0.647,2.53
15,10,35,40,12m,rev+oca+gp,3,8,5,1.311,61.82,47.15,0.816,2.408
15,10,35,40,12m,rev+oca+gp,7,12,7,1.311,57.55,43.91,0.873,2.427
10,5,45,40,12m,rev+gp+opm,10,13,7,1.31,54.14,41.33,0.901,2.306
20,15,30,35,12m,rev+gp+opm,10,14,3,1.309,68.32,52.18,0.699,3.084
15,0,50,35,12m,rev+oca+opm,3,7,3,1.308,61.72,47.2,0.676,2.551
15,5,40,40,12m,rev+gp+opm,10,15,3,1.308,60.08,45.93,0.665,2.604
15,0,50,35,12m,rev+oca+gp,3,8,5,1.305,71.35,54.68,0.899,2.45
15,5,40,40,12m,rev+gp+opm,3,7,3,1.304,60.87,46.68,0.668,2.863
15,10,35,40,12m,rev+oca+gp,3,7,5,1.296,60.98,47.06,0.811,2.303
15,0,50,35,12m,rev+oca+opm,3,6,3,1.295,61.72,47.65,0.676,2.557
10,10,45,35,6m,rev+oca+gp,7,11,5,1.291,57.25,44.35,0.819,2.363
15,10,35,40,12m,rev+oca+gp,3,8,7,1.289,60.78,47.15,0.856,2.309
15,0,50,35,12m,rev+oca+opm,3,8,3,1.287,61.49,47.77,0.675,2.547
15,5,40,40,12m,rev+gp+opm,7,8,3,1.286,58.44,45.43,0.655,2.6
10,0,55,35,12m,rev+oca+gp,3,6,3,1.283,64.08,49.95,0.689,2.521
10,10,45,35,6m,rev+oca+gp,7,12,5,1.282,56.56,44.11,0.813,2.366
20,15,30,35,12m,rev+gp+opm,10,13,3,1.276,66.58,52.18,0.691,3.015
15,0,50,35,12m,rev+oca+gp,3,8,7,1.276,70.87,55.56,0.896,2.439
20,15,30,35,12m,rev+gp+opm,3,6,5,1.272,63.94,50.27,0.83,2.471
15,0,50,35,12m,rev+oca+gp,3,7,5,1.271,70.85,55.74,0.895,2.442
20,15,30,35,12m,rev+gp+opm,3,6,7,1.268,63.74,50.27,0.829,2.467
10,10,45,35,6m,rev+oca+gp,7,12,3,1.267,65.11,51.4,0.69,2.768
10,10,45,35,6m,rev+oca+gp,10,12,3,1.267,65.11,51.4,0.69,2.768
20,10,35,35,12m,rev+oca+gp,3,8,3,1.266,67.34,53.19,0.698,2.965
20,0,45,35,12m,rev+oca+opm,5,10,3,1.265,57.48,45.44,0.651,2.532
15,10,45,30,12m,rev+oca+opm,5,6,3,1.265,57.34,45.32,0.65,2.579
15,5,50,30,12m,rev+oca+opm,3,4,3,1.263,64.3,50.91,0.691,2.557
15,10,35,40,12m,rev+oca+gp,7,11,7,1.259,55.39,44.0,0.853,2.373
25,10,30,35,12m,rev+oca+opm,7,12,7,1.258,53.76,42.74,0.845,2.265
15,0,50,35,12m,rev+oca+gp,3,7,7,1.258,70.14,55.74,0.891,2.428
20,10,35,35,12m,rev+oca+gp,3,7,5,1.257,72.78,57.9,0.82,2.613
15,10,45,30,12m,rev+oca+opm,5,9,3,1.257,61.04,48.55,0.67,2.626
15,10,35,40,12m,rev+oca+gp,3,7,7,1.253,58.99,47.06,0.843,2.186
20,10,35,35,12m,rev+oca+gp,3,7,7,1.25,72.36,57.9,0.818,2.601
20,10,35,35,12m,rev+oca+gp,10,11,7,1.247,57.17,45.86,0.876,2.395
15,5,40,40,12m,rev+gp+opm,7,10,3,1.244,58.65,47.17,0.656,2.627
20,10,35,35,12m,rev+oca+gp,3,7,3,1.24,65.92,53.17,0.693,2.793
15,5,50,30,12m,rev+oca+opm,3,4,5,1.239,62.07,50.11,0.777,2.297
15,5,50,30,12m,rev+oca+opm,3,4,7,1.239,62.07,50.11,0.777,2.297
20,0,45,35,12m,rev+oca+opm,7,10,3,1.239,57.09,46.07,0.649,2.524
15,10,45,30,12m,rev+oca+opm,7,10,3,1.238,61.68,49.84,0.673,2.662
20,15,30,35,12m,rev+gp+opm,7,8,7,1.232,57.11,46.36,0.869,2.323
20,0,45,35,12m,rev+oca+opm,5,7,3,1.232,57.7,46.82,0.652,2.507
10,5,45,40,12m,rev+gp+opm,5,6,7,1.228,50.56,41.18,1.209,1.822
15,0,50,35,12m,rev+oca+gp,3,6,5,1.228,69.43,56.56,0.87,2.471
10,0,55,35,12m,rev+oca+gp,3,8,3,1.227,60.36,49.2,0.672,2.47
15,5,40,40,12m,rev+gp+opm,3,4,5,1.226,54.63,44.57,0.956,1.907
15,5,40,40,12m,rev+gp+opm,3,4,7,1.226,54.63,44.57,0.956,1.907
15,0,50,35,12m,rev+oca+gp,3,6,7,1.226,69.33,56.56,0.869,2.469
15,5,40,40,12m,rev+gp+opm,7,9,3,1.225,55.64,45.43,0.64,2.575
20,10,35,35,12m,rev+oca+gp,3,5,3,1.221,68.94,56.47,0.707,2.847
20,0,45,35,12m,rev+oca+opm,10,12,3,1.221,52.83,43.26,0.625,2.446
20,15,30,35,12m,rev+gp+opm,7,12,7,1.22,57.53,47.17,0.879,2.428
20,10,35,35,12m,rev+oca+gp,3,6,7,1.22,71.12,58.32,0.811,2.589
15,5,50,30,12m,rev+oca+opm,3,8,3,1.217,56.83,46.69,0.651,2.404
20,10,35,35,12m,rev+oca+gp,3,6,3,1.214,66.07,54.43,0.693,2.805
15,5,50,30,12m,rev+oca+opm,3,7,3,1.214,58.32,48.05,0.658,2.444
15,10,45,30,12m,rev+oca+opm,7,11,3,1.214,57.8,47.6,0.652,2.59
20,10,35,35,12m,rev+oca+gp,3,6,5,1.209,70.49,58.32,0.807,2.574
20,0,45,35,12m,rev+oca+opm,7,11,3,1.209,55.7,46.07,0.641,2.494
25,10,30,35,12m,rev+oca+opm,10,15,7,1.199,54.22,45.21,0.848,2.364
20,15,30,35,12m,rev+gp+opm,7,9,7,1.198,56.23,46.94,0.861,2.301
15,10,35,40,12m,rev+oca+gp,10,13,7,1.198,56.15,46.87,0.861,2.4
15,0,50,35,12m,rev+oca+opm,3,4,5,1.196,63.02,52.7,0.683,2.589
15,0,50,35,12m,rev+oca+opm,3,4,7,1.196,63.02,52.7,0.683,2.589
15,5,40,40,12m,rev+gp+opm,3,5,5,1.195,50.79,42.49,0.922,1.856
15,5,40,40,12m,rev+gp+opm,3,5,7,1.195,50.79,42.49,0.922,1.856
20,15,30,35,12m,rev+gp+opm,7,10,7,1.194,57.29,47.99,0.872,2.426
20,15,30,35,12m,rev+gp+opm,10,14,7,1.19,56.37,47.37,0.864,2.396
10,10,45,35,6m,rev+oca+gp,10,15,3,1.188,61.08,51.4,0.668,2.699
15,5,40,40,12m,rev+gp+opm,3,6,5,1.183,50.27,42.49,0.92,1.853
15,5,40,40,12m,rev+gp+opm,3,6,7,1.183,50.25,42.49,0.92,1.852
20,15,30,35,12m,rev+gp+opm,10,15,7,1.182,54.91,46.44,0.856,2.35
15,10,35,40,12m,rev+oca+gp,3,6,3,1.18,56.97,48.29,0.651,2.616
25,10,30,35,12m,rev+oca+opm,10,13,7,1.178,53.54,45.44,0.841,2.354
10,0,55,35,12m,rev+oca+gp,3,7,5,1.175,57.51,48.96,0.823,2.079
15,5,40,40,12m,rev+gp+opm,5,8,3,1.172,56.28,48.03,0.644,2.529
10,0,55,35,12m,rev+oca+gp,3,7,7,1.168,57.2,48.96,0.82,2.073
25,10,30,35,12m,rev+oca+opm,10,14,7,1.167,53.53,45.89,0.841,2.36
15,10,45,30,12m,rev+oca+opm,10,11,3,1.166,56.82,48.73,0.647,2.557
15,10,45,30,12m,rev+oca+opm,5,7,3,1.165,54.87,47.11,0.636,2.522
15,5,40,40,12m,rev+gp+opm,5,10,3,1.161,56.93,49.04,0.647,2.576
10,0,55,35,12m,rev+oca+gp,3,8,5,1.158,57.24,49.44,0.821,2.081
10,0,55,35,12m,rev+oca+gp,3,8,7,1.157,57.19,49.44,0.82,2.08
10,0,55,35,12m,rev+oca+gp,3,6,5,1.149,56.58,49.24,0.815,2.061
10,0,55,35,12m,rev+oca+gp,3,6,7,1.149,56.56,49.24,0.815,2.061
15,5,40,40,12m,rev+gp+opm,3,8,3,1.148,53.6,46.68,0.632,2.469
20,15,30,35,12m,rev+gp+opm,7,11,7,1.144,54.75,47.86,0.854,2.34
15,5,40,40,12m,rev+gp+opm,10,14,7,1.142,49.86,43.65,0.85,2.115
20,15,30,35,12m,rev+oca+gp,7,9,3,1.141,60.44,52.96,0.556,3.136
15,10,45,30,12m,rev+oca+opm,7,12,3,1.141,57.66,50.55,0.652,2.59
10,10,45,35,6m,rev+oca+gp,5,8,3,1.14,60.67,53.21,0.667,2.684
10,10,45,35,6m,rev+oca+gp,7,11,3,1.134,62.36,54.97,0.676,2.697
10,10,45,35,6m,rev+oca+gp,10,11,3,1.134,62.36,54.97,0.676,2.697
15,10,35,40,12m,rev+oca+gp,7,10,3,1.132,53.58,47.32,0.629,2.491
10,10,45,35,6m,rev+oca+gp,7,8,3,1.128,58.49,51.85,0.656,2.634
10,10,45,35,6m,rev+oca+gp,5,7,3,1.127,60.73,53.88,0.668,2.654
20,15,30,35,12m,rev+oca+gp,5,9,3,1.127,59.68,52.96,0.553,3.103
15,10,45,30,12m,rev+oca+opm,5,10,3,1.127,57.41,50.92,0.651,2.55
20,0,45,35,12m,rev+oca+opm,7,12,3,1.125,51.81,46.07,0.62,2.411
25,10,30,35,12m,rev+oca+opm,10,12,7,1.123,51.87,46.17,0.826,2.296
10,10,45,35,6m,rev+oca+gp,10,14,3,1.122,59.29,52.84,0.659,2.66
20,15,30,35,12m,rev+gp+opm,10,13,7,1.12,53.74,48.0,0.845,2.334
15,5,40,40,12m,rev+gp+opm,3,4,3,1.12,56.6,50.52,0.883,2.026
15,5,40,40,12m,rev+gp+opm,5,9,3,1.114,53.52,48.03,0.628,2.503
15,10,45,30,12m,rev+oca+opm,10,12,3,1.113,56.89,51.11,0.648,2.561
10,5,45,40,12m,rev+gp+opm,5,6,5,1.11,46.13,41.55,1.133,1.71
15,10,35,40,12m,rev+oca+gp,7,9,3,1.097,52.57,47.91,0.623,2.463
15,10,35,40,12m,rev+oca+gp,5,10,3,1.093,51.74,47.32,0.619,2.446
20,15,30,35,12m,rev+gp+opm,10,12,7,1.092,53.62,49.1,0.844,2.348
15,0,50,35,12m,rev+oca+gp,3,7,3,1.086,59.58,54.87,0.669,2.425
10,10,45,35,6m,rev+oca+gp,7,10,3,1.084,59.57,54.97,0.661,2.644
15,10,45,30,12m,rev+oca+opm,10,13,3,1.082,55.17,50.99,0.638,2.517
20,10,35,35,12m,rev+oca+gp,3,5,5,1.078,64.89,60.18,0.776,2.466
20,10,35,35,12m,rev+oca+gp,3,5,7,1.078,64.89,60.18,0.776,2.466
20,0,45,35,12m,rev+oca+opm,3,7,3,1.072,51.09,47.64,0.618,2.309
10,10,45,35,6m,rev+oca+gp,5,6,3,1.068,54.34,50.9,0.634,2.533
25,10,30,35,12m,rev+oca+opm,10,11,7,1.067,49.72,46.59,0.805,2.158
15,10,35,40,12m,rev+oca+gp,10,12,3,1.057,54.99,52.04,0.636,2.561
15,10,35,40,12m,rev+oca+gp,10,11,3,1.055,54.82,51.97,0.636,2.549
15,10,35,40,12m,rev+oca+gp,5,9,3,1.054,50.48,47.91,0.611,2.412
15,10,35,40,12m,rev+oca+gp,7,12,3,1.049,54.6,52.04,0.634,2.553
15,10,35,40,12m,rev+oca+gp,7,11,3,1.047,54.43,51.97,0.633,2.54
20,15,30,35,12m,rev+gp+opm,10,11,7,1.039,50.17,48.3,0.811,2.189
10,10,45,35,6m,rev+oca+gp,10,13,3,1.032,57.62,55.83,0.651,2.608
20,15,30,35,12m,rev+gp+opm,3,4,7,1.016,49.24,48.45,0.826,1.782
20,15,30,35,12m,rev+gp+opm,3,4,5,1.016,49.24,48.45,0.826,1.782
10,10,45,35,6m,rev+oca+gp,5,10,3,1.014,57.06,56.25,0.648,2.591
15,10,35,40,12m,rev+oca+gp,10,13,3,1.013,52.98,52.32,0.625,2.507
15,0,50,35,12m,rev+oca+gp,3,8,3,1.011,56.92,56.3,0.655,2.371
15,0,50,35,12m,rev+oca+opm,3,4,3,1.006,53.71,53.39,0.635,2.4
15,10,35,40,12m,rev+oca+gp,10,14,3,0.989,52.81,53.37,0.624,2.519
15,5,40,40,12m,rev+gp+opm,3,5,3,0.956,48.09,50.33,0.807,1.88
15,10,35,40,12m,rev+oca+gp,3,7,3,0.945,44.43,46.99,0.58,2.151
10,10,45,35,6m,rev+oca+gp,5,9,3,0.938,54.12,57.68,0.632,2.529
15,10,35,40,12m,rev+oca+gp,10,15,3,0.936,50.73,54.2,0.613,2.47
15,10,45,30,12m,rev+oca+opm,10,14,3,0.933,52.94,56.72,0.626,2.465
10,10,45,35,6m,rev+oca+gp,7,9,3,0.929,52.42,56.44,0.622,2.491
15,10,45,30,12m,rev+oca+opm,10,15,3,0.919,52.43,57.08,0.623,2.457
10,5,45,40,12m,rev+gp+opm,3,6,5,0.914,42.22,46.18,0.995,1.506
10,5,45,40,12m,rev+gp+opm,3,6,7,0.914,42.22,46.18,0.995,1.506
20,15,30,35,12m,rev+gp+opm,3,4,3,0.902,50.05,55.47,0.833,1.812
10,5,45,40,12m,rev+gp+opm,5,6,3,0.893,44.12,49.41,1.009,1.551
15,10,45,30,12m,rev+oca+opm,3,5,3,0.859,48.82,56.83,0.606,2.219
15,10,45,30,12m,rev+oca+opm,3,4,3,0.855,48.9,57.17,0.608,2.221
10,5,45,40,12m,rev+gp+opm,3,4,5,0.84,41.77,49.71,0.964,1.486
10,5,45,40,12m,rev+gp+opm,3,4,7,0.84,41.77,49.71,0.964,1.486
15,10,45,30,12m,rev+oca+opm,3,6,3,0.835,45.07,53.97,0.586,2.132
20,15,30,35,12m,rev+gp+opm,3,5,5,0.833,45.81,54.98,0.869,1.74
20,15,30,35,12m,rev+gp+opm,3,5,7,0.833,45.81,54.98,0.869,1.74
10,10,45,35,6m,rev+oca+gp,3,6,3,0.833,45.22,54.3,0.586,2.176
10,5,45,40,12m,rev+gp+opm,3,4,3,0.826,42.78,51.79,0.971,1.514
10,10,45,35,6m,rev+oca+gp,3,7,3,0.82,44.18,53.9,0.579,2.166
15,10,45,30,12m,rev+oca+opm,3,4,5,0.819,46.49,56.74,0.671,1.945
15,10,45,30,12m,rev+oca+opm,3,4,7,0.819,46.49,56.74,0.671,1.945
15,10,45,30,12m,rev+oca+opm,3,6,5,0.819,43.4,53.01,0.645,1.87
15,10,45,30,12m,rev+oca+opm,3,6,7,0.808,42.88,53.05,0.642,1.859
10,10,45,35,6m,rev+oca+gp,3,8,3,0.805,44.6,55.42,0.583,2.167
15,10,45,30,12m,rev+oca+opm,3,8,5,0.799,41.41,51.82,0.629,1.834
15,10,45,30,12m,rev+oca+opm,3,5,5,0.788,43.47,55.17,0.647,1.88
15,10,45,30,12m,rev+oca+opm,3,5,7,0.788,43.47,55.17,0.647,1.88
15,5,40,40,12m,rev+gp+opm,5,6,3,0.78,42.15,54.01,0.751,1.735
10,5,45,40,12m,rev+gp+opm,3,5,5,0.778,39.31,50.55,0.944,1.441
10,5,45,40,12m,rev+gp+opm,3,5,7,0.778,39.31,50.55,0.944,1.441
15,10,45,30,12m,rev+oca+opm,3,8,7,0.777,40.63,52.26,0.624,1.817
10,10,45,35,6m,rev+oca+gp,3,7,7,0.756,40.88,54.08,0.625,1.882
15,5,40,40,12m,rev+gp+opm,3,6,3,0.753,40.12,53.32,0.731,1.706
15,10,45,30,12m,rev+oca+opm,3,8,3,0.748,41.92,56.02,0.567,2.079
10,10,45,35,6m,rev+oca+gp,3,7,5,0.741,40.05,54.08,0.619,1.864
15,10,45,30,12m,rev+oca+opm,3,7,5,0.737,40.33,54.73,0.622,1.802
15,0,50,35,12m,rev+oca+gp,3,5,3,0.73,43.39,59.41,0.762,1.697
15,10,45,30,12m,rev+oca+opm,3,7,7,0.719,39.67,55.14,0.617,1.788
15,0,50,35,12m,rev+oca+gp,3,5,5,0.719,42.89,59.64,0.828,1.612
15,0,50,35,12m,rev+oca+gp,3,5,7,0.719,42.89,59.64,0.828,1.612
15,10,35,40,12m,rev+oca+gp,3,5,5,0.713,41.48,58.15,0.819,1.579
15,10,35,40,12m,rev+oca+gp,3,5,7,0.713,41.48,58.15,0.819,1.579
10,10,45,35,6m,rev+oca+gp,3,4,3,0.712,40.88,57.39,0.563,2.095
20,15,30,35,12m,rev+gp+opm,3,5,3,0.71,45.88,64.61,0.787,1.845
10,0,55,35,12m,rev+oca+gp,3,5,5,0.71,38.03,53.59,0.915,1.357
10,0,55,35,12m,rev+oca+gp,3,5,7,0.71,38.03,53.59,0.915,1.357
10,10,45,35,6m,rev+oca+gp,3,6,7,0.707,38.57,54.57,0.608,1.82
10,10,45,35,6m,rev+oca+gp,3,8,7,0.699,38.57,55.18,0.607,1.828
10,10,45,35,6m,rev+oca+gp,3,6,5,0.696,37.97,54.57,0.604,1.805
10,0,55,35,12m,rev+oca+gp,3,5,3,0.688,37.89,55.05,0.904,1.35
10,10,45,35,6m,rev+oca+gp,3,8,5,0.686,37.84,55.18,0.601,1.812
15,10,45,30,12m,rev+oca+opm,3,7,3,0.682,38.38,56.26,0.545,1.987
15,0,50,35,12m,rev+oca+gp,3,4,5,0.659,39.19,59.42,0.785,1.514
15,0,50,35,12m,rev+oca+gp,3,4,7,0.659,39.19,59.42,0.785,1.514
15,0,50,35,12m,rev+oca+gp,3,4,3,0.658,38.47,58.43,0.715,1.583
10,10,45,35,6m,rev+oca+gp,3,4,5,0.648,36.77,56.71,0.599,1.776
10,10,45,35,6m,rev+oca+gp,3,4,7,0.648,36.77,56.71,0.599,1.776
10,0,55,35,12m,rev+oca+gp,3,4,5,0.631,33.55,53.2,0.836,1.251
10,0,55,35,12m,rev+oca+gp,3,4,7,0.631,33.55,53.2,0.836,1.251
10,10,45,35,6m,rev+oca+gp,3,5,5,0.63,36.47,57.87,0.595,1.769
10,10,45,35,6m,rev+oca+gp,3,5,7,0.63,36.47,57.87,0.595,1.769
10,10,45,35,6m,rev+oca+gp,3,5,3,0.623,36.91,59.27,0.539,1.983
10,5,45,40,12m,rev+gp+opm,3,6,3,0.608,31.43,51.66,0.813,1.243
20,10,35,35,12m,rev+oca+gp,3,4,5,0.606,35.8,59.06,0.75,1.432
20,10,35,35,12m,rev+oca+gp,3,4,7,0.606,35.8,59.06,0.75,1.432
10,5,45,40,12m,rev+gp+opm,3,5,3,0.585,33.03,56.45,0.835,1.286
20,10,35,35,12m,rev+oca+gp,3,4,3,0.568,35.96,63.34,0.69,1.522
10,0,55,35,12m,rev+oca+gp,3,4,3,0.523,30.32,57.96,0.782,1.176
15,10,35,40,12m,rev+oca+gp,3,4,5,0.495,27.8,56.14,0.757,1.103
15,10,35,40,12m,rev+oca+gp,3,4,7,0.495,27.8,56.14,0.757,1.103
15,10,35,40,12m,rev+oca+gp,3,5,3,0.489,31.84,65.09,0.651,1.421
15,10,35,40,12m,rev+oca+gp,3,4,3,0.386,22.44,58.19,0.664,0.983
