CAGR,Sharpe,Calmar
0.03436996550130189,0.2673229581912956,0.05018422352201248
0.07787273354733637,0.5122722769845552,0.18698619220466603
0.07629433130283436,0.43474392291260194,0.11318141380876852
0.004046052003238154,0.1388515325909445,0.006076622570106497
0.05193355600750893,0.3692816771283436,0.0994461313794966
0.058532686309410664,0.39760861068845665,0.09634535478634008
0.06036734193218285,0.38150651499459304,0.09978811248546007
0.0757724148599721,0.44219192577648625,0.11010543538829662
0.036472196121582146,0.2958230425219092,0.06568565455326894
0.08264912688151149,0.4763637334578777,0.16310146823500096
0.0027941122310601862,0.12635788771188827,0.004075444712099472
0.0553481355031602,0.3564811789907818,0.10263504235693154
0.07188514187977124,0.46785187539643647,0.11844879622556531
0.03743486557961062,0.3037056128003672,0.08205796540204137
0.011442756956429934,0.1698258687483798,0.016255100540458034
0.07174146613137933,0.47167992898644723,0.18514187206351634
0.05919597397358567,0.44355740732594023,0.18789894897205384
0.03744271822418255,0.2787816348796565,0.05592863852972816
0.041604324056349506,0.2957874806156957,0.05910135756870553
0.041370165941331694,0.3154548981363847,0.07921858762759092
0.0427976810179449,0.31464725223154816,0.0717285148321778
0.019996253462753577,0.21029153337448883,0.02856416687112673
0.058739222645486366,0.408984245049282,0.11247811437152404
0.04400971446524515,0.3285080625775024,0.07244040589194445
0.010253085205416124,0.1612985048791604,0.016718805963034142
0.06264668050046418,0.43658343093400154,0.20736487520700955
0.037025862332562554,0.2840173983518807,0.058331682811489434
0.10004969812239217,0.6166202694355929,0.3640016430512836
0.0967711541066345,0.6481480060306113,0.37496837424005985
0.08090378598252768,0.5268154510496037,0.15492042425813932
0.12897417611583473,0.6875157832907003,0.3531028165511421
0.048592364927673826,0.3421373854392676,0.078608350073907
0.022645759461989545,0.21890238993556052,0.048467997649894935
0.07968905242351476,0.5094923636846352,0.1525943645312988
0.029315378053998087,0.24531021128173047,0.04492796256663551
0.07575227694553988,0.43569290772630037,0.11068322811148508
0.0774249449543154,0.4347906542563262,0.11686089124943903
0.13190542823275697,0.8119694101811615,0.540459209829959
0.03462359875135257,0.2687368157121131,0.056848016852073094
0.04528106871703752,0.32199522645958917,0.07287988629053498
0.016160394620553076,0.1889071458444629,0.023901614592599683
0.114660393773377,0.7012033621546562,0.3132908412978089
0.037144441104668635,0.27692658394102676,0.05545428314683282
0.052838881555649087,0.3461479856070095,0.08850112004585103
0.04370353109603875,0.33922339695234177,0.11938159441914599
0.08296536475654981,0.5387393630511282,0.24376007332260757
0.07159138051962732,0.47688903563321416,0.12617225065708712
0.041594814312212014,0.3233894868950573,0.07964876058554365
0.04405526565106266,0.3143779222992884,0.07233374272096225
0.07027586467064917,0.47795131215126857,0.22444871813056624
0.03896179928202592,0.3055265614618785,0.07460687285926865
0.036811426351579746,0.2798870038259851,0.05845416344313866
-0.008838929015316577,0.08075693420730508,-0.013327653979260144
0.08033205509541408,0.5172607040080212,0.2280840293151062
0.07866531985946867,0.5346757892956193,0.2188193854430379
0.022417753332529378,0.2181748884958024,0.03258022564263782
0.0992314699632697,0.6291508979777579,0.17920132834728025
0.058534968068891136,0.3965079514867633,0.09634911058400707
0.0056691363582142,0.14684721397050332,0.008700088008802738
0.015092058470652425,0.17481708937234944,0.024867950617729444
0.004937517340045883,0.11799153144037713,0.008799941048389987
0.057085940084744546,0.3604781576793611,0.08755215222061119
0.07568737378238888,0.44403469177621063,0.11615293255520813
-0.0012696050851896956,0.07767276572567217,-0.002394058115647325
0.0483957224614846,0.3525749328342733,0.1018134902529658
0.0425449810751628,0.33550372122171407,0.14082685021547703
0.07911426359026352,0.5109417573490181,0.12141242616893182
0.014571708129427874,0.17748490528796645,0.023207946098281133
0.04214598153715565,0.3221462364810344,0.08977509121396182
0.07124455495563753,0.4322559282513971,0.1169754677964639
0.03448049025596922,0.2729251592171018,0.10137898487482883
0.0982174796774058,0.6418338169693615,0.280689510618945
0.009636230115678268,0.14664630097219905,0.015520173802616007
0.05573115176636101,0.36228189389545995,0.09856068137252258
0.02050538848434802,0.20292773140310927,0.032165426827831065
0.06985919968287457,0.5013334421355161,0.18550831431516565
0.03313338201705962,0.2602242800820918,0.05166132932809512
0.013158657952509367,0.16268601433226262,0.024846078039697156
0.03147674606383277,0.2679937003167086,0.060273951277481815
0.06253471256062726,0.38565162714870377,0.0959683218933932
0.111874205428522,0.6830314743379724,0.4723154672683579
0.046358394992116914,0.31565088016838294,0.07233184675351845
0.019038077497366412,0.20104089859798194,0.028375965182841176
0.027474588044034576,0.24334776027979932,0.047039634454866655
0.061904510693019166,0.3790717789709405,0.09500118838926465
0.1347390734323375,0.8686814362336327,0.4459957163667709
0.06569900482693503,0.39362508930098833,0.10520801944974406
0.06275119714273547,0.4593358046749956,0.17777543638155444
0.019407265326473633,0.20460676015222348,0.02783391349529914
0.009997310769264578,0.16409426030513422,0.014743814315443218
0.03965836780643195,0.29045289534511465,0.05931127720190903
0.0725801655289584,0.4229976120050873,0.11695313776367024
0.04687055415585517,0.3226740457418249,0.07505681686106509
0.12207077120212029,0.759749565101855,0.23374994673592756
0.05213591323348932,0.3825400143720348,0.18845086512324524
-0.0006693348200295102,0.12064574302450572,-0.0009398997921278809
0.025475382454044126,0.2298598193937529,0.04103801436674604
0.09613167267065803,0.5251715648315539,0.18970819835700237
0.08044690614007388,0.5394127072897063,0.2662848616919586
0.020385433675181863,0.2093540431741552,0.029681137782363726
-0.017675259916814623,0.04122929423353559,-0.026502594444147837
0.09965876078256408,0.6479097062916663,0.20119593437082117
0.046474811272429806,0.35127973275487995,0.08899333192140972
0.005527428420685654,0.12301780221212792,0.009401387673100087
0.06145264223896563,0.3783083838869459,0.0982597001064468
0.059096269411234026,0.3886435962866823,0.08651506020874833
0.008205677550748636,0.14384211279990924,0.013218436026386365
0.09068353659960016,0.5422991835349722,0.3001688213977599
0.1252654297721867,0.8824096154611771,0.42391352756658
0.048911825927691055,0.3266367485969291,0.06948208819774285
0.028328873485690353,0.24139245360559305,0.04024280935627615
0.08847210999149091,0.5817784996433509,0.29106421846313935
0.04425981627788178,0.3297547864190585,0.09095227313644644
0.042899994048764656,0.302162827278434,0.06408023706278954
0.06842314311497577,0.4561854892548655,0.14872998105779467
-0.03742099579159841,-0.03293382665655222,-0.05269662276270122
0.03067529127703983,0.2521624446733009,0.044833918448290606
0.038171507413529815,0.29249825289977394,0.061750425649742716
0.03207826380742329,0.2626417356713994,0.04986168377547176
0.07813564629288905,0.46527217457211245,0.21391814710476445
0.056302820234074735,0.3562528221245358,0.09188392506062161
-0.0019899734050150553,0.1154293119854857,-0.002826872745311674
0.027145797900930635,0.23821724542052303,0.04131825408857839
0.049085574341649174,0.3401425161415792,0.08221461506059077
0.06554031193258947,0.39648444306223435,0.10330876824130993
0.05040184787141899,0.3382141846192801,0.07759487560549314
0.038563884739799104,0.2849516612451282,0.059148786466942216
0.05972397151619524,0.4016993414069451,0.10233054289703505
0.09931955582794894,0.7002746033146015,0.3086820660063902
-0.014823763765078879,0.059338131507499225,-0.021371385674936814
0.014079544064769856,0.16932765517616566,0.02551105422473766
0.08294933775733493,0.5184361759815821,0.16835848271201598
0.03627276192067708,0.2754928839045322,0.051527564042980464
0.038720673844584,0.30574570132965684,0.08247884850419342
0.07675212969064815,0.5343009530464424,0.25405489433802547
0.0813563844287899,0.4553038503276966,0.12610648661804538
0.046375283312968696,0.3401747084339723,0.08385573059116892
0.05585077798859506,0.3733111391624592,0.08687553188337754
0.044026070796292505,0.31058878229175213,0.06459191696827941
0.020820780525852012,0.2087328177440091,0.028862004379299776
0.07049869921727714,0.4143908159226819,0.1112850624280855
0.14130368640353086,0.8377998032267553,0.45491335343138184
0.08492964353507304,0.5874843037661636,0.27326856104342895
0.06801464084353892,0.41538878678351765,0.1082979789370772
0.05437225752035246,0.4139017091655611,0.1305497660405835
0.10068349177666369,0.6797877573023473,0.4250700175483073
0.06239203726183917,0.39219970577713487,0.10922549499749218
0.002494602134288648,0.12144420746260827,0.003757148018351249
0.034587681272565396,0.2836053037333859,0.06772943781861714
0.05686801477434522,0.3665641091986896,0.08078431633329386
0.08656534478439437,0.5322366996656227,0.1400376157284898
0.09235561208212562,0.6007243998723389,0.1876697317614745
0.060363335494959536,0.4556455296606176,0.17760766785744428
0.07739572651195492,0.49724431871718444,0.12116302647434068
0.06358075545171293,0.3841347428244047,0.09757362200233159
0.0568927201972067,0.4105871833740807,0.09877282884909692
0.057746202305672956,0.36395169410846007,0.08861967864038807
0.027569745441248017,0.23750037526053785,0.0412857141307354
0.047670138690593555,0.3304755624342712,0.07437852770945405
0.0747228431552791,0.526771600970093,0.1394206493987962
0.019872568137064395,0.20636521617605008,0.030497254048736853
0.0009217213002197244,0.12238053612848797,0.0013802783268411156
0.07598948814599793,0.5405454323222032,0.23549626037903487
0.05135670935864489,0.3681215306217525,0.09105181672597022
0.033636144804761736,0.2728094092280862,0.06345211584181928
0.0741581307745065,0.4319566740500401,0.10835398796972158
0.1278788915985296,0.7765158646847518,0.3022650626885605
0.07986417851746519,0.5289262740422682,0.15292970864954972
0.0034545277039526034,0.12025303388796985,0.0055203229722630065
0.08848118986903919,0.6161176117321001,0.43188781120225994
0.04682157478010862,0.3196256976099886,0.07368126923502626
0.041877081663948434,0.2987993905086373,0.06426627849589024
0.03893514826432809,0.2847781977866088,0.07041487605254514
0.0369527671082972,0.285838590939824,0.06082460385580308
0.10739280825121766,0.7024672191397163,0.38818285453867885
0.05603161423940284,0.36601771020591384,0.15102406626428708
0.0646806229605188,0.443242898296877,0.13777609665911536
0.05487307510146189,0.39887877950723233,0.14077847302964036
0.03137763447703046,0.2647149443200435,0.048300556147857616
0.02630803584646335,0.23396860061723954,0.03737209217451182
0.03984498954784321,0.28889696503776147,0.05418902985001526
0.06226684188226339,0.38346571885297115,0.09964999178036235
0.07865373024137146,0.5577116724970135,0.24965663210667602
0.061501745246430595,0.4581254830543127,0.2150821404904473
0.015820163048863245,0.17895002455754483,0.027767019418808707
0.06969498417167275,0.4096345363845979,0.11143708075910114
0.05238188201266025,0.3916892646751014,0.10315064134048156
0.033424859539679774,0.2721604338150721,0.07051201762673305
0.02190651324624171,0.2134538941416518,0.041598916995204724
0.008219447170526362,0.14633968199568886,0.01283679335434335
0.08125504921279392,0.5750137468468496,0.2937051136172849
0.027805410530729713,0.23882160462660462,0.04153327612148359
0.09865894513552376,0.6451341253251843,0.16919283621894005
0.06728194436701052,0.46443267517638503,0.12883633614502127
0.058546240825854134,0.39436405381901746,0.11091624421647904
0.04553812323975892,0.31362121445704266,0.06468954767671617
0.0679760136369445,0.4517255371379677,0.2250053390265511
0.05430158469501145,0.39845232561988797,0.10917191584229392
0.04836083331436836,0.381033860404145,0.16958820842827585
0.08826842436487081,0.5847457315099066,0.16902276679803943
0.05595773264788351,0.4019696238536446,0.10019950514529948
0.0194590770353249,0.20034372603799355,0.03202982468415564
0.05951310229491713,0.4023770155168301,0.09399947491392602
0.1044879391960516,0.6914278047380452,0.37768289294667295
-0.016157409866381478,0.0518607284549238,-0.022952538697751178
0.040678531101600246,0.2966248336545216,0.06237805515839603
0.024552226398912858,0.22696204847315032,0.03620899682191782
0.0424986589787264,0.3272246033201595,0.07856963902377635
0.06354088607653341,0.45517013099213816,0.18700149609506608
0.07200933133734488,0.45384948941751724,0.11614689271210157
0.026463849788408655,0.2381352614912699,0.04263032556136252
0.11489695025335744,0.6703756489109645,0.31393719333087455
0.05993081044175019,0.4361930117008778,0.19156781004657952
0.027087992246572767,0.23964433865569096,0.04458709121344545
0.07504590749878925,0.5182417585347547,0.14370333461354134
0.05688292517071081,0.41292902304010043,0.0928429057543781
0.04737390287081289,0.350590626128625,0.06882943401585029
0.0020827745242557594,0.12848194086454962,0.003090170849806839
0.06573439414017979,0.4645653282978032,0.23760403675277095
0.06116946644948262,0.43605788587713734,0.11713172107970854
0.09546656182786317,0.6552608363930155,0.32367272898234656
0.003352308159308759,0.12903060757782042,0.005198171334931436
0.042054981649278345,0.2984802911695966,0.06696307530800359
0.08140656545441427,0.5046781669146808,0.22119583537984036
0.04374080630866395,0.3106615456204226,0.07755041500042215
0.05218860140707071,0.40090821585109604,0.1346809728688039
0.0011307816595631515,0.10407217062646862,0.0020125795666565455
-0.004713566118055623,0.09351929459833491,-0.006505637093412446
0.047599636827920344,0.3469781643367364,0.09114722929662807
0.13774260956129858,0.9203898955763319,0.6762307781904675
0.061466588450275195,0.43573351727423437,0.2041053219138117
0.03425534197462565,0.26667057113290393,0.048661701892778624
0.05017511756909565,0.3646721762511945,0.0927099925428061
0.04444454776185203,0.3403476873449856,0.10990479720400528
0.054151765442848054,0.375283759376793,0.13811313644833664
0.05756870675685,0.45247839619968716,0.21713063489007187
0.07977223692049784,0.6122354437476083,0.27311420303198064
0.055354887745760806,0.3589817966204448,0.09271523963565859
0.003513131659075741,0.12596231470422192,0.0047921517600280576
0.04155757789105752,0.3215371501001363,0.07798771712700453
0.03270250509144157,0.26800739676525925,0.06433300446854696
0.05652529426141162,0.3565156617652588,0.09051756984329551
0.10243722658315013,0.6808908178824243,0.3726879689358899
0.11445546936040607,0.6943078550958627,0.2761292461305783
0.06830332257136984,0.40644296319045153,0.09702883491037223
0.061159444827739495,0.380781853688378,0.08688054185358411
0.030879753855370895,0.25530098616645147,0.045067177939225225
0.05990782903832237,0.4127262780946135,0.11471584646243047
0.08471126787879824,0.5316645383272658,0.16221126613360862
0.04121632800730746,0.295925190609619,0.06562770849098844
0.05425921284597668,0.35962699912495,0.10485597968145835
0.02148196649235934,0.21278734252227383,0.032967102443193015
0.06938753993998059,0.4115144243679456,0.10071753798173311
0.12367166301736998,0.7333639308285222,0.2368154502373759
0.06418969236580274,0.40755833173318995,0.1438984759873912
0.07244888229691315,0.4694986086989778,0.13873036281503223
0.022399797124111887,0.2162846094747748,0.04289275256553628
0.06959175121776973,0.4118040681727304,0.11856473482507798
0.019586066637981236,0.20086777737589162,0.03451837485598251
0.05507669269259763,0.40247409952179614,0.10546483696714887
0.08557735774669051,0.5122480293005522,0.12747352318721789
0.036437958737086884,0.2915372933584268,0.06064976121084865
0.09647703005027175,0.6038416229020749,0.28366021763689037
0.01581325638840969,0.18036442083516818,0.02499325637659254
-0.015034406734824368,0.020470257943414026,-0.024161820823627028
0.06047968115312208,0.37329039046679924,0.09211348719368732
0.011547383011758727,0.15760041044674716,0.01834784184719497
0.037827330159419637,0.29702211060210276,0.060404182429302386
0.09160557563244898,0.6119470794136241,0.30322083480781237
0.023731601886834985,0.22226653743248012,0.0354481791549787
0.09570051710519745,0.5870740698444656,0.17484929856367368
0.1061013088659899,0.6746711782847286,0.3512027213019426
0.08323936029715107,0.5889230942941514,0.2755280794199805
0.06381810962017931,0.39811996331067545,0.1083011962966266
0.07554581648460879,0.5232212427807876,0.25006191361769703
0.06025166717256947,0.37530156883189686,0.08850028279549156
-0.0066369759230984204,0.06411796709820669,-0.01124827119648503
0.02106940464229279,0.21417077069777285,0.032277459505220235
0.032347419327169336,0.2590042053767249,0.04882338959908612
0.07393366773028576,0.540083561931495,0.21605655641954746
0.010329907055315335,0.14489982629181813,0.0321773120259493
0.07798672740418366,0.44709180385034625,0.11770881432925054
0.07115936105030762,0.45830374704537513,0.11462983475827722
0.05139976901452337,0.3529823957253609,0.0831499154738718
0.062051158844705245,0.38408088328112566,0.09268656224683142
0.039028230829565524,0.28694128355687526,0.05544186759068617
0.018255134491010017,0.19520698853196192,0.02940699606219355
0.029538690659215883,0.24775722346530904,0.04533128013892581
0.05252095236359766,0.3407198978129543,0.07836925891521901
0.08264285117523595,0.5029726531094797,0.12845806544708968
0.03745433081320071,0.3001679980477109,0.09873451853445045
0.07358036273691071,0.5059977145298878,0.1408970034447064
0.02331226483975768,0.2178386835707581,0.03825359413696943
0.03721588592385294,0.28116472353022703,0.05736780666802093
0.03184089616070973,0.26777375177453755,0.05896984138180961
0.03334275503348505,0.27137799413752467,0.05371147862291808
0.05979030424953513,0.3799366345794679,0.09020020987706873
0.02557228735066186,0.24125136659911325,0.060835311638163914
-0.001199251637119647,0.08616031667468875,-0.0021135544120161054
0.025756261970723227,0.23585271916132827,0.04413041719158485
0.0213051900404575,0.21219449041714467,0.03269581408598118
0.05162626485624289,0.34366579625028876,0.08359478399729806
0.034795487835747485,0.274738234858238,0.05253938892968462
0.03467781223120037,0.2672985454492943,0.05179866519487807
0.06423904121423196,0.41384720173664824,0.12649981340388142
0.08845892031810165,0.6171635548502722,0.29280518658245636
0.04467016404695201,0.3317278685426296,0.08553766281505085
0.0789561801171077,0.5430213130151025,0.2959758385011414
0.012298294792401965,0.17391713271163223,0.018360570286124436
0.0816870945814363,0.5071227869110166,0.14082378598037099
0.0748775704451754,0.511648112049321,0.22901225059191668
0.09580336299808101,0.7361761316492601,0.40826381078752805
0.025369216104863757,0.2305244686737686,0.038910974771991166
0.1381831148053001,0.864517518932055,0.457395733156278
0.07126272015167667,0.4723245033813066,0.13645901369895178
0.02181615261076253,0.21629094999653822,0.030991111271890658
0.1232591374323937,0.7571947530686665,0.4079963287376825
0.01627992897131647,0.19102557801306194,0.02312658419888595
0.04689722194997037,0.35464885810737745,0.08773737504915571
0.07346900571522474,0.46933029754679967,0.19496571250920644
0.06309560220304022,0.4436798246787913,0.12082002521153691
0.07018388961178035,0.4969026581118495,0.2323135622609968
0.06068728184983985,0.3846796554966048,0.0945279129143096
0.01934670099991309,0.19708541875696925,0.03185703343931019
0.029084212178490443,0.24501465959925164,0.04355362918666303
0.02385070545456025,0.22168988662324382,0.04244978864154544
0.08472915709901208,0.5588854863141538,0.16224552170708417
0.038567539455771405,0.3099249575387933,0.06354969194550131
0.031047022665574797,0.26474633278308574,0.0572005497658187
-0.008329446021155817,0.045699415667970894,-0.015114205214646464
0.07437666459851511,0.5203509707122975,0.24619193945432444
0.0657359464164955,0.4706365451242029,0.12587594738833532
0.0379162447382011,0.29176372498570835,0.07337257588510182
0.07679867709831756,0.44100692273464476,0.11785838397534286
0.06176647177124539,0.4172832010808217,0.14901454147755827
0.05913634930955647,0.4403405808651811,0.20103490419712836
-0.007807161695532749,0.07958876490363435,-0.011691230396779526
0.09530250630219039,0.6385304852714904,0.3154579327810118
0.0063188221263863475,0.1419816852063508,0.009293362705331236
0.025497387933367532,0.22956923481321578,0.03818235723433731
0.09103642889335939,0.5285103343808167,0.2492376413564572
0.08138650573505113,0.4667726390527224,0.1593927042885048
0.04618102043603556,0.32270305680051764,0.07582399065005122
0.04760164073157269,0.36016780638232637,0.13970903744915844
0.032705297242285214,0.2672474784623438,0.047503460910606685
0.06293628725969147,0.4289460130463434,0.1289340785530192
0.0033154797078840392,0.13670484271701136,0.004625294965021653
0.08127850630265843,0.5074811256318618,0.23897376168192383
0.07263432155748717,0.4692927730999989,0.1675047203488291
0.04367719297511141,0.3320346365281842,0.08160740789469814
0.01806627036448405,0.20012774113698362,0.02566418584996395
0.036397426015108536,0.2800627907014684,0.05307146003107624
0.0653954520528548,0.42759945375950054,0.1445655397485898
0.01870541135905346,0.19555714057111012,0.031018500648679392
-0.007270299924572288,0.05886326697575266,-0.011257920026828716
0.07737133442541677,0.47793475121465245,0.17344867530257427
0.06226606644111721,0.3867665846119542,0.09300757230825518
0.030648585006887386,0.2681962668290852,0.06776743292114265
0.1305917863939925,0.8763154262080907,0.45085922696235503
0.015748669413747862,0.1800334279799793,0.04387370067527554
0.049342788961588946,0.3314362409650049,0.07639986893029063
0.0378238645981841,0.28652819844921124,0.0653727272464533
0.06820888522582291,0.44063695715504303,0.17117740501056436
0.030731316087979188,0.2523292124026466,0.04442572805215714
0.06706813756409935,0.438748553586032,0.11039478820970029
0.06466531889177052,0.4397107235322994,0.12382583232463909
0.06505265739956334,0.43973491326624564,0.12456753613033912
0.08831968452382855,0.49750754184861856,0.18386250461294723
0.05913359915683425,0.36841837570198754,0.0922646789847546
0.13859168001063704,0.8180697139014531,0.3786791811759047
0.07933999538803005,0.4563939301184017,0.11975136150555053
-0.0022728932693346637,0.10527953852250886,-0.003510267801383889
0.01620351568711076,0.19252544121515774,0.02301803469266818
0.04476990168530537,0.3592947591095274,0.13479104594788535
-0.014896337199219567,0.055978763328157606,-0.020865002214285368
0.047344199691948585,0.3198455661361711,0.07265634093091983
0.06773714705700029,0.532878763669936,0.2130022417084642
0.08065907533648087,0.5602815405386526,0.26698715650764926
0.049832060226623565,0.3860792451437319,0.0817373619863205
0.0404378254438611,0.3177231960015843,0.08530634682546236
0.08544204595391225,0.5445782098135415,0.17149760606544773
0.0831154687436042,0.6077798735476382,0.3004298000825099
0.031223713819366727,0.2533038403634176,0.0742170521299412
0.04997043816252833,0.3579380054645083,0.09568701126268526
0.08258508209271764,0.5704053718569472,0.22635970853800946
-0.02056881995990678,0.030587121480064632,-0.029800507281268287
0.012304566851407683,0.1733438235075481,0.018781453288832368
0.09060719945251172,0.6275045372019437,0.3088285673062327
0.06029068844512819,0.4244276875961039,0.13735385563653604
0.06284076420885976,0.42273582317069786,0.12374631993755399
0.052073620590969094,0.3823211455289132,0.16373229471172215
0.08684899906640609,0.6020341906005503,0.3139250469413281
0.07250846339974149,0.4773108496736901,0.13149116486418647
0.0783559030808656,0.4641504690450306,0.12865149376265936
0.025433897086478474,0.23047726966234194,0.03799091796794934
0.06347442554942218,0.39193047244461177,0.0974104437950273
0.004225085358002145,0.1083909840841191,0.006538546163994853
0.017396399615135172,0.19604978792019034,0.02541824146493759
0.05961969223277386,0.42443754479514645,0.16457572382159788
0.07239692622660843,0.4789870535337533,0.1386308735716471
0.051712650000868,0.3521983818657308,0.08545509332879651
0.05804498988728524,0.4038737331330374,0.11114874724576747
0.019361219958228038,0.1987699247132934,0.035360479987982855
0.0741801695468205,0.5069281055989217,0.24554152714918806
0.07529387053974368,0.4383713775190564,0.10659314916741697
0.07268843191036956,0.48639483276940504,0.14313839215964738
0.09956919879549386,0.7784865955836688,0.36094595068334034
0.05659072957850353,0.4117964237542033,0.10080188382371973
0.09387840823544935,0.5994383344673817,0.3107440690050992
0.056326565199223966,0.3585121263093052,0.0841356678696994
0.024705490618835535,0.2255590005934538,0.04000386542740735
0.10849011563376343,0.7230158794277449,0.31120610697441986
0.003315446864462279,0.11017523806060348,0.006320985177071998
0.05428677310242147,0.3760021382701801,0.09023711120667115
0.04349937514715996,0.32141398461855575,0.0816317296708515
0.027907111842956356,0.24149002950165951,0.04514561126152223
0.02741937705510389,0.23936268243823272,0.04166787265935006
0.08595052126029423,0.5766583178155826,0.28450221101477635
0.062322418171166793,0.4507046607717294,0.1731897318439614
0.06024412879845298,0.39398162732111935,0.09885587985690056
0.012756661576635686,0.1770896691630236,0.01830664141128629
0.0432609576234122,0.327570037081286,0.08283921237356923
0.05192192046618427,0.35671808240902414,0.08399460504938128
0.07491027096896286,0.45367752269646466,0.2050877816346254
0.024443186647040926,0.22563656586227773,0.041190763841417
0.06303255515168726,0.3888122073912975,0.09171563413492834
0.06045618757402904,0.3760954645637629,0.09681236077929417
0.04300501531223455,0.30841027796816506,0.09640731923092752
0.08304698241350672,0.4637422153186729,0.11884412167408576
0.1149717652677924,0.734120855900395,0.38056454973553955
0.10829366538058371,0.736674149267925,0.35845957404220313
0.04754288052848099,0.3535993269120982,0.12125729035569767
0.039772480588314174,0.2928038498930324,0.06126356759412962
0.08031283249410937,0.4597197314608015,0.12333438212824462
0.03170213871051142,0.25593980987742765,0.05073515480190492
0.07509306829862972,0.5456917047419138,0.22746552351138866
0.03334380802024173,0.2705166572133281,0.07712318963631994
0.022746032082535228,0.2231565441680129,0.03199253294003689
0.03297172474639121,0.261021952292449,0.04945958248276265
0.08715452505527943,0.583904787966705,0.21684731382516242
0.04097654627347791,0.314557310226219,0.07812284503140934
0.03781625176240144,0.2874442882570306,0.05946713205777089
0.011789037530461677,0.17189304164724123,0.01722520804407022
0.04004975560156887,0.29306534168461834,0.05960188325900642
0.04335401515244097,0.32524207864202304,0.08311861039891448
0.0017166162981976374,0.12865274802838028,0.002419500700700787
0.026280929268053477,0.23284285677457148,0.037333585706268366
-0.006740173118333415,0.0845505535815577,-0.009499999271692077
0.06701325473519049,0.4917339905678253,0.20500305201737168
0.09130330734056069,0.6071018727107604,0.3022203057115263
0.04932241767672574,0.35998333457638926,0.07751452145228255
0.010735074484833795,0.1613467020594856,0.014938439589176816
0.05794075019984013,0.3726768509588664,0.08906535909630357
0.03453760748669743,0.26885612904711054,0.05609657903366962
0.054259674646679246,0.39180311215518143,0.11889865181722666
0.0734855076022789,0.5325094675832421,0.14071536796842105
0.04765334211862382,0.32051108025826813,0.07021375727850981
0.08619937692950463,0.5326587062719986,0.1483261765593859
0.009539155507432895,0.15881836662145238,0.013249164324839198
0.01495570514180078,0.18683537134498532,0.022891160022929558
0.08439102468689574,0.5367404547367904,0.2305847228677544
0.0449382798268152,0.3145316338490342,0.07766889875616316
0.04061719378944373,0.29571549339417885,0.06537337895696535
0.046830639859434475,0.3585342238986427,0.08559482574114889
0.08210157702504461,0.5269460541519758,0.24122218342861718
0.06992916312764108,0.4807622968490167,0.20275392148421986
0.0995502562486823,0.6379719615028594,0.22119051006964058
0.1200185398953646,0.7387956036848813,0.411136148987702
0.020649978099201327,0.2023174593758892,0.038295683650265755
0.029959829482552713,0.2534703062347084,0.05433093866677223
0.11364448714256237,0.7274624059892394,0.3206629008701915
0.036104098067288426,0.27749049452977487,0.055886454121438806
0.04269106060765382,0.3222565144292078,0.08174793232539197
0.026013800834879586,0.23504734051647594,0.04281896199892519
0.03914187122243895,0.31891380288567284,0.09885270414329834
0.02635720497651528,0.23743904047083955,0.049747564862687464
0.06494223757417106,0.3985896830711245,0.09178335634403847
0.023548214694698144,0.22451284537820126,0.037787995837476974
0.019282683623092822,0.20414033275815338,0.029272495722832203
0.053090676324295094,0.39056745279866584,0.1550954827029221
0.024520644172208117,0.22953682177362922,0.04339339018607059
0.024342430557691364,0.22344590565918576,0.03945294405742688
0.05746608172279366,0.36069916433183885,0.08361612683750697
0.007715340900046108,0.14175962728697128,0.012081154737771748
0.06866793109703995,0.4164666756857779,0.10365903536283248
-0.012986067052394579,0.059370999214124864,-0.020054344814578323
0.07762525500845308,0.5239181216215213,0.28058483211451496
0.05544741229877781,0.41565298087295793,0.16770355287390318
0.07597201537788867,0.5217801247344928,0.22118685001639532
0.0199684050099036,0.2028803660919342,0.03432473401154985
0.027235269101257842,0.23859701499109662,0.04361357875773203
0.033401790734725045,0.2620036043908357,0.04607322908870902
0.005835190145301095,0.14055364240280802,0.009580719499938432
0.039623644660557344,0.29389409963842295,0.06495231864997746
0.0005032683415873151,0.12193148795769425,0.0007596051501260095
0.024904373153396886,0.22918569048771542,0.042054392560858744
0.023645954708175765,0.2224314990924307,0.03882397209450161
0.02612471430480734,0.2328196121725311,0.041513678616096845
0.05941339107775567,0.404582248959209,0.09562708161810086
0.07009708248556423,0.42210080458630006,0.10757384339522558
0.10046803412285898,0.677732916487786,0.30929796423300204
0.048797924153802796,0.37061699307473567,0.134871104720317
0.06065461963113861,0.37142924936687927,0.09308305455852328
0.11065410911193285,0.6413822541295936,0.3029465181874018
0.09581705583242206,0.6062792395524462,0.16781954020321757
0.04122865750869309,0.2967593144157979,0.06173994502507268
0.02881857221781603,0.2513565505748359,0.05243752698511269
0.036482912544508306,0.2759904008109726,0.053754936219092275
0.003510455953729119,0.13980787266520991,0.004986806473998515
0.06935430886149163,0.41709976484987804,0.1094785957329599
0.11465487002378971,0.7360354638364441,0.3795156044091256
0.006890132149656836,0.15045078408915047,0.009982557759510858
0.03987660679967542,0.2939781242482359,0.08852130818179751
0.05248313638044566,0.34337728798949907,0.08036454162326018
0.072735626457892,0.49494338855160147,0.2140107878302241
0.05994367004002332,0.37456508663236093,0.09199200230264247
0.047236653729552325,0.33476100186700675,0.06883065612674012
-0.015336242674363953,0.04739338275488803,-0.019715055197358795
0.10961209784292025,0.5787734870749137,0.21467156674346274
0.029857157652669608,0.2491409693513646,0.045820012583495016
0.027009793564687357,0.2414439621760484,0.04350978040663431
0.045175878117576396,0.34338365871354243,0.09530159162967149
0.0218401134613333,0.21303126297446942,0.03102514905112042
0.06487987904056203,0.43910499570141015,0.12423668762487002
0.04874226506166801,0.3283931786323283,0.07643688461063587
0.013798104670219802,0.18236117853948453,0.01969397576159847
0.08568070171539,0.5362168332436796,0.18914595997116398
0.09739455806825137,0.6435287006161441,0.2312181127303303
0.013652924653108967,0.18074238832697362,0.019394772059969107
0.08604681370134037,0.4746035141779833,0.13425669597345335
0.06903123508522291,0.462594366340191,0.13218600460521934
0.02836138963851975,0.25051925294207383,0.040513562595148545
0.030877564180855188,0.2569444533599286,0.05082476242789809
-0.0016032501183141923,0.09659805066790916,-0.0024679321322128756
0.008556025929818079,0.15557792487017905,0.011856837528489884
0.020127401264945055,0.20631279902226426,0.03253401915425156
0.03644939490801535,0.27540973685579223,0.05836874787548862
0.03972010043634322,0.3260417953042296,0.08904572628489636
0.007593919485411327,0.13278407968614273,0.014541386588708537
0.03506225628296278,0.27001659828844915,0.051176508555190466
0.0061345258836884575,0.14577153103412177,0.007847970994053972
0.04332725402613158,0.32784034218594327,0.08296616152324553
0.05609061146005834,0.35585443062993194,0.07967996979492595
0.09826481884845717,0.5902399927139597,0.28891664561065594
0.11070937384165713,0.6533920752723595,0.26742691296965143
0.06692540220290133,0.4764343319783756,0.24190906347750593
0.06016963596299352,0.4001180016781892,0.09352623880403911
0.03718958994719168,0.27759354704481815,0.05282997147905995
0.06003759734919578,0.4264178137574793,0.21701235211334927
0.047359955227778805,0.35082813243155886,0.09352955487020054
0.06598712468290269,0.40230304588097293,0.1296787170283439
0.04437236402959788,0.30888089514281214,0.06278663903305068
0.0464334279561871,0.32177468457594355,0.07125863345726313
0.024216983216434063,0.2248810886101976,0.04637243200154364
0.030096048194584224,0.2490983846993905,0.04506885436698443
0.07422345515538153,0.4346620691756938,0.11818411570452629
0.024208206418876,0.22518042467448646,0.045415036046353593
0.007325320632444621,0.13025740451013862,0.01429350045443841
0.023823060725799428,0.22555524094713156,0.04076809959605461
0.031102414297676573,0.2635147767090936,0.053290439434967425
0.10123455407602022,0.6141229137426238,0.2976482135344977
0.017246061657061995,0.1951841554879675,0.026706120989349897
0.017018483121098882,0.18795421379693047,0.0262074821445099
-0.02101836113546207,-0.02924401264054512,-0.03021104521338285
0.05606547681146812,0.4216303505901448,0.17176391242698186
0.05670688850152161,0.36973895152910774,0.0848745975079041
0.0006680652951729371,0.09963053360024315,0.0010152089725983275
0.07659175679829788,0.5037798235517232,0.2535240488958865
0.015540374057883888,0.18695924095507335,0.024860094412651842
0.04941909391739285,0.35747400624426373,0.07452606662396113
0.0858149478554775,0.5594118758620711,0.2689055865009271
0.029986245452273685,0.2598026585505482,0.07072043800751925
0.05868411922070371,0.4162974586210498,0.10530447626318537
0.051032556115645944,0.34120533409602355,0.08058230153046929
0.06523664070186563,0.3973487942787138,0.12600635936440596
0.08765114178528632,0.5618327638283359,0.34136564455101753
0.041829204585250856,0.2979789939618455,0.06248078596290582
0.049902295962996446,0.33186797380401206,0.0799117389691326
0.04590738478089773,0.34880338723264614,0.08790678261180832
0.03474613715524133,0.2685284099690747,0.056704290286796175
0.04961294340092692,0.3284155123750522,0.07638033790821236
0.09795708949809256,0.6694858852940273,0.281018624450634
0.06335301396372084,0.3843357801176274,0.08606615887147588
0.060048793725381744,0.44452013645603916,0.19876568906317352
0.10732971190194807,0.6963813639334703,0.38795478599880856
-0.006075890077330559,0.05698058773191981,-0.010410344646579134
0.011903293579083485,0.1558436339400414,0.022793287964781406
-0.0019345331488251905,0.0936104908049079,-0.0031295134373223845
0.02904409016605225,0.24755244176758237,0.06981265903106237
0.0801939009119732,0.5275530183747251,0.26544739676751733
0.09737804333644218,0.6140081318391466,0.2660696350049692
0.08905871621718942,0.5885777734322053,0.18787542727788648
0.07071278459349184,0.47863428189110274,0.2020855856538137
0.028885215965322786,0.24512242566166959,0.04220479009545562
0.06469374354294422,0.4640393866973793,0.21414079643625336
0.05126014549289026,0.34282505579097383,0.08602946102398457
0.11396349517500193,0.7071427288109124,0.21822554789048593
0.06363524658464104,0.40566830748151145,0.10922853654989145
0.049824735138935816,0.3924816889886946,0.142923267829887
0.053247533907095246,0.4037297448703011,0.17479819409511543
0.01899188595684098,0.19703177368750377,0.03636703763815724
0.03989603166954603,0.2912580111548028,0.05792665668603512
-0.02202532505402066,0.005072402946595294,-0.0315218101040135
0.0857159075056868,0.568163224443235,0.17292763086897872
0.020253725267344036,0.20819991689213224,0.02948466757612206
0.07432487137156052,0.5159628766783596,0.1953902100750571
0.00469942819408975,0.13202754372381106,0.006344792797037576
0.06562048548811994,0.46267293219675015,0.1256548544469859
0.07494965252446972,0.5210740447481724,0.1337562792399696
0.0970075617815751,0.5578538949692198,0.2655852847710312
0.025312166361727728,0.23167060325539462,0.04616903672368245
0.023696027870707237,0.2218807440252264,0.04456069897399849
0.04029590331503807,0.3204785349032098,0.06334803565090567
0.043931025009477986,0.33161236671464756,0.07779393211568653
0.05185021484997332,0.3725541041224237,0.0992865436998005
0.023196325360380854,0.2223516137915346,0.03559802752384444
0.009800506412204868,0.14649313771882452,0.018766718922786765
0.05643796891150954,0.38195637344567923,0.08985821566079287
0.03508090254489438,0.29028018113819465,0.06717545093362116
-0.02033352948370748,-0.0037388916266489804,-0.03504777009844967
0.07462699104749526,0.495190074857221,0.18870816695311135
0.06763821859110153,0.40096648540910335,0.1185418536812378
0.06189001316980969,0.446166414413523,0.2048602536477997
0.1068777190603114,0.7301729524759242,0.3863210092650152
0.07295113589557611,0.42908712562575585,0.11195379023015206
0.050226182727064694,0.3318651626907442,0.07275608601523853
0.06129960396737588,0.4234271877551037,0.11738091781678435
0.06314712211590856,0.4548277714714969,0.20562341189837577
0.01990470095527308,0.2054269202138244,0.030102458248153743
0.08872866606865659,0.5463952306844538,0.14212030637209652
0.10072454596243419,0.560370673879797,0.1978502757041623
0.0017517264361690543,0.10239509531802087,0.0030680751200898235
0.0724499203966984,0.4289478142131324,0.1111846044713206
0.03725716177856153,0.2984388258257379,0.07357789381591313
0.09213989771391295,0.5566210500992798,0.151663142338929
0.05477426509086647,0.35855636634549504,0.08694236728333167
0.025192661532031924,0.22910937334312828,0.037726029223603956
0.06818500193167987,0.4139490266925066,0.13393380235343064
0.07240932051971782,0.5012806885119876,0.21738754011855208
-0.011366268103637056,0.07107071119420212,-0.015672031428162227
0.02298334656661849,0.2209076316967096,0.0326491780450377
0.11770087331331447,0.7841201281134687,0.37436364544192713
0.03444275904510308,0.2797218187847163,0.07893945765166427
0.009309188158948434,0.16145134013878681,0.015192218500173339
0.025979824490640624,0.23890868965813128,0.036152337763389074
0.05088905712456615,0.3684552060727671,0.0883511531795768
0.03975537203256474,0.30793181730645725,0.08020640630270146
0.07594553946989713,0.5419330257643515,0.21646884638564287
0.06840960273107455,0.4089970003506813,0.10498416809911791
0.0735376103303631,0.43356807423828775,0.1451206161266618
0.05374307200486461,0.3457046577577211,0.07628854234607421
0.05444291208240015,0.3685079812751243,0.0821021951522956
0.05546778105273731,0.39917329883740077,0.1836022180923916
0.06143166222810437,0.3789835114360936,0.09959503184475456
0.051910967624468896,0.3754406905391214,0.10135078950562877
0.012050375310617811,0.17477520781998696,0.018044962937928156
0.11605189751524203,0.7664250162485075,0.3841398626956221
0.06028747241662735,0.3730455667254681,0.09236349624693822
0.045554323127737995,0.313249151146064,0.08081906611879873
0.040833042624415894,0.3020891536819293,0.05752991433263116
0.02921436365434671,0.24604414156861332,0.04150069954601824
0.08424166294137114,0.5551489641520826,0.24768598734425482
0.009177289728490967,0.1622895804859683,0.014687060052593218
0.06481443391833208,0.44947691246501903,0.12396205354310488
0.06597393578828847,0.4732125430431221,0.11729143577791035
0.014652415455147061,0.17445932489288815,0.026957445603560306
0.06507956788793523,0.4022608227174395,0.10668046484042318
0.03936313211855125,0.3042807400499098,0.06607409642920965
0.06540430404633635,0.47735158793302523,0.272508629340487
0.04179067779796641,0.3011924729402374,0.08130117849596644
0.030640470512524498,0.2623208260025049,0.05025823171515877
0.0328514151185606,0.2720394669463155,0.05207459733479485
0.042458530591668486,0.3283418026766629,0.07548468883375556
0.07610725494141835,0.4893367314061465,0.13489776564544348
0.0750477197192303,0.49838057115370016,0.1437068047843889
0.06583920888260386,0.39655186184594915,0.10810050344461122
0.04543336544859833,0.3130163699645859,0.06786436439121996
-0.005518298770570529,0.10151797373324654,-0.008033347084959811
0.0661462523308376,0.46975159726532056,0.12308549287061966
0.03725740135264166,0.27858893445583555,0.05717672856423846
0.010798755262121595,0.15450658300637707,0.019031666184218976
0.023422853878330985,0.2211954993067217,0.035075740956967826
0.10425795114683467,0.7078716661671585,0.36788804065589265
0.0006670887487296717,0.1166257774232807,0.0009562925102907856
0.021153870479967418,0.20964278021664973,0.03892838175351662
0.07499776385331391,0.48461096930047864,0.19712984693225735
0.03767234917264184,0.2919630820253557,0.076807026326905
0.07082235554744432,0.4368835979959707,0.18089961565211066
0.0015507666401401998,0.12244464395093828,0.002331697373695263
0.09642079922496638,0.682287272944797,0.3191595602339556
0.07047508439925898,0.45045749430691767,0.19256168372853175
0.04642321740947897,0.34182488727508337,0.0888945362588781
0.0021106949274849462,0.13204825949424526,0.003185765137154457
0.06388833142574413,0.4190160752958929,0.11537543343480054
0.03431884641293115,0.2861618027439133,0.09101292424532492
0.04570694808660303,0.34025104825013824,0.08577450176382186
0.034767176000715994,0.2684861267501445,0.05595777452624074
0.09031570643222997,0.5752264647893401,0.2542056975652868
0.13402444331440222,0.7236557053076867,0.3669293330357168
0.08826340124421383,0.5642211664905,0.1690131481630914
0.04762915343768559,0.32276491357607645,0.08653746701567086
0.06604842916079057,0.4415967562270523,0.1804665696428768
0.019469898809073793,0.20621739143722212,0.02987930126534901
0.09592565958412647,0.5240759532793697,0.17920232730383198
0.05947113256893988,0.3716918546515951,0.08883274596911024
0.026986666167272633,0.24182729690875585,0.038704295478546334
0.042689306418338235,0.30261321779853434,0.06064263800015261
0.038870168570176444,0.301666480424391,0.06417656100672356
-0.008739629087962997,0.05971868334668695,-0.012862508699009895
0.10537655308507388,0.6480203597352513,0.2609563091122174
0.0082561271612136,0.13356278244438835,0.01563288301030646
0.05887766509686232,0.365496728504775,0.09186535145825064
0.028949682037767488,0.2442456793419128,0.04324248823353719
0.02752474750448486,0.24555113681820506,0.04679445918014848
0.12186171208901309,0.7531711431235738,0.3136034041553784
0.07673672834500822,0.4394420867314446,0.11600785009719172
0.03971643946155723,0.30696351038166325,0.06995628277562527
0.051797843065005456,0.39133185425363654,0.1872288741429047
0.06562433496254894,0.39822954286680695,0.09961273565428193
0.08870589023668418,0.5993163224880388,0.29362267421209015
0.046740569773337626,0.3188187958628594,0.0697806916343447
0.050542232448504754,0.33237613289799567,0.07500496452657109
0.011840183716085306,0.1742071266548655,0.01722808087315413
0.03855608918456843,0.2831120566583743,0.05556080371801156
0.046338607602196547,0.3153154851727373,0.07111311827247693
0.0470066131502227,0.3175935846103819,0.07213826684731678
0.05756595730677927,0.39353247518779116,0.11023146099390427
0.01565403003202781,0.17931613851492256,0.02579393967773918
0.05009223570235122,0.3418136375587626,0.08441360289469181
0.06767947449095923,0.4386384002970943,0.1427744608054161
0.04885528680095419,0.3292159934672023,0.07661412359682948
0.009447064829575247,0.14437730427177753,0.016239053009201924
0.08342846901097745,0.4642928490670972,0.13284102463303282
0.041428848252683004,0.326755873125738,0.07481603005101815
0.10297961653936483,0.6615480582494568,0.33025734480997376
0.13486962864625918,0.8190978887750844,0.3965415207585641
0.05239318502507895,0.35528606001116836,0.08833891956198793
0.07161690872718962,0.5043693437164691,0.23705695532926802
0.04606940508173518,0.3179351883666134,0.0670662347955703
0.060397714982776796,0.37391103074973747,0.09423704735980991
0.016194211371436174,0.18885630709715154,0.022604716569407546
0.052335908192423286,0.3503905418592205,0.10640442226689813
0.04478778165224662,0.34249957807871495,0.09041974340400018
0.07320155331840517,0.4284610527555059,0.11233809102658532
0.051234512607967186,0.33784589936458187,0.08204510270979451
0.07321285682582568,0.4849201711924495,0.13739259740209758
0.04966046895951681,0.331065059380437,0.07054557908526038
0.011287041133108744,0.1532254887225742,0.025416273152933204
0.0737210118706102,0.43189304316949456,0.11502505498833693
0.07146291952991635,0.4914231871804028,0.1522230562730709
0.05454896186750258,0.37160332380306016,0.08226212267673
0.08320191970705171,0.48601932390399055,0.1438017098774071
0.09160742033166436,0.49924498478212653,0.1337661223529371
0.03693743187536902,0.29593765253258925,0.07073046764924094
0.004128346973020003,0.12021528709817773,0.006885847581694707
-0.01732452033625309,0.021015599759922794,-0.022647539427902968
0.06071906607456956,0.46580489630324023,0.21252248328927542
0.07469135592583953,0.4778611616093637,0.12082894633451727
0.04689326905915925,0.3188177800947918,0.07069537484850894
0.06036539253527162,0.40605489769939745,0.15327833473176422
0.11050065878789761,0.7167542208577332,0.3657648759166887
0.07960720063474369,0.45449104149492986,0.12144003719938527
-0.008418692588683219,0.08011434434684628,-0.011954001715392926
0.053403200679768226,0.35127820028936757,0.0799713324023858
-0.012831993206196213,0.0651690882106271,-0.019215919289771066
0.016532169101645344,0.18246692108489893,0.028273226281606653
-0.00034357979955645934,0.11879800826921277,-0.0005461521696652289
0.016033071584647507,0.19207168651760417,0.02281409230458566
0.05759226322010669,0.3640377742387599,0.08838343743753173
0.05303295409194497,0.3510558144892616,0.08444302100238218
0.017258749908282356,0.19113303277668472,0.02835902544235819
0.034607592394534814,0.26849103958535725,0.05223476869901516
0.04902780826634667,0.32905718041383264,0.07524007535607878
0.04335192061542581,0.3233795651165274,0.0772644062748111
0.03536022748371037,0.2858484520636741,0.0677103225407002
0.005458132307800456,0.12924087494412725,0.008891511410177496
0.03071632911470301,0.2529743227393507,0.047925921739377285
0.06102020386849816,0.4357495730143788,0.11684590228777991
0.02003268006925385,0.20671352196770457,0.03355322011844546
0.04303507129963213,0.3289727644896443,0.08728082399648954
-0.005612561535733973,0.061436334492150406,-0.008204548842606473
0.018020382775889576,0.1995627003799755,0.02765481480708964
0.049094676413245386,0.3690661826589954,0.11739912862355269
0.01230187757871204,0.16976949375986022,0.01716700331595607
0.04231715332022823,0.31643454454715986,0.08103194759244396
0.05501014754727285,0.3942242766586022,0.115762767047512
0.07027318399328486,0.41450272360396667,0.10778409857866932
0.07365766309605859,0.4338168584404146,0.14535753069659638
0.020257944328663458,0.20918119406033736,0.02947635877844799
0.03723064327914649,0.2775607633276129,0.05928140429255628
0.021414415126157493,0.21404896516253752,0.034547287136735265
0.10413029497340087,0.6471668638087692,0.2179154053486485
-0.008130584154378284,0.027139086986575574,-0.0150130090666263
0.061596573507242125,0.4224141837111002,0.11062326005056905
0.0787724290911429,0.570259503661883,0.37860903912482985
0.060361978787830894,0.42763339198509376,0.10831624111377887
0.05736516022649485,0.406269711737204,0.10359529005513601
0.05422366618979946,0.3951712879664937,0.09617651960702908
0.04213157615363339,0.29999215501400756,0.0646568361255028
-0.027949478480667866,-0.03187991479288395,-0.03696955431200294
0.1066904151195529,0.7177321119851392,0.35315270402693083
0.0784358935998628,0.5343622062282629,0.2596282701358026
0.04349279571503728,0.3313609142869853,0.08328315272911095
0.020672543202750804,0.20776150142000946,0.03542004491899637
0.019235939520531042,0.20379876065446675,0.027325768788674598
0.015551905330502214,0.18549757305496736,0.023288989701832713
0.04224516017105007,0.2994500080047865,0.06591406911498641
0.06414164411975443,0.3942345245912332,0.10323598497967383
-0.0031917532671339455,0.08734854926592242,-0.004593655856619395
0.054127038146802864,0.34790876457590014,0.08355352501137518
0.06912804919861415,0.4485514167479313,0.1267280991806682
-0.0032995706502402244,0.07664982116637967,-0.006176958200179484
0.04134182405953557,0.29912491752013104,0.06167557937941485
-0.0008279510944397828,0.11635992706063956,-0.00117615259451424
0.04771560925385043,0.33187770880808953,0.08059003471842913
0.04465444234496729,0.34167153543597084,0.08550755776233969
0.03394398615396477,0.2743881503951445,0.054679995244974314
0.08336257637107813,0.4833322913099275,0.18777858860459487
0.025590107440473187,0.23356172904808384,0.03960206354747855
0.027303754010459036,0.24659927632556258,0.07921261045277693
0.010469269516332202,0.16755523408955317,0.014206021935213269
0.05597415094311731,0.3818147197651843,0.09590532336844171
0.05059872514295871,0.37830589066685516,0.1582727526287643
0.04094242484331789,0.319216629156591,0.07706709690303354
0.08200306616601094,0.47227583505431925,0.12377085192635498
0.06196430016843246,0.38041776199385885,0.09128941574107868
0.005461566354467484,0.12884484230954207,0.008108355786165694
0.021684967398118093,0.21385208146976334,0.04069440976050383
0.12114887827693122,0.7616724679626615,0.40101122397345346
0.10946750579814801,0.6886398671076901,0.3402215763920076
0.10660392505057237,0.6827209251228493,0.20992493617776964
-0.01140668609804496,0.05709369988916982,-0.016520319017908368
0.046090835940672426,0.31659154851161947,0.07073287776931392
0.006299531243365797,0.12897886091015384,0.011308156478817263
0.11784806267023162,0.7806684247880131,0.5733529654776712
0.022255920971613996,0.21681705401993986,0.039582221371146094
0.08475401181467879,0.5781726818449505,0.30635249022323524
0.08189757859835956,0.5838002568619118,0.3457588186272786
0.0973916706152711,0.52513639712404,0.13828990491527512
0.12358810787431707,0.8487717926772949,0.501113721294636
0.016462757755851598,0.18246318805515324,0.030295567860376002
0.08024050504939595,0.46063887933408076,0.12314035360765768
0.04195461460835159,0.32265071513880506,0.07694180176809605
0.017428959581927472,0.197521233956593,0.025411966699391355
0.009220346406147328,0.1614025829240935,0.01414204778403991
0.058047757181439286,0.3666323155935606,0.0824602089098971
0.042417099091594634,0.3003487381856877,0.061719077260753534
0.020990944086633156,0.2024016330067792,0.04675221257093479
-0.01165514497329756,0.07422802792840541,-0.01695883991356638
0.05215606661027494,0.40004026578790464,0.15819510467622722
0.07660385362226774,0.4940737583889614,0.14668660259648508
0.044810179246639326,0.32921316099554776,0.09475600081467883
0.05275915264873299,0.39559565541349717,0.15789824721305004
0.004737311916315434,0.1402805017928328,0.006729626591251355
0.0069801387885815025,0.1450861265989858,0.010697463912781554
0.0257503306093958,0.23776060077628636,0.0358183669503453
0.06549091108207583,0.45698144517738515,0.12447261879947993
0.05287915540516819,0.3409121510422275,0.08115050984609565
0.05221748964809936,0.34212839868770234,0.08002712487323799
0.040573276236936406,0.33540123709074576,0.1233514208783672
0.052803653643039405,0.3415428456826182,0.0848831174352246
0.060648095764450405,0.39731458625156885,0.09982733873949097
0.0458496962644761,0.31802762034704496,0.07515825733061285
0.07903190044688269,0.5315070017276308,0.2856693033235749
0.005206694972633041,0.13709907298424018,0.008175615783935995
0.06789082736610541,0.47621536342437054,0.1300022693754355
0.09014905426250253,0.5945425249221817,0.27153369174732195
0.06313138557374143,0.42392892868880494,0.11843562888872777
0.027307633691327604,0.23851172064680273,0.03975350169173541
0.0020010116619633145,0.12960847551988375,0.0029889351853583305
0.0644774821593388,0.3962968230653876,0.15021912449248928
0.02815324283629428,0.24309762808278393,0.04512958986212419
0.015457736994825444,0.1895686883084756,0.022932351173746826
0.021101612503699352,0.2120510234623704,0.03238339569021531
0.07789323564190775,0.45286455498202155,0.119471635010037
0.04356870096171206,0.3060719426382948,0.06631533407915016
0.031293343657020634,0.2633711796597081,0.05648773627043092
0.11573284640729975,0.6686852808877974,0.22161362967479736
0.08173398188655567,0.5265266874393302,0.21321714808231168
0.040717617651410576,0.29213811992336663,0.061389417831393706
0.03451117724192976,0.2676959211685426,0.056320845212868856
0.03184086201569025,0.2552521972843954,0.06254407273091134
0.07245016214965849,0.4978068647653626,0.12880516281680388
0.0809278392350874,0.5262204376412091,0.268202021198261
0.03904845410102298,0.29871281472645317,0.0655512266043312
0.08334425195998185,0.541303051880298,0.159593605123821
0.08218634246788326,0.45336456697725747,0.12269897111047745
0.05939713531830182,0.4449980726898166,0.21218085446779525
0.1120617931021286,0.6604091961440653,0.3709323392150751
0.003008690894914068,0.13194070942911937,0.004358296045175597
0.04821650939518385,0.3532454915444011,0.08992537189097839
0.038867434229938214,0.2876680514203857,0.06064388762597172
0.021215899672446525,0.21295052000193088,0.02994733518852751
0.0574785773626203,0.3636876033261683,0.08775252020232363
0.09776533355818273,0.6276962760040522,0.3236100625110377
0.036116178767087836,0.29534965413457775,0.055690375832236516
0.02761322633104757,0.24563894868515718,0.04430202398888386
0.08416120383418035,0.55266093029336,0.2672129308119269
0.04208476175662268,0.3115667446420478,0.0759368236149048
0.04017511073247415,0.31728639350724924,0.06687158436123251
0.08300951959894798,0.5451715358929335,0.20556620255201763
0.032623431255199176,0.25776851663286776,0.04634347797887975
0.10288857927306494,0.6252761951495884,0.34056836261304435
0.027994712788367515,0.23973371608716754,0.04296182868966555
0.08501427444799847,0.5726302074945793,0.2768285328977551
0.0455232308226019,0.31079298018754126,0.06466839213359842
0.030940917468778917,0.25638941627431183,0.04763060944051838
0.15380402715195718,0.8164444407087567,0.4210814662269179
0.07458363034451532,0.4969734978706013,0.13788133332145847
0.05480441554145421,0.3935494552642423,0.11561364708486804
0.04372590626430051,0.34694388517630315,0.14510096834389816
0.08730480101157712,0.4848574047622927,0.13288546406018334
0.021157766935710365,0.21210005709024743,0.027137756805233847
0.026004627335352692,0.23266350496274305,0.04266812941234905
0.0215896847468664,0.21515839378558466,0.03220932596734786
-0.002525947296239117,0.07454749519064356,-0.003906809294740936
0.021717553927616873,0.2126105074308096,0.041784873940400945
0.014001998097883606,0.16889763051983686,0.026166872457762055
0.004496586437017447,0.11507836666558609,0.008610389119324791
0.07612938210546605,0.5045807304179093,0.23936953654563445
0.005959349665876523,0.14907039224659843,0.008632528560681531
0.06573826479203193,0.3945835749534495,0.1052708889434661
-0.002049418703674699,0.10844801612567216,-0.002836823944611399
0.005655542669715796,0.13841394912935975,0.008990013102304035
0.04045912594266654,0.31719905092008327,0.06517516251998644
0.07094028679994957,0.508748867554339,0.2230537422488696
0.08236354944585367,0.5020288806007921,0.13324032978855788
0.05850665524096188,0.37775275959696825,0.09799421120426818
0.08872050349893756,0.5976812443523358,0.16988844064008926
0.0034606001966999145,0.13704943711783407,0.005307823718050242
0.09061880974600367,0.5545034431987886,0.2664359721806648
0.018343798947300538,0.19379555980586552,0.03251054858781237
-0.0032377829938144975,0.07048494315009815,-0.006553343963018977
0.030074622910948312,0.2622246963197504,0.07419450878095693
0.02289988301507795,0.22009867265628671,0.04653333788733104
0.010031023432064634,0.15973325361419924,0.014842085592409618
0.10956145468862855,0.6035979504471013,0.2999550716358122
0.13282324967919434,0.7651245425723889,0.36120249588044145
0.01011374112313801,0.16087534137785944,0.014866315545913184
0.047969504567551,0.32495087013461793,0.06926489838609813
0.09305761184407046,0.5126638672659979,0.15186625816349747
0.0316324146427851,0.26572900800497135,0.06733773737045548
0.039094791411620866,0.29155619506023456,0.058366031848407635
0.044125234397043744,0.33921441620701964,0.1300367635163922
0.03480390327434835,0.29080413695558865,0.09774391043944253
0.047173825366279454,0.36082974131956785,0.09033185469468256
0.05528280807748742,0.41318974941796277,0.1783689287185101
-0.005531091928246301,0.07068044368824805,-0.008909975362475146
0.04193369889521548,0.32754571152389544,0.0949772200428412
0.08616455206922713,0.5776740410196387,0.24592771678765138
0.08937195921992802,0.6035737487159604,0.29582740893205023
0.07855772970048758,0.46069991914944153,0.16251151277929946
0.05991362446359716,0.4081240867511625,0.11812634829787289
0.03387751734654554,0.2642546549170449,0.05060325510063597
0.02072035149177931,0.21173487734155175,0.030020049118267743
0.10045165696458747,0.6053410205362871,0.33250198006332776
0.0248015757916904,0.22603091632260888,0.03625030538765816
0.07145623903022558,0.4164049377362242,0.10350928521603713
0.07736080771789178,0.5188017264227275,0.16478613893798533
0.0738238948752159,0.5265952375877622,0.14136333640710794
0.04396194419635724,0.3393336021047803,0.1455170968247485
0.0678014100174964,0.4963190798666557,0.1873599995311361
0.07374256093300424,0.49900783282703887,0.14120759228857263
0.032347591371422846,0.26065829657106016,0.04670842621379408
0.034940178637798525,0.2905870212089128,0.07430180165712721
0.09268884347707496,0.5946343473979723,0.1728159304435401
0.00741080960747631,0.15383988270835808,0.010828088122879588
0.012087300800108336,0.17410645003368788,0.016406253547958122
-0.0007251133526907649,0.08921341178585274,-0.0011105556886676145
0.058397863878369316,0.36360977325995025,0.08814247687119978
0.08033479750834327,0.5040281162017977,0.17112103007041263
0.04719917442862265,0.3200046563156481,0.07243377924344035
0.09789013611713382,0.6089936689780444,0.3017745552574418
0.059768200771472824,0.3781615637985097,0.0865933342676141
0.005752311220805106,0.14179454544648248,0.00861409029543911
0.01551818054876497,0.1771951203183854,0.02658863240519003
0.0817111462033997,0.5349830185695814,0.19325558011618935
0.08939810534443149,0.692356179084294,0.3901602381568783
0.03972586827816604,0.3067815189287125,0.07606996746735141
0.04722446029836669,0.34389739311774536,0.08091372641663802
0.01906854754005316,0.19972702598110942,0.028733424391216317
0.02706048644359238,0.2363498326729523,0.04377601696674521
0.022859915732044378,0.2179650624280337,0.043029872990147905
0.011189027920996297,0.16828711293246773,0.015894663715948745
0.08682482615770093,0.5635533828130953,0.20946900944375643
0.07367989315242052,0.47306140794618107,0.1213504332002266
0.04431072931438562,0.3082122281495558,0.06800105349570858
0.08250814892347358,0.5440022748237932,0.1548363139879055
0.0358973809905776,0.27271233338729955,0.050852215931003204
0.03313676199218363,0.2609461102427679,0.05154357178680121
0.07329740287903652,0.4265436380217366,0.10668130570711369
0.023979816856027236,0.22633644622257665,0.03818518169346991
0.035838405352672575,0.2983110156061144,0.06764273360722182
0.09374099466312025,0.536766298127178,0.25664214526267076
0.04653992188251199,0.35302994297069484,0.08912352354359748
-0.01460999105283256,0.035745725330448536,-0.018903266511532044
0.03886693669615826,0.2874925847320236,0.059646787186409964
0.0772572065589785,0.46419682308726934,0.12939996288305752
0.06889305203425966,0.42276840007077887,0.10398332819439522
0.06622287199882293,0.39983247192653415,0.09995310745711586
