indicator,target_month,release_date,value,release_known
BUSINV,2004-01-01,2006-06-01,1159536.0,False
BUSINV,2004-02-01,2006-06-01,1168628.0,False
BUSINV,2004-03-01,2006-06-01,1177125.0,False
BUSINV,2004-04-01,2006-06-01,1184339.0,False
BUSINV,2004-05-01,2006-06-01,1193801.0,False
BUSINV,2004-06-01,2006-06-01,1205965.0,False
BUSINV,2004-07-01,2006-06-01,1219555.0,False
BUSINV,2004-08-01,2006-06-01,1230738.0,False
BUSINV,2004-09-01,2006-06-01,1229817.0,False
BUSINV,2004-10-01,2006-06-01,1236408.0,False
BUSINV,2004-11-01,2006-06-01,1248920.0,False
BUSINV,2004-12-01,2006-06-01,1250071.0,False
BUSINV,2005-01-01,2006-06-01,1260868.0,False
BUSINV,2005-02-01,2006-06-01,1266619.0,False
BUSINV,2005-03-01,2006-06-01,1270806.0,False
BUSINV,2005-04-01,2006-06-01,1275081.0,False
BUSINV,2005-05-01,2006-06-01,1277357.0,False
BUSINV,2005-06-01,2006-06-01,1276882.0,False
BUSINV,2005-07-01,2006-06-01,1272347.0,False
BUSINV,2005-08-01,2006-06-01,1277245.0,False
BUSINV,2005-09-01,2006-06-01,1284152.0,False
BUSINV,2005-10-01,2006-06-01,1289407.0,False
BUSINV,2005-11-01,2006-06-01,1296537.0,False
BUSINV,2005-12-01,2006-06-01,1306407.0,False
BUSINV,2006-01-01,2006-06-01,1313677.0,False
BUSINV,2006-02-01,2006-06-01,1314806.0,False
BUSINV,2006-03-01,2006-06-01,1324104.0,False
BUSINV,2006-04-01,2006-06-13,1310331.0,True
BUSINV,2006-05-01,2006-07-14,1324108.0,True
BUSINV,2006-06-01,2006-08-11,1339154.0,True
BUSINV,2006-07-01,2006-09-14,1347284.0,True
BUSINV,2006-08-01,2006-10-13,1357035.0,True
BUSINV,2006-09-01,2006-11-14,1362623.0,True
BUSINV,2006-10-01,2006-12-13,1365943.0,True
BUSINV,2006-11-01,2007-01-12,1368239.0,True
BUSINV,2006-12-01,2007-02-14,1366352.0,True
BUSINV,2007-01-01,2007-03-13,1370168.0,True
BUSINV,2007-02-01,2007-04-16,1368476.0,True
BUSINV,2007-03-01,2007-05-11,1366320.0,True
BUSINV,2007-04-01,2007-06-13,1399387.0,True
BUSINV,2007-05-01,2007-07-13,1406181.0,True
BUSINV,2007-06-01,2007-08-13,1412362.0,True
BUSINV,2007-07-01,2007-09-14,1419028.0,True
BUSINV,2007-08-01,2007-10-12,1420808.0,True
BUSINV,2007-09-01,2007-11-14,1429479.0,True
BUSINV,2007-10-01,2007-12-13,1431019.0,True
BUSINV,2007-11-01,2008-01-15,1436703.0,True
BUSINV,2007-12-01,2008-02-13,1444886.0,True
BUSINV,2008-01-01,2008-03-13,1457941.0,True
BUSINV,2008-02-01,2008-04-14,1468430.0,True
BUSINV,2008-03-01,2008-05-13,1465083.0,True
BUSINV,2008-04-01,2008-06-12,1474824.0,True
BUSINV,2008-05-01,2008-07-15,1479332.0,True
BUSINV,2008-06-01,2008-08-13,1489543.0,True
BUSINV,2008-07-01,2008-09-12,1507148.0,True
BUSINV,2008-08-01,2008-10-15,1511781.0,True
BUSINV,2008-09-01,2008-11-14,1507113.0,True
BUSINV,2008-10-01,2008-12-12,1496951.0,True
BUSINV,2008-11-01,2009-01-14,1485054.0,True
BUSINV,2008-12-01,2009-02-12,1460523.0,True
BUSINV,2009-01-01,2009-03-12,1440075.0,True
BUSINV,2009-02-01,2009-04-14,1421255.0,True
BUSINV,2009-03-01,2009-05-13,1404091.0,True
BUSINV,2009-04-01,2009-06-11,1384702.0,True
BUSINV,2009-05-01,2009-07-14,1368127.0,True
BUSINV,2009-06-01,2009-08-13,1349984.0,True
BUSINV,2009-07-01,2009-09-15,1332543.0,True
BUSINV,2009-08-01,2009-10-14,1311437.0,True
BUSINV,2009-09-01,2009-11-16,1303401.0,True
BUSINV,2009-10-01,2009-12-11,1305437.0,True
BUSINV,2009-11-01,2010-01-14,1313168.0,True
BUSINV,2009-12-01,2010-02-12,1310736.0,True
BUSINV,2010-01-01,2010-03-12,1310171.0,True
BUSINV,2010-02-01,2010-04-14,1326350.0,True
BUSINV,2010-03-01,2010-05-14,1345060.0,True
BUSINV,2010-04-01,2010-06-11,1354290.0,True
BUSINV,2010-05-01,2010-07-14,1355658.0,True
BUSINV,2010-06-01,2010-08-13,1359851.0,True
BUSINV,2010-07-01,2010-09-14,1375733.0,True
BUSINV,2010-08-01,2010-10-15,1386509.0,True
BUSINV,2010-09-01,2010-11-15,1402887.0,True
BUSINV,2010-10-01,2010-12-14,1417745.0,True
BUSINV,2010-11-01,2011-01-14,1421557.0,True
BUSINV,2010-12-01,2011-02-15,1435369.0,True
BUSINV,2011-01-01,2011-03-11,1453085.0,True
BUSINV,2011-02-01,2011-04-13,1457915.0,True
BUSINV,2011-03-01,2011-05-12,1476700.0,True
BUSINV,2011-04-01,2011-06-14,1497480.0,True
BUSINV,2011-05-01,2011-07-14,1514046.0,True
BUSINV,2011-06-01,2011-08-12,1518530.0,True
BUSINV,2011-07-01,2011-09-14,1526244.0,True
BUSINV,2011-08-01,2011-10-14,1535930.0,True
BUSINV,2011-09-01,2011-11-15,1532495.0,True
BUSINV,2011-10-01,2011-12-13,1546367.0,True
BUSINV,2011-11-01,2012-01-12,1550126.0,True
BUSINV,2011-12-01,2012-02-14,1555506.0,True
BUSINV,2012-01-01,2012-03-13,1568975.0,True
BUSINV,2012-02-01,2012-04-16,1577798.0,True
BUSINV,2012-03-01,2012-05-15,1580191.0,True
BUSINV,2012-04-01,2012-06-13,1575066.0,True
BUSINV,2012-05-01,2012-07-16,1578430.0,True
BUSINV,2012-06-01,2012-08-14,1580333.0,True
BUSINV,2012-07-01,2012-09-14,1592021.0,True
BUSINV,2012-08-01,2012-10-15,1601739.0,True
BUSINV,2012-09-01,2012-11-14,1612893.0,True
BUSINV,2012-10-01,2012-12-13,1619225.0,True
BUSINV,2012-11-01,2013-01-15,1621534.0,True
BUSINV,2012-12-01,2013-02-13,1623112.0,True
BUSINV,2013-01-01,2013-03-13,1642172.0,True
BUSINV,2013-02-01,2013-04-12,1642128.0,True
BUSINV,2013-03-01,2013-05-13,1640855.0,True
BUSINV,2013-04-01,2013-06-13,1657156.0,True
BUSINV,2013-05-01,2013-07-15,1656469.0,True
BUSINV,2013-06-01,2013-08-13,1655223.0,True
BUSINV,2013-07-01,2013-09-13,1661893.0,True
BUSINV,2013-08-01,2013-10-29,1668015.0,True
BUSINV,2013-09-01,2013-11-20,1679103.0,True
BUSINV,2013-10-01,2013-12-12,1691144.0,True
BUSINV,2013-11-01,2014-01-14,1699880.0,True
BUSINV,2013-12-01,2014-02-13,1707855.0,True
BUSINV,2014-01-01,2014-03-13,1715057.0,True
BUSINV,2014-02-01,2014-04-14,1715605.0,True
BUSINV,2014-03-01,2014-05-13,1717206.0,True
BUSINV,2014-04-01,2014-06-12,1728323.0,True
BUSINV,2014-05-01,2014-07-15,1737422.0,True
BUSINV,2014-06-01,2014-08-13,1743086.0,True
BUSINV,2014-07-01,2014-09-12,1750069.0,True
BUSINV,2014-08-01,2014-10-15,1752288.0,True
BUSINV,2014-09-01,2014-11-14,1756100.0,True
BUSINV,2014-10-01,2014-12-11,1760368.0,True
BUSINV,2014-11-01,2015-01-14,1763579.0,True
BUSINV,2014-12-01,2015-02-12,1764392.0,True
BUSINV,2015-01-01,2015-03-12,1761709.0,True
BUSINV,2015-02-01,2015-04-14,1790207.0,True
BUSINV,2015-03-01,2015-05-13,1786209.0,True
BUSINV,2015-04-01,2015-06-11,1793204.0,True
BUSINV,2015-05-01,2015-07-14,1797824.0,True
BUSINV,2015-06-01,2015-08-13,1812456.0,True
BUSINV,2015-07-01,2015-09-15,1812352.0,True
BUSINV,2015-08-01,2015-10-14,1810952.0,True
BUSINV,2015-09-01,2015-11-13,1817532.0,True
BUSINV,2015-10-01,2015-12-11,1814493.0,True
BUSINV,2015-11-01,2016-01-15,1809768.0,True
BUSINV,2015-12-01,2016-02-12,1813141.0,True
BUSINV,2016-01-01,2016-03-15,1812265.0,True
BUSINV,2016-02-01,2016-04-13,1812098.0,True
BUSINV,2016-03-01,2016-05-13,1818576.0,True
BUSINV,2016-04-01,2016-06-14,1807098.0,True
BUSINV,2016-05-01,2016-07-15,1809981.0,True
BUSINV,2016-06-01,2016-08-12,1813677.0,True
BUSINV,2016-07-01,2016-09-15,1813154.0,True
BUSINV,2016-08-01,2016-10-14,1816907.0,True
BUSINV,2016-09-01,2016-11-15,1818731.0,True
BUSINV,2016-10-01,2016-12-14,1812965.0,True
BUSINV,2016-11-01,2017-01-13,1827497.0,True
BUSINV,2016-12-01,2017-02-15,1835742.0,True
BUSINV,2017-01-01,2017-03-15,1841409.0,True
BUSINV,2017-02-01,2017-04-14,1839919.0,True
BUSINV,2017-03-01,2017-05-12,1840832.0,True
BUSINV,2017-04-01,2017-06-14,1854221.0,True
BUSINV,2017-05-01,2017-07-14,1859716.0,True
BUSINV,2017-06-01,2017-08-15,1869284.0,True
BUSINV,2017-07-01,2017-09-15,1873868.0,True
BUSINV,2017-08-01,2017-10-13,1888998.0,True
BUSINV,2017-09-01,2017-11-15,1888695.0,True
BUSINV,2017-10-01,2017-12-14,1885669.0,True
BUSINV,2017-11-01,2018-01-12,1895375.0,True
BUSINV,2017-12-01,2018-02-14,1902204.0,True
BUSINV,2018-01-01,2018-03-14,1917041.0,True
BUSINV,2018-02-01,2018-04-16,1928826.0,True
BUSINV,2018-03-01,2018-05-15,1929583.0,True
BUSINV,2018-04-01,2018-06-14,1929994.0,True
BUSINV,2018-05-01,2018-07-16,1936921.0,True
BUSINV,2018-06-01,2018-08-15,1937182.0,True
BUSINV,2018-07-01,2018-09-14,1949976.0,True
BUSINV,2018-08-01,2018-10-15,1960774.0,True
BUSINV,2018-09-01,2018-11-15,1967452.0,True
BUSINV,2018-10-01,2018-12-14,1982161.0,True
BUSINV,2018-11-01,2019-02-14,1980503.0,True
BUSINV,2018-12-01,2019-03-11,1994495.0,True
BUSINV,2019-01-01,2019-04-01,2013900.0,True
BUSINV,2019-02-01,2019-04-18,2017397.0,True
BUSINV,2019-03-01,2019-05-15,2018092.0,True
BUSINV,2019-04-01,2019-06-14,2029778.0,True
BUSINV,2019-05-01,2019-07-16,2036395.0,True
BUSINV,2019-06-01,2019-08-15,2035698.0,True
BUSINV,2019-07-01,2019-09-13,2042645.0,True
BUSINV,2019-08-01,2019-10-16,2042132.0,True
BUSINV,2019-09-01,2019-11-15,2041533.0,True
BUSINV,2019-10-01,2019-12-13,2042842.0,True
BUSINV,2019-11-01,2020-01-16,2037431.0,True
BUSINV,2019-12-01,2020-02-14,2040009.0,True
BUSINV,2020-01-01,2020-03-17,2035251.0,True
BUSINV,2020-02-01,2020-04-15,2012743.0,True
BUSINV,2020-03-01,2020-05-15,2012504.0,True
BUSINV,2020-04-01,2020-06-16,1981240.0,True
BUSINV,2020-05-01,2020-07-16,1933737.0,True
BUSINV,2020-06-01,2020-08-14,1912063.0,True
BUSINV,2020-07-01,2020-09-16,1914275.0,True
BUSINV,2020-08-01,2020-10-16,1919154.0,True
BUSINV,2020-09-01,2020-11-17,1932815.0,True
BUSINV,2020-10-01,2020-12-16,1948724.0,True
BUSINV,2020-11-01,2021-01-15,1959898.0,True
BUSINV,2020-12-01,2021-02-17,1971685.0,True
BUSINV,2021-01-01,2021-03-16,1982356.0,True
BUSINV,2021-02-01,2021-04-15,2010814.0,True
BUSINV,2021-03-01,2021-05-14,2014334.0,True
BUSINV,2021-04-01,2021-06-15,2023999.0,True
BUSINV,2021-05-01,2021-07-16,2039283.0,True
BUSINV,2021-06-01,2021-08-17,2057418.0,True
BUSINV,2021-07-01,2021-09-16,2069452.0,True
BUSINV,2021-08-01,2021-10-15,2083911.0,True
BUSINV,2021-09-01,2021-11-16,2101790.0,True
BUSINV,2021-10-01,2021-12-15,2127458.0,True
BUSINV,2021-11-01,2022-01-14,2158162.0,True
BUSINV,2021-12-01,2022-02-16,2206652.0,True
BUSINV,2022-01-01,2022-03-16,2237909.0,True
BUSINV,2022-02-01,2022-04-14,2270332.0,True
BUSINV,2022-03-01,2022-05-17,2324248.0,True
BUSINV,2022-04-01,2022-06-15,2345070.0,True
BUSINV,2022-05-01,2022-07-15,2381882.0,True
BUSINV,2022-06-01,2022-08-17,2419512.0,True
BUSINV,2022-07-01,2022-09-15,2434317.0,True
BUSINV,2022-08-01,2022-10-14,2453171.0,True
BUSINV,2022-09-01,2022-11-16,2464403.0,True
BUSINV,2022-10-01,2022-12-15,2468304.0,True
BUSINV,2022-11-01,2023-01-18,2476536.0,True
BUSINV,2022-12-01,2023-02-15,2483521.0,True
BUSINV,2023-01-01,2023-03-15,2479646.0,True
BUSINV,2023-02-01,2023-04-14,2471584.0,True
BUSINV,2023-03-01,2023-05-16,2490045.0,True
BUSINV,2023-04-01,2023-06-15,2543807.0,True
BUSINV,2023-05-01,2023-07-18,2545835.0,True
BUSINV,2023-06-01,2023-08-15,2541097.0,True
BUSINV,2023-07-01,2023-09-14,2538072.0,True
BUSINV,2023-08-01,2023-10-17,2548672.0,True
BUSINV,2023-09-01,2023-11-15,2559208.0,True
BUSINV,2023-10-01,2023-12-14,2550016.0,True
BUSINV,2023-11-01,2024-01-17,2548858.0,True
BUSINV,2023-12-01,2024-02-15,2556035.0,True
BUSINV,2024-01-01,2024-03-14,2555003.0,True
BUSINV,2024-02-01,2024-04-15,2567540.0,True
BUSINV,2024-03-01,2024-05-15,2538978.0,True
BUSINV,2024-04-01,2024-06-18,2545185.0,True
BUSINV,2024-05-01,2024-07-16,2558452.0,True
BUSINV,2024-06-01,2024-08-15,2567535.0,True
BUSINV,2024-07-01,2024-09-17,2574923.0,True
BUSINV,2024-08-01,2024-10-17,2581811.0,True
BUSINV,2024-09-01,2024-11-15,2587145.0,True
BUSINV,2024-10-01,2024-12-17,2586987.0,True
BUSINV,2024-11-01,2025-01-16,2588177.0,True
BUSINV,2024-12-01,2025-02-14,2584314.0,True
BUSINV,2025-01-01,2025-03-17,2591890.0,True
BUSINV,2025-02-01,2025-04-16,2589957.0,True
BUSINV,2025-03-01,2025-05-15,2578112.0,True
BUSINV,2025-04-01,2025-06-17,2656533.0,True
BUSINV,2025-05-01,2025-07-17,2656708.0,True
BUSINV,2025-06-01,2025-08-15,2660314.0,True
BUSINV,2025-07-01,2025-09-16,2666690.0,True
BUSINV,2025-08-01,2025-11-25,2663703.0,True
BUSINV,2025-09-01,2025-12-16,2670045.0,True
BUSINV,2025-10-01,2026-01-14,2677751.0,True
BUSINV,2025-11-01,2026-02-10,2678271.0,True
BUSINV,2025-12-01,2026-03-06,2680732.0,True
BUSINV,2026-01-01,2026-04-01,2675001.0,True
BUSINV,2026-02-01,2026-04-21,2686792.0,True
BUSINV,2026-03-01,2026-05-14,2709734.0,True
BUSINV,2026-04-01,2026-06-17,2726588.0,True
BUSINV,2026-05-01,2026-07-16,2736158.0,True
CMRMTSPL,2004-01-01,2013-06-14,946763.0,False
CMRMTSPL,2004-02-01,2013-06-14,950173.0,False
CMRMTSPL,2004-03-01,2013-06-14,976494.0,False
CMRMTSPL,2004-04-01,2013-06-14,966236.0,False
CMRMTSPL,2004-05-01,2013-06-14,966117.0,False
CMRMTSPL,2004-06-01,2013-06-14,966530.0,False
CMRMTSPL,2004-07-01,2013-06-14,970186.0,False
CMRMTSPL,2004-08-01,2013-06-14,976917.0,False
CMRMTSPL,2004-09-01,2013-06-14,980102.0,False
CMRMTSPL,2004-10-01,2013-06-14,980472.0,False
CMRMTSPL,2004-11-01,2013-06-14,986003.0,False
CMRMTSPL,2004-12-01,2013-06-14,998130.0,False
CMRMTSPL,2005-01-01,2013-06-14,1002321.0,False
CMRMTSPL,2005-02-01,2013-06-14,999360.0,False
CMRMTSPL,2005-03-01,2013-06-14,999980.0,False
CMRMTSPL,2005-04-01,2013-06-14,1007533.0,False
CMRMTSPL,2005-05-01,2013-06-14,1008668.0,False
CMRMTSPL,2005-06-01,2013-06-14,1018525.0,False
CMRMTSPL,2005-07-01,2013-06-14,1019164.0,False
CMRMTSPL,2005-08-01,2013-06-14,1019155.0,False
CMRMTSPL,2005-09-01,2013-06-14,1014429.0,False
CMRMTSPL,2005-10-01,2013-06-14,1015767.0,False
CMRMTSPL,2005-11-01,2013-06-14,1029587.0,False
CMRMTSPL,2005-12-01,2013-06-14,1037613.0,False
CMRMTSPL,2006-01-01,2013-06-14,1044363.0,False
CMRMTSPL,2006-02-01,2013-06-14,1043011.0,False
CMRMTSPL,2006-03-01,2013-06-14,1047415.0,False
CMRMTSPL,2006-04-01,2013-06-14,1041348.0,False
CMRMTSPL,2006-05-01,2013-06-14,1046608.0,False
CMRMTSPL,2006-06-01,2013-06-14,1044454.0,False
CMRMTSPL,2006-07-01,2013-06-14,1045073.0,False
CMRMTSPL,2006-08-01,2013-06-14,1045160.0,False
CMRMTSPL,2006-09-01,2013-06-14,1036914.0,False
CMRMTSPL,2006-10-01,2013-06-14,1039143.0,False
CMRMTSPL,2006-11-01,2013-06-14,1038717.0,False
CMRMTSPL,2006-12-01,2013-06-14,1051809.0,False
CMRMTSPL,2007-01-01,2013-06-14,1046113.0,False
CMRMTSPL,2007-02-01,2013-06-14,1051356.0,False
CMRMTSPL,2007-03-01,2013-06-14,1056430.0,False
CMRMTSPL,2007-04-01,2013-06-14,1056093.0,False
CMRMTSPL,2007-05-01,2013-06-14,1062630.0,False
CMRMTSPL,2007-06-01,2013-06-14,1055187.0,False
CMRMTSPL,2007-07-01,2013-06-14,1051994.0,False
CMRMTSPL,2007-08-01,2013-06-14,1058955.0,False
CMRMTSPL,2007-09-01,2013-06-14,1060596.0,False
CMRMTSPL,2007-10-01,2013-06-14,1061284.0,False
CMRMTSPL,2007-11-01,2013-06-14,1062362.0,False
CMRMTSPL,2007-12-01,2013-06-14,1057157.0,False
CMRMTSPL,2008-01-01,2013-06-14,1060042.0,False
CMRMTSPL,2008-02-01,2013-06-14,1044896.0,False
CMRMTSPL,2008-03-01,2013-06-14,1035463.0,False
CMRMTSPL,2008-04-01,2013-06-14,1046231.0,False
CMRMTSPL,2008-05-01,2013-06-14,1036586.0,False
CMRMTSPL,2008-06-01,2013-06-14,1036083.0,False
CMRMTSPL,2008-07-01,2013-06-14,1018420.0,False
CMRMTSPL,2008-08-01,2013-06-14,1007725.0,False
CMRMTSPL,2008-09-01,2013-06-14,983496.0,False
CMRMTSPL,2008-10-01,2013-06-14,974310.0,False
CMRMTSPL,2008-11-01,2013-06-14,954059.0,False
CMRMTSPL,2008-12-01,2013-06-14,949121.0,False
CMRMTSPL,2009-01-01,2013-06-14,929139.0,False
CMRMTSPL,2009-02-01,2013-06-14,932821.0,False
CMRMTSPL,2009-03-01,2013-06-14,915152.0,False
CMRMTSPL,2009-04-01,2013-06-14,908922.0,False
CMRMTSPL,2009-05-01,2013-06-14,907622.0,False
CMRMTSPL,2009-06-01,2013-06-14,905513.0,False
CMRMTSPL,2009-07-01,2013-06-14,920786.0,False
CMRMTSPL,2009-08-01,2013-06-14,919917.0,False
CMRMTSPL,2009-09-01,2013-06-14,920908.0,False
CMRMTSPL,2009-10-01,2013-06-14,924233.0,False
CMRMTSPL,2009-11-01,2013-06-14,932633.0,False
CMRMTSPL,2009-12-01,2013-06-14,936331.0,False
CMRMTSPL,2010-01-01,2013-06-14,931933.0,False
CMRMTSPL,2010-02-01,2013-06-14,937966.0,False
CMRMTSPL,2010-03-01,2013-06-14,947447.0,False
CMRMTSPL,2010-04-01,2013-06-14,954855.0,False
CMRMTSPL,2010-05-01,2013-06-14,953776.0,False
CMRMTSPL,2010-06-01,2013-06-14,958196.0,False
CMRMTSPL,2010-07-01,2013-06-14,971968.0,False
CMRMTSPL,2010-08-01,2013-06-14,969631.0,False
CMRMTSPL,2010-09-01,2013-06-14,972755.0,False
CMRMTSPL,2010-10-01,2013-06-14,973513.0,False
CMRMTSPL,2010-11-01,2013-06-14,980131.0,False
CMRMTSPL,2010-12-01,2013-06-14,982642.0,False
CMRMTSPL,2011-01-01,2013-06-14,992297.0,False
CMRMTSPL,2011-02-01,2013-06-14,979185.0,False
CMRMTSPL,2011-03-01,2013-06-14,990068.0,False
CMRMTSPL,2011-04-01,2013-06-14,983348.0,False
CMRMTSPL,2011-05-01,2013-06-14,982670.0,False
CMRMTSPL,2011-06-01,2013-06-14,989191.0,False
CMRMTSPL,2011-07-01,2013-06-14,996751.0,False
CMRMTSPL,2011-08-01,2013-06-14,1000899.0,False
CMRMTSPL,2011-09-01,2013-06-14,996991.0,False
CMRMTSPL,2011-10-01,2013-06-14,1008667.0,False
CMRMTSPL,2011-11-01,2013-06-14,1006730.0,False
CMRMTSPL,2011-12-01,2013-06-14,1015814.0,False
CMRMTSPL,2012-01-01,2013-06-14,1016416.0,False
CMRMTSPL,2012-02-01,2013-06-14,1019658.0,False
CMRMTSPL,2012-03-01,2013-06-14,1015160.0,False
CMRMTSPL,2012-04-01,2013-06-14,1017537.0,False
CMRMTSPL,2012-05-01,2013-06-14,1024553.0,False
CMRMTSPL,2012-06-01,2013-06-14,1019915.0,False
CMRMTSPL,2012-07-01,2013-06-14,1028374.0,False
CMRMTSPL,2012-08-01,2013-06-14,1023136.0,False
CMRMTSPL,2012-09-01,2013-06-14,1024575.0,False
CMRMTSPL,2012-10-01,2013-06-14,1022077.0,False
CMRMTSPL,2012-11-01,2013-06-14,1041260.0,False
CMRMTSPL,2012-12-01,2013-06-14,1043592.0,False
CMRMTSPL,2013-01-01,2013-06-14,1041295.0,False
CMRMTSPL,2013-02-01,2013-06-14,1043518.0,False
CMRMTSPL,2013-03-01,2013-06-24,1037206.0,True
CMRMTSPL,2013-04-01,2013-06-26,1044762.0,True
CMRMTSPL,2013-05-01,2013-08-05,1152360.0,True
CMRMTSPL,2013-06-01,2013-08-29,1132253.0,True
CMRMTSPL,2013-07-01,2013-11-20,1138004.0,True
CMRMTSPL,2013-08-01,2013-11-20,1140346.0,True
CMRMTSPL,2013-09-01,2013-12-05,1143280.0,True
CMRMTSPL,2013-10-01,2014-01-31,1152067.0,True
CMRMTSPL,2013-11-01,2014-01-31,1165294.0,True
CMRMTSPL,2013-12-01,2014-03-03,1161304.0,True
CMRMTSPL,2014-01-01,2014-03-28,1147690.0,True
CMRMTSPL,2014-02-01,2014-05-07,1150302.0,True
CMRMTSPL,2014-03-01,2014-05-30,1162037.0,True
CMRMTSPL,2014-04-01,2014-06-26,1166343.0,True
CMRMTSPL,2014-05-01,2014-08-05,1174500.0,True
CMRMTSPL,2014-06-01,2014-09-04,1176871.0,True
CMRMTSPL,2014-07-01,2014-09-29,1188431.0,True
CMRMTSPL,2014-08-01,2014-11-03,1184857.0,True
CMRMTSPL,2014-09-01,2014-11-26,1188301.0,True
CMRMTSPL,2014-10-01,2014-12-24,1194576.0,True
CMRMTSPL,2014-11-01,2015-02-02,1200408.0,True
CMRMTSPL,2014-12-01,2015-03-02,1206095.0,True
CMRMTSPL,2015-01-01,2015-04-02,1210474.0,True
CMRMTSPL,2015-02-01,2015-05-01,1208728.0,True
CMRMTSPL,2015-03-01,2015-06-01,1206318.0,True
CMRMTSPL,2015-04-01,2015-06-26,1218996.0,True
CMRMTSPL,2015-05-01,2015-08-07,1208840.0,True
CMRMTSPL,2015-06-01,2015-09-30,1208159.0,True
CMRMTSPL,2015-07-01,2015-09-30,1210715.0,True
CMRMTSPL,2015-08-01,2015-10-30,1213183.0,True
CMRMTSPL,2015-09-01,2015-11-30,1229879.0,True
CMRMTSPL,2015-10-01,2015-12-23,1228417.0,True
CMRMTSPL,2015-11-01,2016-02-03,1226922.0,True
CMRMTSPL,2015-12-01,2016-02-26,1229795.0,True
CMRMTSPL,2016-01-01,2016-03-28,1233258.0,True
CMRMTSPL,2016-02-01,2016-04-29,1233761.0,True
CMRMTSPL,2016-03-01,2016-05-31,1236361.0,True
CMRMTSPL,2016-04-01,2016-06-29,1239305.0,True
CMRMTSPL,2016-05-01,2016-08-02,1218001.0,True
CMRMTSPL,2016-06-01,2016-08-29,1223767.0,True
CMRMTSPL,2016-07-01,2016-09-30,1225267.0,True
CMRMTSPL,2016-08-01,2016-10-31,1230579.0,True
CMRMTSPL,2016-09-01,2016-11-30,1237440.0,True
CMRMTSPL,2016-10-01,2016-12-23,1242372.0,True
CMRMTSPL,2016-11-01,2017-01-30,1242747.0,True
CMRMTSPL,2016-12-01,2017-03-01,1264478.0,True
CMRMTSPL,2017-01-01,2017-03-31,1257601.0,True
CMRMTSPL,2017-02-01,2017-05-01,1258831.0,True
CMRMTSPL,2017-03-01,2017-05-30,1261126.0,True
CMRMTSPL,2017-04-01,2017-06-30,1256150.0,True
CMRMTSPL,2017-05-01,2017-08-03,1250206.0,True
CMRMTSPL,2017-06-01,2017-08-31,1257066.0,True
CMRMTSPL,2017-07-01,2017-09-29,1260873.0,True
CMRMTSPL,2017-08-01,2017-10-30,1265123.0,True
CMRMTSPL,2017-09-01,2017-11-30,1272313.0,True
CMRMTSPL,2017-10-01,2017-12-22,1280879.0,True
CMRMTSPL,2017-11-01,2018-01-29,1288757.0,True
CMRMTSPL,2017-12-01,2018-03-01,1295214.0,True
CMRMTSPL,2018-01-01,2018-03-29,1280793.0,True
CMRMTSPL,2018-02-01,2018-04-30,1281757.0,True
CMRMTSPL,2018-03-01,2018-05-31,1290758.0,True
CMRMTSPL,2018-04-01,2018-06-29,1290112.0,True
CMRMTSPL,2018-05-01,2018-07-31,1486910.0,True
CMRMTSPL,2018-06-01,2018-08-30,1488047.0,True
CMRMTSPL,2018-07-01,2018-09-28,1490039.0,True
CMRMTSPL,2018-08-01,2018-10-29,1499389.0,True
CMRMTSPL,2018-09-01,2018-11-29,1505248.0,True
CMRMTSPL,2018-10-01,2018-12-21,1497101.0,True
CMRMTSPL,2018-11-01,2019-03-01,1500186.0,True
CMRMTSPL,2018-12-01,2019-03-01,1504602.0,True
CMRMTSPL,2019-01-01,2019-03-29,1512745.0,True
CMRMTSPL,2019-02-01,2019-04-29,1513343.0,True
CMRMTSPL,2019-03-01,2019-05-31,1523251.0,True
CMRMTSPL,2019-04-01,2019-06-28,1509374.0,True
CMRMTSPL,2019-05-01,2019-07-30,1505811.0,True
CMRMTSPL,2019-06-01,2019-08-30,1515827.0,True
CMRMTSPL,2019-07-01,2019-09-27,1516100.0,True
CMRMTSPL,2019-08-01,2019-10-31,1525005.0,True
CMRMTSPL,2019-09-01,2019-11-27,1525597.0,True
CMRMTSPL,2019-10-01,2019-12-20,1516559.0,True
CMRMTSPL,2019-11-01,2020-01-31,1526868.0,True
CMRMTSPL,2019-12-01,2020-02-28,1522592.0,True
CMRMTSPL,2020-01-01,2020-03-27,1532689.0,True
CMRMTSPL,2020-02-01,2020-04-30,1537221.0,True
CMRMTSPL,2020-03-01,2020-05-29,1474964.0,True
CMRMTSPL,2020-04-01,2020-06-26,1306590.0,True
CMRMTSPL,2020-05-01,2020-07-31,1410441.0,True
CMRMTSPL,2020-06-01,2020-08-28,1512985.0,True
CMRMTSPL,2020-07-01,2020-10-01,1545993.0,True
CMRMTSPL,2020-08-01,2020-10-30,1550404.0,True
CMRMTSPL,2020-09-01,2020-11-25,1560211.0,True
CMRMTSPL,2020-10-01,2020-12-23,1574271.0,True
CMRMTSPL,2020-11-01,2021-01-29,1568472.0,True
CMRMTSPL,2020-12-01,2021-02-26,1562613.0,True
CMRMTSPL,2021-01-01,2021-03-26,1616733.0,True
CMRMTSPL,2021-02-01,2021-04-30,1564397.0,True
CMRMTSPL,2021-03-01,2021-05-28,1629082.0,True
CMRMTSPL,2021-04-01,2021-06-25,1623417.0,True
CMRMTSPL,2021-05-01,2021-07-30,1550531.0,True
CMRMTSPL,2021-06-01,2021-08-27,1559648.0,True
CMRMTSPL,2021-07-01,2021-10-01,1558426.0,True
CMRMTSPL,2021-08-01,2021-10-29,1552974.0,True
CMRMTSPL,2021-09-01,2021-11-24,1559227.0,True
CMRMTSPL,2021-10-01,2021-12-23,1568585.0,True
CMRMTSPL,2021-11-01,2022-01-28,1565491.0,True
CMRMTSPL,2021-12-01,2022-02-25,1559390.0,True
CMRMTSPL,2022-01-01,2022-03-31,1594543.0,True
CMRMTSPL,2022-02-01,2022-04-29,1568766.0,True
CMRMTSPL,2022-03-01,2022-05-27,1551969.0,True
CMRMTSPL,2022-04-01,2022-06-30,1548384.0,True
CMRMTSPL,2022-05-01,2022-07-29,1538267.0,True
CMRMTSPL,2022-06-01,2022-08-26,1535482.0,True
CMRMTSPL,2022-07-01,2022-09-30,1545452.0,True
CMRMTSPL,2022-08-01,2022-10-28,1570466.0,True
CMRMTSPL,2022-09-01,2022-12-01,1575018.0,True
CMRMTSPL,2022-10-01,2022-12-23,1577326.0,True
CMRMTSPL,2022-11-01,2023-01-27,1563899.0,True
CMRMTSPL,2022-12-01,2023-02-24,1579114.0,True
CMRMTSPL,2023-01-01,2023-03-31,1587506.0,True
CMRMTSPL,2023-02-01,2023-04-28,1574021.0,True
CMRMTSPL,2023-03-01,2023-05-26,1564983.0,True
CMRMTSPL,2023-04-01,2023-06-30,1556928.0,True
CMRMTSPL,2023-05-01,2023-07-28,1572792.0,True
CMRMTSPL,2023-06-01,2023-08-31,1571447.0,True
CMRMTSPL,2023-07-01,2023-09-29,1501507.0,True
CMRMTSPL,2023-08-01,2023-10-27,1504807.0,True
CMRMTSPL,2023-09-01,2023-11-30,1519974.0,True
CMRMTSPL,2023-10-01,2023-12-22,1506491.0,True
CMRMTSPL,2023-11-01,2024-01-26,1518957.0,True
CMRMTSPL,2023-12-01,2024-02-29,1530296.0,True
CMRMTSPL,2024-01-01,2024-03-29,1502408.0,True
CMRMTSPL,2024-02-01,2024-04-26,1511532.0,True
CMRMTSPL,2024-03-01,2024-05-31,1507753.0,True
CMRMTSPL,2024-04-01,2024-06-28,1504963.0,True
CMRMTSPL,2024-05-01,2024-07-26,1517365.0,True
CMRMTSPL,2024-06-01,2024-08-30,1522770.0,True
CMRMTSPL,2024-07-01,2024-09-27,1574874.0,True
CMRMTSPL,2024-08-01,2024-10-31,1530114.0,True
CMRMTSPL,2024-09-01,2024-11-27,1539363.0,True
CMRMTSPL,2024-10-01,2024-12-20,1539243.0,True
CMRMTSPL,2024-11-01,2025-01-31,1544190.0,True
CMRMTSPL,2024-12-01,2025-02-28,1555153.0,True
CMRMTSPL,2025-01-01,2025-03-28,1539183.0,True
CMRMTSPL,2025-02-01,2025-04-30,1556553.0,True
CMRMTSPL,2025-03-01,2025-05-30,1575268.0,True
CMRMTSPL,2025-04-01,2025-06-27,1567849.0,True
CMRMTSPL,2025-05-01,2025-07-31,1562061.0,True
CMRMTSPL,2025-06-01,2025-08-29,1566256.0,True
CMRMTSPL,2025-07-01,2025-09-26,1565742.0,True
CMRMTSPL,2025-08-01,2025-12-23,1562592.0,True
CMRMTSPL,2025-09-01,2025-12-23,1551287.0,True
CMRMTSPL,2025-10-01,2026-01-22,1554989.0,True
CMRMTSPL,2025-11-01,2026-02-20,1554414.0,True
CMRMTSPL,2025-12-01,2026-03-13,1567173.0,True
CMRMTSPL,2026-01-01,2026-04-09,1575224.0,True
CMRMTSPL,2026-02-01,2026-04-30,1589639.0,True
CMRMTSPL,2026-03-01,2026-05-28,1587949.0,True
CMRMTSPL,2026-04-01,2026-06-25,1575604.0,True
CMRMTSPL,2026-05-01,2026-07-30,1586429.0,True
CPIAUCSL,2004-01-01,2006-06-01,185.9,False
CPIAUCSL,2004-02-01,2006-06-01,186.5,False
CPIAUCSL,2004-03-01,2006-06-01,187.3,False
CPIAUCSL,2004-04-01,2006-06-01,187.5,False
CPIAUCSL,2004-05-01,2006-06-01,188.6,False
CPIAUCSL,2004-06-01,2006-06-01,189.2,False
CPIAUCSL,2004-07-01,2006-06-01,189.2,False
CPIAUCSL,2004-08-01,2006-06-01,189.4,False
CPIAUCSL,2004-09-01,2006-06-01,189.7,False
CPIAUCSL,2004-10-01,2006-06-01,190.8,False
CPIAUCSL,2004-11-01,2006-06-01,191.2,False
CPIAUCSL,2004-12-01,2006-06-01,191.2,False
CPIAUCSL,2005-01-01,2006-06-01,191.4,False
CPIAUCSL,2005-02-01,2006-06-01,192.1,False
CPIAUCSL,2005-03-01,2006-06-01,193.2,False
CPIAUCSL,2005-04-01,2006-06-01,194.1,False
CPIAUCSL,2005-05-01,2006-06-01,194.0,False
CPIAUCSL,2005-06-01,2006-06-01,193.9,False
CPIAUCSL,2005-07-01,2006-06-01,195.1,False
CPIAUCSL,2005-08-01,2006-06-01,196.2,False
CPIAUCSL,2005-09-01,2006-06-01,198.6,False
CPIAUCSL,2005-10-01,2006-06-01,199.1,False
CPIAUCSL,2005-11-01,2006-06-01,197.8,False
CPIAUCSL,2005-12-01,2006-06-01,197.7,False
CPIAUCSL,2006-01-01,2006-06-01,199.0,False
CPIAUCSL,2006-02-01,2006-06-01,199.1,False
CPIAUCSL,2006-03-01,2006-06-01,199.8,False
CPIAUCSL,2006-04-01,2006-06-01,201.0,False
CPIAUCSL,2006-05-01,2006-06-14,201.9,True
CPIAUCSL,2006-06-01,2006-07-19,202.3,True
CPIAUCSL,2006-07-01,2006-08-16,203.2,True
CPIAUCSL,2006-08-01,2006-09-15,203.7,True
CPIAUCSL,2006-09-01,2006-10-18,202.7,True
CPIAUCSL,2006-10-01,2006-11-16,201.7,True
CPIAUCSL,2006-11-01,2006-12-15,201.7,True
CPIAUCSL,2006-12-01,2007-01-18,202.8,True
CPIAUCSL,2007-01-01,2007-02-21,203.153,True
CPIAUCSL,2007-02-01,2007-03-16,203.906,True
CPIAUCSL,2007-03-01,2007-04-17,205.146,True
CPIAUCSL,2007-04-01,2007-05-15,205.999,True
CPIAUCSL,2007-05-01,2007-06-15,207.387,True
CPIAUCSL,2007-06-01,2007-07-18,207.784,True
CPIAUCSL,2007-07-01,2007-08-15,208.028,True
CPIAUCSL,2007-08-01,2007-09-19,207.738,True
CPIAUCSL,2007-09-01,2007-10-17,208.292,True
CPIAUCSL,2007-10-01,2007-11-15,208.903,True
CPIAUCSL,2007-11-01,2007-12-14,210.565,True
CPIAUCSL,2007-12-01,2008-01-16,211.16,True
CPIAUCSL,2008-01-01,2008-02-20,212.516,True
CPIAUCSL,2008-02-01,2008-03-14,212.571,True
CPIAUCSL,2008-03-01,2008-04-16,213.301,True
CPIAUCSL,2008-04-01,2008-05-14,213.743,True
CPIAUCSL,2008-05-01,2008-06-13,215.132,True
CPIAUCSL,2008-06-01,2008-07-16,217.403,True
CPIAUCSL,2008-07-01,2008-08-14,219.181,True
CPIAUCSL,2008-08-01,2008-09-16,218.88,True
CPIAUCSL,2008-09-01,2008-10-16,218.813,True
CPIAUCSL,2008-10-01,2008-11-19,216.71,True
CPIAUCSL,2008-11-01,2008-12-16,213.06,True
CPIAUCSL,2008-12-01,2009-01-16,211.49,True
CPIAUCSL,2009-01-01,2009-02-20,212.174,True
CPIAUCSL,2009-02-01,2009-03-18,213.007,True
CPIAUCSL,2009-03-01,2009-04-15,212.714,True
CPIAUCSL,2009-04-01,2009-05-15,212.671,True
CPIAUCSL,2009-05-01,2009-06-17,212.876,True
CPIAUCSL,2009-06-01,2009-07-15,214.459,True
CPIAUCSL,2009-07-01,2009-08-14,214.469,True
CPIAUCSL,2009-08-01,2009-09-16,215.428,True
CPIAUCSL,2009-09-01,2009-10-15,215.791,True
CPIAUCSL,2009-10-01,2009-11-18,216.385,True
CPIAUCSL,2009-11-01,2009-12-16,217.25,True
CPIAUCSL,2009-12-01,2010-01-15,217.541,True
CPIAUCSL,2010-01-01,2010-02-19,217.587,True
CPIAUCSL,2010-02-01,2010-03-18,217.591,True
CPIAUCSL,2010-03-01,2010-04-14,217.729,True
CPIAUCSL,2010-04-01,2010-05-19,217.579,True
CPIAUCSL,2010-05-01,2010-06-17,217.224,True
CPIAUCSL,2010-06-01,2010-07-16,216.929,True
CPIAUCSL,2010-07-01,2010-08-13,217.597,True
CPIAUCSL,2010-08-01,2010-09-17,218.15,True
CPIAUCSL,2010-09-01,2010-10-15,218.372,True
CPIAUCSL,2010-10-01,2010-11-17,218.879,True
CPIAUCSL,2010-11-01,2010-12-15,219.146,True
CPIAUCSL,2010-12-01,2011-01-14,220.252,True
CPIAUCSL,2011-01-01,2011-02-17,221.062,True
CPIAUCSL,2011-02-01,2011-03-17,222.27,True
CPIAUCSL,2011-03-01,2011-04-15,223.49,True
CPIAUCSL,2011-04-01,2011-05-13,224.433,True
CPIAUCSL,2011-05-01,2011-06-15,224.804,True
CPIAUCSL,2011-06-01,2011-07-15,224.304,True
CPIAUCSL,2011-07-01,2011-08-18,225.425,True
CPIAUCSL,2011-08-01,2011-09-15,226.268,True
CPIAUCSL,2011-09-01,2011-10-19,226.955,True
CPIAUCSL,2011-10-01,2011-11-16,226.763,True
CPIAUCSL,2011-11-01,2011-12-16,226.72,True
CPIAUCSL,2011-12-01,2012-01-19,226.747,True
CPIAUCSL,2012-01-01,2012-02-17,227.505,True
CPIAUCSL,2012-02-01,2012-03-16,228.433,True
CPIAUCSL,2012-03-01,2012-04-13,229.098,True
CPIAUCSL,2012-04-01,2012-05-15,229.177,True
CPIAUCSL,2012-05-01,2012-06-14,228.527,True
CPIAUCSL,2012-06-01,2012-07-17,228.618,True
CPIAUCSL,2012-07-01,2012-08-15,228.723,True
CPIAUCSL,2012-08-01,2012-09-14,230.102,True
CPIAUCSL,2012-09-01,2012-10-16,231.414,True
CPIAUCSL,2012-10-01,2012-11-15,231.751,True
CPIAUCSL,2012-11-01,2012-12-14,231.025,True
CPIAUCSL,2012-12-01,2013-01-16,230.979,True
CPIAUCSL,2013-01-01,2013-02-21,231.198,True
CPIAUCSL,2013-02-01,2013-03-15,232.77,True
CPIAUCSL,2013-03-01,2013-04-16,232.34,True
CPIAUCSL,2013-04-01,2013-05-16,231.485,True
CPIAUCSL,2013-05-01,2013-06-18,231.831,True
CPIAUCSL,2013-06-01,2013-07-16,232.944,True
CPIAUCSL,2013-07-01,2013-08-15,233.318,True
CPIAUCSL,2013-08-01,2013-09-17,233.526,True
CPIAUCSL,2013-09-01,2013-10-30,233.947,True
CPIAUCSL,2013-10-01,2013-11-20,233.808,True
CPIAUCSL,2013-11-01,2013-12-17,233.887,True
CPIAUCSL,2013-12-01,2014-01-16,234.582,True
CPIAUCSL,2014-01-01,2014-02-20,234.933,True
CPIAUCSL,2014-02-01,2014-03-18,235.169,True
CPIAUCSL,2014-03-01,2014-04-15,235.64,True
CPIAUCSL,2014-04-01,2014-05-15,236.254,True
CPIAUCSL,2014-05-01,2014-06-17,237.083,True
CPIAUCSL,2014-06-01,2014-07-22,237.693,True
CPIAUCSL,2014-07-01,2014-08-19,237.909,True
CPIAUCSL,2014-08-01,2014-09-17,237.428,True
CPIAUCSL,2014-09-01,2014-10-22,237.633,True
CPIAUCSL,2014-10-01,2014-11-20,237.642,True
CPIAUCSL,2014-11-01,2014-12-17,237.032,True
CPIAUCSL,2014-12-01,2015-01-16,236.149,True
CPIAUCSL,2015-01-01,2015-02-26,234.677,True
CPIAUCSL,2015-02-01,2015-03-24,235.186,True
CPIAUCSL,2015-03-01,2015-04-17,235.74,True
CPIAUCSL,2015-04-01,2015-05-22,235.982,True
CPIAUCSL,2015-05-01,2015-06-18,237.031,True
CPIAUCSL,2015-06-01,2015-07-17,237.786,True
CPIAUCSL,2015-07-01,2015-08-19,238.099,True
CPIAUCSL,2015-08-01,2015-09-16,237.931,True
CPIAUCSL,2015-09-01,2015-10-15,237.566,True
CPIAUCSL,2015-10-01,2015-11-17,238.042,True
CPIAUCSL,2015-11-01,2015-12-15,238.111,True
CPIAUCSL,2015-12-01,2016-01-20,237.847,True
CPIAUCSL,2016-01-01,2016-02-19,238.107,True
CPIAUCSL,2016-02-01,2016-03-16,237.707,True
CPIAUCSL,2016-03-01,2016-04-14,237.92,True
CPIAUCSL,2016-04-01,2016-05-17,238.89,True
CPIAUCSL,2016-05-01,2016-06-16,239.41,True
CPIAUCSL,2016-06-01,2016-07-15,239.927,True
CPIAUCSL,2016-07-01,2016-08-16,239.828,True
CPIAUCSL,2016-08-01,2016-09-16,240.305,True
CPIAUCSL,2016-09-01,2016-10-18,241.002,True
CPIAUCSL,2016-10-01,2016-11-17,241.863,True
CPIAUCSL,2016-11-01,2016-12-15,242.348,True
CPIAUCSL,2016-12-01,2017-01-18,243.032,True
CPIAUCSL,2017-01-01,2017-02-15,244.158,True
CPIAUCSL,2017-02-01,2017-03-15,244.456,True
CPIAUCSL,2017-03-01,2017-04-14,243.752,True
CPIAUCSL,2017-04-01,2017-05-12,244.158,True
CPIAUCSL,2017-05-01,2017-06-14,243.846,True
CPIAUCSL,2017-06-01,2017-07-14,243.79,True
CPIAUCSL,2017-07-01,2017-08-11,244.048,True
CPIAUCSL,2017-08-01,2017-09-14,245.03,True
CPIAUCSL,2017-09-01,2017-10-13,246.373,True
CPIAUCSL,2017-10-01,2017-11-15,246.639,True
CPIAUCSL,2017-11-01,2017-12-13,247.592,True
CPIAUCSL,2017-12-01,2018-01-12,247.963,True
CPIAUCSL,2018-01-01,2018-02-14,249.245,True
CPIAUCSL,2018-02-01,2018-03-13,249.619,True
CPIAUCSL,2018-03-01,2018-04-11,249.462,True
CPIAUCSL,2018-04-01,2018-05-10,250.013,True
CPIAUCSL,2018-05-01,2018-06-12,250.535,True
CPIAUCSL,2018-06-01,2018-07-12,250.857,True
CPIAUCSL,2018-07-01,2018-08-10,251.286,True
CPIAUCSL,2018-08-01,2018-09-13,251.846,True
CPIAUCSL,2018-09-01,2018-10-11,251.994,True
CPIAUCSL,2018-10-01,2018-11-14,252.827,True
CPIAUCSL,2018-11-01,2018-12-12,252.876,True
CPIAUCSL,2018-12-01,2019-01-11,252.733,True
CPIAUCSL,2019-01-01,2019-02-13,252.673,True
CPIAUCSL,2019-02-01,2019-03-12,253.113,True
CPIAUCSL,2019-03-01,2019-04-10,254.148,True
CPIAUCSL,2019-04-01,2019-05-10,254.958,True
CPIAUCSL,2019-05-01,2019-06-12,255.155,True
CPIAUCSL,2019-06-01,2019-07-11,255.305,True
CPIAUCSL,2019-07-01,2019-08-13,256.161,True
CPIAUCSL,2019-08-01,2019-09-12,256.3,True
CPIAUCSL,2019-09-01,2019-10-10,256.358,True
CPIAUCSL,2019-10-01,2019-11-13,257.271,True
CPIAUCSL,2019-11-01,2019-12-11,257.936,True
CPIAUCSL,2019-12-01,2020-01-14,258.501,True
CPIAUCSL,2020-01-01,2020-02-13,258.82,True
CPIAUCSL,2020-02-01,2020-03-11,259.05,True
CPIAUCSL,2020-03-01,2020-04-10,257.953,True
CPIAUCSL,2020-04-01,2020-05-12,255.902,True
CPIAUCSL,2020-05-01,2020-06-10,255.768,True
CPIAUCSL,2020-06-01,2020-07-14,257.214,True
CPIAUCSL,2020-07-01,2020-08-12,258.723,True
CPIAUCSL,2020-08-01,2020-09-11,259.681,True
CPIAUCSL,2020-09-01,2020-10-13,260.209,True
CPIAUCSL,2020-10-01,2020-11-12,260.325,True
CPIAUCSL,2020-11-01,2020-12-10,260.817,True
CPIAUCSL,2020-12-01,2021-01-13,261.775,True
CPIAUCSL,2021-01-01,2021-02-10,262.231,True
CPIAUCSL,2021-02-01,2021-03-10,263.161,True
CPIAUCSL,2021-03-01,2021-04-13,264.793,True
CPIAUCSL,2021-04-01,2021-05-12,266.832,True
CPIAUCSL,2021-05-01,2021-06-10,268.551,True
CPIAUCSL,2021-06-01,2021-07-13,270.981,True
CPIAUCSL,2021-07-01,2021-08-11,272.265,True
CPIAUCSL,2021-08-01,2021-09-14,273.012,True
CPIAUCSL,2021-09-01,2021-10-13,274.138,True
CPIAUCSL,2021-10-01,2021-11-10,276.724,True
CPIAUCSL,2021-11-01,2021-12-10,278.88,True
CPIAUCSL,2021-12-01,2022-01-12,280.192,True
CPIAUCSL,2022-01-01,2022-02-10,281.933,True
CPIAUCSL,2022-02-01,2022-03-10,284.182,True
CPIAUCSL,2022-03-01,2022-04-12,287.708,True
CPIAUCSL,2022-04-01,2022-05-11,288.663,True
CPIAUCSL,2022-05-01,2022-06-10,291.474,True
CPIAUCSL,2022-06-01,2022-07-13,295.328,True
CPIAUCSL,2022-07-01,2022-08-10,295.271,True
CPIAUCSL,2022-08-01,2022-09-13,295.62,True
CPIAUCSL,2022-09-01,2022-10-13,296.761,True
CPIAUCSL,2022-10-01,2022-11-10,298.062,True
CPIAUCSL,2022-11-01,2022-12-13,298.349,True
CPIAUCSL,2022-12-01,2023-01-12,298.112,True
CPIAUCSL,2023-01-01,2023-02-14,300.536,True
CPIAUCSL,2023-02-01,2023-03-14,301.648,True
CPIAUCSL,2023-03-01,2023-04-12,301.808,True
CPIAUCSL,2023-04-01,2023-05-10,302.918,True
CPIAUCSL,2023-05-01,2023-06-13,303.294,True
CPIAUCSL,2023-06-01,2023-07-12,303.841,True
CPIAUCSL,2023-07-01,2023-08-10,304.348,True
CPIAUCSL,2023-08-01,2023-09-13,306.269,True
CPIAUCSL,2023-09-01,2023-10-12,307.481,True
CPIAUCSL,2023-10-01,2023-11-14,307.619,True
CPIAUCSL,2023-11-01,2023-12-12,307.917,True
CPIAUCSL,2023-12-01,2024-01-11,308.85,True
CPIAUCSL,2024-01-01,2024-02-13,309.685,True
CPIAUCSL,2024-02-01,2024-03-12,311.054,True
CPIAUCSL,2024-03-01,2024-04-10,312.23,True
CPIAUCSL,2024-04-01,2024-05-15,313.207,True
CPIAUCSL,2024-05-01,2024-06-12,313.225,True
CPIAUCSL,2024-06-01,2024-07-11,313.049,True
CPIAUCSL,2024-07-01,2024-08-14,313.534,True
CPIAUCSL,2024-08-01,2024-09-11,314.121,True
CPIAUCSL,2024-09-01,2024-10-10,314.686,True
CPIAUCSL,2024-10-01,2024-11-13,315.454,True
CPIAUCSL,2024-11-01,2024-12-11,316.441,True
CPIAUCSL,2024-12-01,2025-01-15,317.685,True
CPIAUCSL,2025-01-01,2025-02-12,319.086,True
CPIAUCSL,2025-02-01,2025-03-12,319.775,True
CPIAUCSL,2025-03-01,2025-04-10,319.615,True
CPIAUCSL,2025-04-01,2025-05-13,320.321,True
CPIAUCSL,2025-05-01,2025-06-11,320.58,True
CPIAUCSL,2025-06-01,2025-07-15,321.5,True
CPIAUCSL,2025-07-01,2025-08-12,322.132,True
CPIAUCSL,2025-08-01,2025-09-11,323.364,True
CPIAUCSL,2025-09-01,2025-10-24,324.368,True
CPIAUCSL,2025-11-01,2025-12-18,325.031,True
CPIAUCSL,2025-12-01,2026-01-13,326.03,True
CPIAUCSL,2026-01-01,2026-02-13,326.588,True
CPIAUCSL,2026-02-01,2026-03-11,327.46,True
CPIAUCSL,2026-03-01,2026-04-10,330.293,True
CPIAUCSL,2026-04-01,2026-05-12,332.407,True
CPIAUCSL,2026-05-01,2026-06-10,333.979,True
CPIAUCSL,2026-06-01,2026-07-14,332.568,True
INDPRO,2004-01-01,2006-06-01,102.6788,False
INDPRO,2004-02-01,2006-06-01,103.4984,False
INDPRO,2004-03-01,2006-06-01,103.2111,False
INDPRO,2004-04-01,2006-06-01,104.0044,False
INDPRO,2004-05-01,2006-06-01,104.9562,False
INDPRO,2004-06-01,2006-06-01,104.3773,False
INDPRO,2004-07-01,2006-06-01,104.9954,False
INDPRO,2004-08-01,2006-06-01,105.3165,False
INDPRO,2004-09-01,2006-06-01,105.0624,False
INDPRO,2004-10-01,2006-06-01,105.8234,False
INDPRO,2004-11-01,2006-06-01,106.0348,False
INDPRO,2004-12-01,2006-06-01,106.7432,False
INDPRO,2005-01-01,2006-06-01,106.9478,False
INDPRO,2005-02-01,2006-06-01,107.3608,False
INDPRO,2005-03-01,2006-06-01,107.3115,False
INDPRO,2005-04-01,2006-06-01,107.1838,False
INDPRO,2005-05-01,2006-06-01,107.4337,False
INDPRO,2005-06-01,2006-06-01,108.2903,False
INDPRO,2005-07-01,2006-06-01,108.2725,False
INDPRO,2005-08-01,2006-06-01,108.5868,False
INDPRO,2005-09-01,2006-06-01,107.1604,False
INDPRO,2005-10-01,2006-06-01,108.3814,False
INDPRO,2005-11-01,2006-06-01,109.3877,False
INDPRO,2005-12-01,2006-06-01,110.4282,False
INDPRO,2006-01-01,2006-06-01,110.3486,False
INDPRO,2006-02-01,2006-06-01,110.7523,False
INDPRO,2006-03-01,2006-06-01,111.4077,False
INDPRO,2006-04-01,2006-06-01,112.2624,False
INDPRO,2006-05-01,2006-06-15,112.0991,True
INDPRO,2006-06-01,2006-07-17,113.2096,True
INDPRO,2006-07-01,2006-08-16,113.5293,True
INDPRO,2006-08-01,2006-09-15,113.7063,True
INDPRO,2006-09-01,2006-10-17,113.1336,True
INDPRO,2006-10-01,2006-11-16,113.6615,True
INDPRO,2006-11-01,2006-12-15,112.3227,True
INDPRO,2006-12-01,2007-01-17,112.4425,True
INDPRO,2007-01-01,2007-02-15,111.9282,True
INDPRO,2007-02-01,2007-03-16,113.1433,True
INDPRO,2007-03-01,2007-04-17,112.4866,True
INDPRO,2007-04-01,2007-05-16,113.0344,True
INDPRO,2007-05-01,2007-06-15,112.6889,True
INDPRO,2007-06-01,2007-07-17,113.3704,True
INDPRO,2007-07-01,2007-08-15,113.8604,True
INDPRO,2007-08-01,2007-09-14,114.4254,True
INDPRO,2007-09-01,2007-10-16,114.357,True
INDPRO,2007-10-01,2007-11-16,113.9957,True
INDPRO,2007-11-01,2007-12-14,113.9019,True
INDPRO,2007-12-01,2008-01-16,113.9673,True
INDPRO,2008-01-01,2008-02-15,114.2334,True
INDPRO,2008-02-01,2008-03-17,113.6597,True
INDPRO,2008-03-01,2008-04-16,112.1281,True
INDPRO,2008-04-01,2008-05-15,111.1807,True
INDPRO,2008-05-01,2008-06-17,110.9051,True
INDPRO,2008-06-01,2008-07-16,111.7251,True
INDPRO,2008-07-01,2008-08-15,111.8419,True
INDPRO,2008-08-01,2008-09-15,110.3034,True
INDPRO,2008-09-01,2008-10-16,107.254,True
INDPRO,2008-10-01,2008-11-17,107.2854,True
INDPRO,2008-11-01,2008-12-15,106.1173,True
INDPRO,2008-12-01,2009-01-16,103.5966,True
INDPRO,2009-01-01,2009-02-18,101.337,True
INDPRO,2009-02-01,2009-03-16,99.7298,True
INDPRO,2009-03-01,2009-04-15,97.3755,True
INDPRO,2009-04-01,2009-05-15,97.0723,True
INDPRO,2009-05-01,2009-06-16,95.8402,True
INDPRO,2009-06-01,2009-07-15,95.3964,True
INDPRO,2009-07-01,2009-08-14,95.9709,True
INDPRO,2009-08-01,2009-09-16,97.4422,True
INDPRO,2009-09-01,2009-10-16,98.4622,True
INDPRO,2009-10-01,2009-11-17,98.6271,True
INDPRO,2009-11-01,2009-12-15,99.4398,True
INDPRO,2009-12-01,2010-01-15,100.3043,True
INDPRO,2010-01-01,2010-02-17,101.0516,True
INDPRO,2010-02-01,2010-03-15,100.9862,True
INDPRO,2010-03-01,2010-04-15,101.61,True
INDPRO,2010-04-01,2010-05-14,102.2666,True
INDPRO,2010-05-01,2010-06-16,103.538,True
INDPRO,2010-06-01,2010-07-15,92.5354,True
INDPRO,2010-07-01,2010-08-17,93.4009,True
INDPRO,2010-08-01,2010-09-15,93.2093,True
INDPRO,2010-09-01,2010-10-18,93.1902,True
INDPRO,2010-10-01,2010-11-16,93.3753,True
INDPRO,2010-11-01,2010-12-15,93.8961,True
INDPRO,2010-12-01,2011-01-14,94.8756,True
INDPRO,2011-01-01,2011-02-16,95.1452,True
INDPRO,2011-02-01,2011-03-17,95.485,True
INDPRO,2011-03-01,2011-04-15,93.5904,True
INDPRO,2011-04-01,2011-05-17,93.097,True
INDPRO,2011-05-01,2011-06-15,92.9815,True
INDPRO,2011-06-01,2011-07-15,93.07,True
INDPRO,2011-07-01,2011-08-16,94.1525,True
INDPRO,2011-08-01,2011-09-15,94.0419,True
INDPRO,2011-09-01,2011-10-17,94.1851,True
INDPRO,2011-10-01,2011-11-16,94.7136,True
INDPRO,2011-11-01,2011-12-15,94.8263,True
INDPRO,2011-12-01,2012-01-18,95.2915,True
INDPRO,2012-01-01,2012-02-15,95.9054,True
INDPRO,2012-02-01,2012-03-16,96.1735,True
INDPRO,2012-03-01,2012-04-17,96.5685,True
INDPRO,2012-04-01,2012-05-16,97.4133,True
INDPRO,2012-05-01,2012-06-15,97.2853,True
INDPRO,2012-06-01,2012-07-17,97.4298,True
INDPRO,2012-07-01,2012-08-15,98.0398,True
INDPRO,2012-08-01,2012-09-14,96.8202,True
INDPRO,2012-09-01,2012-10-16,97.0328,True
INDPRO,2012-10-01,2012-11-16,96.5879,True
INDPRO,2012-11-01,2012-12-14,97.509,True
INDPRO,2012-12-01,2013-01-16,98.093,True
INDPRO,2013-01-01,2013-02-15,98.6212,True
INDPRO,2013-02-01,2013-03-15,99.4965,True
INDPRO,2013-03-01,2013-04-16,99.4765,True
INDPRO,2013-04-01,2013-05-15,98.7439,True
INDPRO,2013-05-01,2013-06-14,98.6709,True
INDPRO,2013-06-01,2013-07-16,99.0549,True
INDPRO,2013-07-01,2013-08-15,98.9462,True
INDPRO,2013-08-01,2013-09-16,99.3579,True
INDPRO,2013-09-01,2013-10-28,100.0439,True
INDPRO,2013-10-01,2013-11-15,99.9778,True
INDPRO,2013-11-01,2013-12-16,101.2825,True
INDPRO,2013-12-01,2014-01-17,101.7629,True
INDPRO,2014-01-01,2014-02-14,101.0251,True
INDPRO,2014-02-01,2014-03-17,101.6276,True
INDPRO,2014-03-01,2014-04-16,103.2374,True
INDPRO,2014-04-01,2014-05-15,102.7435,True
INDPRO,2014-05-01,2014-06-16,103.6585,True
INDPRO,2014-06-01,2014-07-16,103.9152,True
INDPRO,2014-07-01,2014-08-15,104.3882,True
INDPRO,2014-08-01,2014-09-15,104.1152,True
INDPRO,2014-09-01,2014-10-16,105.0728,True
INDPRO,2014-10-01,2014-11-17,104.8568,True
INDPRO,2014-11-01,2014-12-15,106.6617,True
INDPRO,2014-12-01,2015-01-16,106.5114,True
INDPRO,2015-01-01,2015-02-18,106.1878,True
INDPRO,2015-02-01,2015-03-16,105.8028,True
INDPRO,2015-03-01,2015-04-15,105.2161,True
INDPRO,2015-04-01,2015-05-15,105.1786,True
INDPRO,2015-05-01,2015-06-15,105.1018,True
INDPRO,2015-06-01,2015-07-15,105.7065,True
INDPRO,2015-07-01,2015-08-14,107.477,True
INDPRO,2015-08-01,2015-09-15,107.0793,True
INDPRO,2015-09-01,2015-10-16,107.0917,True
INDPRO,2015-10-01,2015-11-17,107.2123,True
INDPRO,2015-11-01,2015-12-16,106.5339,True
INDPRO,2015-12-01,2016-01-15,106.0222,True
INDPRO,2016-01-01,2016-02-17,106.8477,True
INDPRO,2016-02-01,2016-03-16,106.3275,True
INDPRO,2016-03-01,2016-04-15,103.3759,True
INDPRO,2016-04-01,2016-05-17,104.147,True
INDPRO,2016-05-01,2016-06-15,103.5527,True
INDPRO,2016-06-01,2016-07-15,104.1342,True
INDPRO,2016-07-01,2016-08-16,104.9141,True
INDPRO,2016-08-01,2016-09-15,104.4016,True
INDPRO,2016-09-01,2016-10-17,104.226,True
INDPRO,2016-10-01,2016-11-16,104.2687,True
INDPRO,2016-11-01,2016-12-14,103.8589,True
INDPRO,2016-12-01,2017-01-18,104.5712,True
INDPRO,2017-01-01,2017-02-15,104.5548,True
INDPRO,2017-02-01,2017-03-17,104.7361,True
INDPRO,2017-03-01,2017-04-18,104.0998,True
INDPRO,2017-04-01,2017-05-16,105.1241,True
INDPRO,2017-05-01,2017-06-15,105.0284,True
INDPRO,2017-06-01,2017-07-14,105.16,True
INDPRO,2017-07-01,2017-08-17,105.4757,True
INDPRO,2017-08-01,2017-09-15,104.739,True
INDPRO,2017-09-01,2017-10-17,104.6367,True
INDPRO,2017-10-01,2017-11-16,106.1469,True
INDPRO,2017-11-01,2017-12-15,106.3969,True
INDPRO,2017-12-01,2018-01-17,107.4637,True
INDPRO,2018-01-01,2018-02-15,107.2433,True
INDPRO,2018-02-01,2018-03-16,108.2189,True
INDPRO,2018-03-01,2018-04-17,107.1665,True
INDPRO,2018-04-01,2018-05-16,107.3051,True
INDPRO,2018-05-01,2018-06-15,107.3006,True
INDPRO,2018-06-01,2018-07-17,107.714,True
INDPRO,2018-07-01,2018-08-15,107.9989,True
INDPRO,2018-08-01,2018-09-14,108.2317,True
INDPRO,2018-09-01,2018-10-16,108.4822,True
INDPRO,2018-10-01,2018-11-16,109.0654,True
INDPRO,2018-11-01,2018-12-14,109.3931,True
INDPRO,2018-12-01,2019-01-18,109.9487,True
INDPRO,2019-01-01,2019-02-15,109.4447,True
INDPRO,2019-02-01,2019-03-15,109.6678,True
INDPRO,2019-03-01,2019-04-16,110.2214,True
INDPRO,2019-04-01,2019-05-15,109.1818,True
INDPRO,2019-05-01,2019-06-14,109.5645,True
INDPRO,2019-06-01,2019-07-16,109.5965,True
INDPRO,2019-07-01,2019-08-15,109.1756,True
INDPRO,2019-08-01,2019-09-17,109.9206,True
INDPRO,2019-09-01,2019-10-17,109.5174,True
INDPRO,2019-10-01,2019-11-15,108.6714,True
INDPRO,2019-11-01,2019-12-17,109.677,True
INDPRO,2019-12-01,2020-01-17,109.433,True
INDPRO,2020-01-01,2020-02-14,109.2026,True
INDPRO,2020-02-01,2020-03-17,109.6035,True
INDPRO,2020-03-01,2020-04-15,103.6635,True
INDPRO,2020-04-01,2020-05-15,92.5919,True
INDPRO,2020-05-01,2020-06-16,92.5503,True
INDPRO,2020-06-01,2020-07-15,97.4587,True
INDPRO,2020-07-01,2020-08-14,100.1665,True
INDPRO,2020-08-01,2020-09-15,101.3605,True
INDPRO,2020-09-01,2020-10-16,101.5055,True
INDPRO,2020-10-01,2020-11-17,103.2054,True
INDPRO,2020-11-01,2020-12-15,103.9818,True
INDPRO,2020-12-01,2021-01-15,105.7244,True
INDPRO,2021-01-01,2021-02-17,107.1843,True
INDPRO,2021-02-01,2021-03-16,104.6526,True
INDPRO,2021-03-01,2021-04-15,105.583,True
INDPRO,2021-04-01,2021-05-14,106.3127,True
INDPRO,2021-05-01,2021-06-15,99.8562,True
INDPRO,2021-06-01,2021-07-15,100.0951,True
INDPRO,2021-07-01,2021-08-17,101.1148,True
INDPRO,2021-08-01,2021-09-15,101.5949,True
INDPRO,2021-09-01,2021-10-18,100.0178,True
INDPRO,2021-10-01,2021-11-16,101.611,True
INDPRO,2021-11-01,2021-12-16,102.2852,True
INDPRO,2021-12-01,2022-01-14,101.8926,True
INDPRO,2022-01-01,2022-02-16,103.4677,True
INDPRO,2022-02-01,2022-03-17,103.5811,True
INDPRO,2022-03-01,2022-04-15,104.5853,True
INDPRO,2022-04-01,2022-05-17,105.5973,True
INDPRO,2022-05-01,2022-06-17,105.7475,True
INDPRO,2022-06-01,2022-07-15,104.3648,True
INDPRO,2022-07-01,2022-08-16,104.8075,True
INDPRO,2022-08-01,2022-09-15,104.5464,True
INDPRO,2022-09-01,2022-10-18,105.1762,True
INDPRO,2022-10-01,2022-11-16,104.6894,True
INDPRO,2022-11-01,2022-12-15,104.5175,True
INDPRO,2022-12-01,2023-01-18,103.4332,True
INDPRO,2023-01-01,2023-02-15,102.9525,True
INDPRO,2023-02-01,2023-03-17,102.646,True
INDPRO,2023-03-01,2023-04-14,103.0258,True
INDPRO,2023-04-01,2023-05-16,103.0398,True
INDPRO,2023-05-01,2023-06-15,103.0107,True
INDPRO,2023-06-01,2023-07-18,102.2468,True
INDPRO,2023-07-01,2023-08-16,102.8957,True
INDPRO,2023-08-01,2023-09-15,103.4886,True
INDPRO,2023-09-01,2023-10-17,103.6115,True
INDPRO,2023-10-01,2023-11-16,102.7081,True
INDPRO,2023-11-01,2023-12-15,102.6651,True
INDPRO,2023-12-01,2024-01-17,102.484,True
INDPRO,2024-01-01,2024-02-15,102.5739,True
INDPRO,2024-02-01,2024-03-15,102.3313,True
INDPRO,2024-03-01,2024-04-16,102.6577,True
INDPRO,2024-04-01,2024-05-16,102.7623,True
INDPRO,2024-05-01,2024-06-18,103.3284,True
INDPRO,2024-06-01,2024-07-17,103.9941,True
INDPRO,2024-07-01,2024-08-15,102.8887,True
INDPRO,2024-08-01,2024-09-17,103.1389,True
INDPRO,2024-09-01,2024-10-17,102.6418,True
INDPRO,2024-10-01,2024-11-15,102.2805,True
INDPRO,2024-11-01,2024-12-17,101.9621,True
INDPRO,2024-12-01,2025-01-17,103.1942,True
INDPRO,2025-01-01,2025-02-14,103.511,True
INDPRO,2025-02-01,2025-03-18,104.2062,True
INDPRO,2025-03-01,2025-04-16,103.8892,True
INDPRO,2025-04-01,2025-05-15,103.8799,True
INDPRO,2025-05-01,2025-06-17,103.5948,True
INDPRO,2025-06-01,2025-07-16,104.0071,True
INDPRO,2025-07-01,2025-08-15,103.9867,True
INDPRO,2025-08-01,2025-09-16,103.9203,True
INDPRO,2025-09-01,2025-12-03,101.4279,True
INDPRO,2025-10-01,2025-12-23,101.616,True
INDPRO,2025-11-01,2025-12-23,101.7935,True
INDPRO,2025-12-01,2026-01-16,102.325,True
INDPRO,2026-01-01,2026-02-18,102.3412,True
INDPRO,2026-02-01,2026-03-16,102.551,True
INDPRO,2026-03-01,2026-04-16,101.7898,True
INDPRO,2026-04-01,2026-05-15,102.4963,True
INDPRO,2026-05-01,2026-06-15,102.6475,True
INDPRO,2026-06-01,2026-07-17,102.6395,True
ISM_PMI,1969-12-01,1970-01-01,52.0,True
ISM_PMI,1970-01-01,1970-02-01,48.7,True
ISM_PMI,1970-02-01,1970-03-01,47.4,True
ISM_PMI,1970-03-01,1970-04-01,46.9,True
ISM_PMI,1970-04-01,1970-05-01,45.0,True
ISM_PMI,1970-05-01,1970-06-01,47.2,True
ISM_PMI,1970-06-01,1970-07-01,51.1,True
ISM_PMI,1970-07-01,1970-08-01,49.5,True
ISM_PMI,1970-08-01,1970-09-01,47.3,True
ISM_PMI,1970-09-01,1970-10-01,44.1,True
ISM_PMI,1970-10-01,1970-11-01,42.4,True
ISM_PMI,1970-11-01,1970-12-01,39.7,True
ISM_PMI,1970-12-01,1971-01-01,45.4,True
ISM_PMI,1971-01-01,1971-02-01,47.9,True
ISM_PMI,1971-02-01,1971-03-01,54.8,True
ISM_PMI,1971-03-01,1971-04-01,51.2,True
ISM_PMI,1971-04-01,1971-05-01,54.5,True
ISM_PMI,1971-05-01,1971-06-01,54.2,True
ISM_PMI,1971-06-01,1971-07-01,53.8,True
ISM_PMI,1971-07-01,1971-08-01,54.4,True
ISM_PMI,1971-08-01,1971-09-01,53.6,True
ISM_PMI,1971-09-01,1971-10-01,55.1,True
ISM_PMI,1971-10-01,1971-11-01,55.0,True
ISM_PMI,1971-11-01,1971-12-01,52.3,True
ISM_PMI,1971-12-01,1972-01-01,57.6,True
ISM_PMI,1972-01-01,1972-02-01,59.6,True
ISM_PMI,1972-02-01,1972-03-01,60.6,True
ISM_PMI,1972-03-01,1972-04-01,59.8,True
ISM_PMI,1972-04-01,1972-05-01,59.3,True
ISM_PMI,1972-05-01,1972-06-01,61.4,True
ISM_PMI,1972-06-01,1972-07-01,58.6,True
ISM_PMI,1972-07-01,1972-08-01,60.1,True
ISM_PMI,1972-08-01,1972-09-01,61.7,True
ISM_PMI,1972-09-01,1972-10-01,65.1,True
ISM_PMI,1972-10-01,1972-11-01,67.0,True
ISM_PMI,1972-11-01,1972-12-01,69.9,True
ISM_PMI,1972-12-01,1973-01-01,70.5,True
ISM_PMI,1973-01-01,1973-02-01,72.1,True
ISM_PMI,1973-02-01,1973-03-01,69.6,True
ISM_PMI,1973-03-01,1973-04-01,69.6,True
ISM_PMI,1973-04-01,1973-05-01,67.7,True
ISM_PMI,1973-05-01,1973-06-01,64.8,True
ISM_PMI,1973-06-01,1973-07-01,65.0,True
ISM_PMI,1973-07-01,1973-08-01,57.8,True
ISM_PMI,1973-08-01,1973-09-01,62.7,True
ISM_PMI,1973-09-01,1973-10-01,63.5,True
ISM_PMI,1973-10-01,1973-11-01,66.2,True
ISM_PMI,1973-11-01,1973-12-01,68.1,True
ISM_PMI,1973-12-01,1974-01-01,63.6,True
ISM_PMI,1974-01-01,1974-02-01,62.1,True
ISM_PMI,1974-02-01,1974-03-01,58.6,True
ISM_PMI,1974-03-01,1974-04-01,61.8,True
ISM_PMI,1974-04-01,1974-05-01,59.9,True
ISM_PMI,1974-05-01,1974-06-01,55.7,True
ISM_PMI,1974-06-01,1974-07-01,54.7,True
ISM_PMI,1974-07-01,1974-08-01,54.8,True
ISM_PMI,1974-08-01,1974-09-01,52.9,True
ISM_PMI,1974-09-01,1974-10-01,46.2,True
ISM_PMI,1974-10-01,1974-11-01,42.7,True
ISM_PMI,1974-11-01,1974-12-01,37.9,True
ISM_PMI,1974-12-01,1975-01-01,30.9,True
ISM_PMI,1975-01-01,1975-02-01,30.7,True
ISM_PMI,1975-02-01,1975-03-01,34.4,True
ISM_PMI,1975-03-01,1975-04-01,31.6,True
ISM_PMI,1975-04-01,1975-05-01,37.5,True
ISM_PMI,1975-05-01,1975-06-01,41.2,True
ISM_PMI,1975-06-01,1975-07-01,45.1,True
ISM_PMI,1975-07-01,1975-08-01,47.2,True
ISM_PMI,1975-08-01,1975-09-01,51.4,True
ISM_PMI,1975-09-01,1975-10-01,54.4,True
ISM_PMI,1975-10-01,1975-11-01,55.5,True
ISM_PMI,1975-11-01,1975-12-01,54.5,True
ISM_PMI,1975-12-01,1976-01-01,54.9,True
ISM_PMI,1976-01-01,1976-02-01,58.8,True
ISM_PMI,1976-02-01,1976-03-01,61.5,True
ISM_PMI,1976-03-01,1976-04-01,58.4,True
ISM_PMI,1976-04-01,1976-05-01,60.6,True
ISM_PMI,1976-05-01,1976-06-01,58.8,True
ISM_PMI,1976-06-01,1976-07-01,58.2,True
ISM_PMI,1976-07-01,1976-08-01,55.9,True
ISM_PMI,1976-08-01,1976-09-01,54.5,True
ISM_PMI,1976-09-01,1976-10-01,53.6,True
ISM_PMI,1976-10-01,1976-11-01,53.5,True
ISM_PMI,1976-11-01,1976-12-01,51.7,True
ISM_PMI,1976-12-01,1977-01-01,56.6,True
ISM_PMI,1977-01-01,1977-02-01,54.8,True
ISM_PMI,1977-02-01,1977-03-01,55.0,True
ISM_PMI,1977-03-01,1977-04-01,58.4,True
ISM_PMI,1977-04-01,1977-05-01,56.9,True
ISM_PMI,1977-05-01,1977-06-01,59.7,True
ISM_PMI,1977-06-01,1977-07-01,56.8,True
ISM_PMI,1977-07-01,1977-08-01,57.7,True
ISM_PMI,1977-08-01,1977-09-01,54.9,True
ISM_PMI,1977-09-01,1977-10-01,53.9,True
ISM_PMI,1977-10-01,1977-11-01,55.4,True
ISM_PMI,1977-11-01,1977-12-01,56.1,True
ISM_PMI,1977-12-01,1978-01-01,59.8,True
ISM_PMI,1978-01-01,1978-02-01,57.4,True
ISM_PMI,1978-02-01,1978-03-01,55.9,True
ISM_PMI,1978-03-01,1978-04-01,55.0,True
ISM_PMI,1978-04-01,1978-05-01,57.7,True
ISM_PMI,1978-05-01,1978-06-01,60.2,True
ISM_PMI,1978-06-01,1978-07-01,60.5,True
ISM_PMI,1978-07-01,1978-08-01,62.2,True
ISM_PMI,1978-08-01,1978-09-01,60.3,True
ISM_PMI,1978-09-01,1978-10-01,60.5,True
ISM_PMI,1978-10-01,1978-11-01,60.1,True
ISM_PMI,1978-11-01,1978-12-01,61.3,True
ISM_PMI,1978-12-01,1979-01-01,59.4,True
ISM_PMI,1979-01-01,1979-02-01,58.5,True
ISM_PMI,1979-02-01,1979-03-01,58.2,True
ISM_PMI,1979-03-01,1979-04-01,57.7,True
ISM_PMI,1979-04-01,1979-05-01,56.2,True
ISM_PMI,1979-05-01,1979-06-01,54.4,True
ISM_PMI,1979-06-01,1979-07-01,52.7,True
ISM_PMI,1979-07-01,1979-08-01,51.3,True
ISM_PMI,1979-08-01,1979-09-01,49.5,True
ISM_PMI,1979-09-01,1979-10-01,49.6,True
ISM_PMI,1979-10-01,1979-11-01,49.0,True
ISM_PMI,1979-11-01,1979-12-01,48.0,True
ISM_PMI,1979-12-01,1980-01-01,44.8,True
ISM_PMI,1980-01-01,1980-02-01,46.2,True
ISM_PMI,1980-02-01,1980-03-01,50.2,True
ISM_PMI,1980-03-01,1980-04-01,43.6,True
ISM_PMI,1980-04-01,1980-05-01,37.4,True
ISM_PMI,1980-05-01,1980-06-01,29.4,True
ISM_PMI,1980-06-01,1980-07-01,30.3,True
ISM_PMI,1980-07-01,1980-08-01,35.0,True
ISM_PMI,1980-08-01,1980-09-01,45.5,True
ISM_PMI,1980-09-01,1980-10-01,50.1,True
ISM_PMI,1980-10-01,1980-11-01,55.5,True
ISM_PMI,1980-11-01,1980-12-01,58.2,True
ISM_PMI,1980-12-01,1981-01-01,53.0,True
ISM_PMI,1981-01-01,1981-02-01,49.2,True
ISM_PMI,1981-02-01,1981-03-01,48.8,True
ISM_PMI,1981-03-01,1981-04-01,49.6,True
ISM_PMI,1981-04-01,1981-05-01,51.6,True
ISM_PMI,1981-05-01,1981-06-01,53.5,True
ISM_PMI,1981-06-01,1981-07-01,50.7,True
ISM_PMI,1981-07-01,1981-08-01,46.7,True
ISM_PMI,1981-08-01,1981-09-01,48.3,True
ISM_PMI,1981-09-01,1981-10-01,42.5,True
ISM_PMI,1981-10-01,1981-11-01,40.0,True
ISM_PMI,1981-11-01,1981-12-01,36.1,True
ISM_PMI,1981-12-01,1982-01-01,37.8,True
ISM_PMI,1982-01-01,1982-02-01,38.2,True
ISM_PMI,1982-02-01,1982-03-01,38.3,True
ISM_PMI,1982-03-01,1982-04-01,36.8,True
ISM_PMI,1982-04-01,1982-05-01,37.8,True
ISM_PMI,1982-05-01,1982-06-01,35.5,True
ISM_PMI,1982-06-01,1982-07-01,38.3,True
ISM_PMI,1982-07-01,1982-08-01,38.4,True
ISM_PMI,1982-08-01,1982-09-01,38.3,True
ISM_PMI,1982-09-01,1982-10-01,38.8,True
ISM_PMI,1982-10-01,1982-11-01,39.4,True
ISM_PMI,1982-11-01,1982-12-01,39.2,True
ISM_PMI,1982-12-01,1983-01-01,42.8,True
ISM_PMI,1983-01-01,1983-02-01,46.0,True
ISM_PMI,1983-02-01,1983-03-01,54.4,True
ISM_PMI,1983-03-01,1983-04-01,53.9,True
ISM_PMI,1983-04-01,1983-05-01,54.2,True
ISM_PMI,1983-05-01,1983-06-01,56.1,True
ISM_PMI,1983-06-01,1983-07-01,57.5,True
ISM_PMI,1983-07-01,1983-08-01,63.6,True
ISM_PMI,1983-08-01,1983-09-01,63.1,True
ISM_PMI,1983-09-01,1983-10-01,62.5,True
ISM_PMI,1983-10-01,1983-11-01,64.4,True
ISM_PMI,1983-11-01,1983-12-01,66.0,True
ISM_PMI,1983-12-01,1984-01-01,69.9,True
ISM_PMI,1984-01-01,1984-02-01,60.5,True
ISM_PMI,1984-02-01,1984-03-01,61.3,True
ISM_PMI,1984-03-01,1984-04-01,58.9,True
ISM_PMI,1984-04-01,1984-05-01,61.0,True
ISM_PMI,1984-05-01,1984-06-01,58.6,True
ISM_PMI,1984-06-01,1984-07-01,58.1,True
ISM_PMI,1984-07-01,1984-08-01,56.1,True
ISM_PMI,1984-08-01,1984-09-01,53.0,True
ISM_PMI,1984-09-01,1984-10-01,50.0,True
ISM_PMI,1984-10-01,1984-11-01,50.8,True
ISM_PMI,1984-11-01,1984-12-01,50.3,True
ISM_PMI,1984-12-01,1985-01-01,50.6,True
ISM_PMI,1985-01-01,1985-02-01,50.3,True
ISM_PMI,1985-02-01,1985-03-01,49.9,True
ISM_PMI,1985-03-01,1985-04-01,47.8,True
ISM_PMI,1985-04-01,1985-05-01,48.2,True
ISM_PMI,1985-05-01,1985-06-01,47.1,True
ISM_PMI,1985-06-01,1985-07-01,47.8,True
ISM_PMI,1985-07-01,1985-08-01,47.9,True
ISM_PMI,1985-08-01,1985-09-01,47.7,True
ISM_PMI,1985-09-01,1985-10-01,49.9,True
ISM_PMI,1985-10-01,1985-11-01,50.9,True
ISM_PMI,1985-11-01,1985-12-01,52.0,True
ISM_PMI,1985-12-01,1986-01-01,50.7,True
ISM_PMI,1986-01-01,1986-02-01,51.2,True
ISM_PMI,1986-02-01,1986-03-01,51.0,True
ISM_PMI,1986-03-01,1986-04-01,51.0,True
ISM_PMI,1986-04-01,1986-05-01,49.7,True
ISM_PMI,1986-05-01,1986-06-01,53.4,True
ISM_PMI,1986-06-01,1986-07-01,50.5,True
ISM_PMI,1986-07-01,1986-08-01,48.0,True
ISM_PMI,1986-08-01,1986-09-01,52.6,True
ISM_PMI,1986-09-01,1986-10-01,52.4,True
ISM_PMI,1986-10-01,1986-11-01,51.2,True
ISM_PMI,1986-11-01,1986-12-01,51.2,True
ISM_PMI,1986-12-01,1987-01-01,50.5,True
ISM_PMI,1987-01-01,1987-02-01,54.9,True
ISM_PMI,1987-02-01,1987-03-01,52.6,True
ISM_PMI,1987-03-01,1987-04-01,55.0,True
ISM_PMI,1987-04-01,1987-05-01,55.5,True
ISM_PMI,1987-05-01,1987-06-01,57.2,True
ISM_PMI,1987-06-01,1987-07-01,57.4,True
ISM_PMI,1987-07-01,1987-08-01,57.5,True
ISM_PMI,1987-08-01,1987-09-01,59.3,True
ISM_PMI,1987-09-01,1987-10-01,60.0,True
ISM_PMI,1987-10-01,1987-11-01,60.7,True
ISM_PMI,1987-11-01,1987-12-01,58.8,True
ISM_PMI,1987-12-01,1988-01-01,61.0,True
ISM_PMI,1988-01-01,1988-02-01,57.5,True
ISM_PMI,1988-02-01,1988-03-01,56.2,True
ISM_PMI,1988-03-01,1988-04-01,54.6,True
ISM_PMI,1988-04-01,1988-05-01,55.8,True
ISM_PMI,1988-05-01,1988-06-01,55.5,True
ISM_PMI,1988-06-01,1988-07-01,59.3,True
ISM_PMI,1988-07-01,1988-08-01,58.2,True
ISM_PMI,1988-08-01,1988-09-01,56.0,True
ISM_PMI,1988-09-01,1988-10-01,54.5,True
ISM_PMI,1988-10-01,1988-11-01,55.4,True
ISM_PMI,1988-11-01,1988-12-01,55.6,True
ISM_PMI,1988-12-01,1989-01-01,56.0,True
ISM_PMI,1989-01-01,1989-02-01,54.7,True
ISM_PMI,1989-02-01,1989-03-01,54.1,True
ISM_PMI,1989-03-01,1989-04-01,51.5,True
ISM_PMI,1989-04-01,1989-05-01,52.2,True
ISM_PMI,1989-05-01,1989-06-01,49.3,True
ISM_PMI,1989-06-01,1989-07-01,47.3,True
ISM_PMI,1989-07-01,1989-08-01,45.9,True
ISM_PMI,1989-08-01,1989-09-01,45.1,True
ISM_PMI,1989-09-01,1989-10-01,46.0,True
ISM_PMI,1989-10-01,1989-11-01,46.8,True
ISM_PMI,1989-11-01,1989-12-01,46.8,True
ISM_PMI,1989-12-01,1990-01-01,47.4,True
ISM_PMI,1990-01-01,1990-02-01,47.2,True
ISM_PMI,1990-02-01,1990-03-01,49.1,True
ISM_PMI,1990-03-01,1990-04-01,49.9,True
ISM_PMI,1990-04-01,1990-05-01,50.0,True
ISM_PMI,1990-05-01,1990-06-01,49.5,True
ISM_PMI,1990-06-01,1990-07-01,49.2,True
ISM_PMI,1990-07-01,1990-08-01,46.6,True
ISM_PMI,1990-08-01,1990-09-01,46.1,True
ISM_PMI,1990-09-01,1990-10-01,44.5,True
ISM_PMI,1990-10-01,1990-11-01,43.2,True
ISM_PMI,1990-11-01,1990-12-01,41.3,True
ISM_PMI,1990-12-01,1991-01-01,40.8,True
ISM_PMI,1991-01-01,1991-02-01,39.2,True
ISM_PMI,1991-02-01,1991-03-01,39.4,True
ISM_PMI,1991-03-01,1991-04-01,40.7,True
ISM_PMI,1991-04-01,1991-05-01,42.8,True
ISM_PMI,1991-05-01,1991-06-01,44.5,True
ISM_PMI,1991-06-01,1991-07-01,50.3,True
ISM_PMI,1991-07-01,1991-08-01,50.6,True
ISM_PMI,1991-08-01,1991-09-01,52.9,True
ISM_PMI,1991-09-01,1991-10-01,54.9,True
ISM_PMI,1991-10-01,1991-11-01,53.1,True
ISM_PMI,1991-11-01,1991-12-01,49.5,True
ISM_PMI,1991-12-01,1992-01-01,46.8,True
ISM_PMI,1992-01-01,1992-02-01,47.3,True
ISM_PMI,1992-02-01,1992-03-01,52.7,True
ISM_PMI,1992-03-01,1992-04-01,54.6,True
ISM_PMI,1992-04-01,1992-05-01,52.6,True
ISM_PMI,1992-05-01,1992-06-01,55.7,True
ISM_PMI,1992-06-01,1992-07-01,53.6,True
ISM_PMI,1992-07-01,1992-08-01,53.9,True
ISM_PMI,1992-08-01,1992-09-01,53.4,True
ISM_PMI,1992-09-01,1992-10-01,49.7,True
ISM_PMI,1992-10-01,1992-11-01,50.3,True
ISM_PMI,1992-11-01,1992-12-01,53.6,True
ISM_PMI,1992-12-01,1993-01-01,54.2,True
ISM_PMI,1993-01-01,1993-02-01,55.8,True
ISM_PMI,1993-02-01,1993-03-01,55.2,True
ISM_PMI,1993-03-01,1993-04-01,53.5,True
ISM_PMI,1993-04-01,1993-05-01,50.2,True
ISM_PMI,1993-05-01,1993-06-01,51.2,True
ISM_PMI,1993-06-01,1993-07-01,49.6,True
ISM_PMI,1993-07-01,1993-08-01,50.2,True
ISM_PMI,1993-08-01,1993-09-01,50.7,True
ISM_PMI,1993-09-01,1993-10-01,50.8,True
ISM_PMI,1993-10-01,1993-11-01,53.4,True
ISM_PMI,1993-11-01,1993-12-01,53.8,True
ISM_PMI,1993-12-01,1994-01-01,55.6,True
ISM_PMI,1994-01-01,1994-02-01,56.0,True
ISM_PMI,1994-02-01,1994-03-01,56.5,True
ISM_PMI,1994-03-01,1994-04-01,56.9,True
ISM_PMI,1994-04-01,1994-05-01,57.4,True
ISM_PMI,1994-05-01,1994-06-01,58.2,True
ISM_PMI,1994-06-01,1994-07-01,58.8,True
ISM_PMI,1994-07-01,1994-08-01,58.5,True
ISM_PMI,1994-08-01,1994-09-01,58.0,True
ISM_PMI,1994-09-01,1994-10-01,59.0,True
ISM_PMI,1994-10-01,1994-11-01,59.4,True
ISM_PMI,1994-11-01,1994-12-01,59.2,True
ISM_PMI,1994-12-01,1995-01-01,56.1,True
ISM_PMI,1995-01-01,1995-02-01,57.4,True
ISM_PMI,1995-02-01,1995-03-01,55.1,True
ISM_PMI,1995-03-01,1995-04-01,52.1,True
ISM_PMI,1995-04-01,1995-05-01,51.5,True
ISM_PMI,1995-05-01,1995-06-01,46.7,True
ISM_PMI,1995-06-01,1995-07-01,45.9,True
ISM_PMI,1995-07-01,1995-08-01,50.7,True
ISM_PMI,1995-08-01,1995-09-01,47.1,True
ISM_PMI,1995-09-01,1995-10-01,48.1,True
ISM_PMI,1995-10-01,1995-11-01,46.7,True
ISM_PMI,1995-11-01,1995-12-01,45.9,True
ISM_PMI,1995-12-01,1996-01-01,46.2,True
ISM_PMI,1996-01-01,1996-02-01,45.5,True
ISM_PMI,1996-02-01,1996-03-01,45.9,True
ISM_PMI,1996-03-01,1996-04-01,46.9,True
ISM_PMI,1996-04-01,1996-05-01,49.3,True
ISM_PMI,1996-05-01,1996-06-01,49.1,True
ISM_PMI,1996-06-01,1996-07-01,53.6,True
ISM_PMI,1996-07-01,1996-08-01,49.7,True
ISM_PMI,1996-08-01,1996-09-01,51.6,True
ISM_PMI,1996-09-01,1996-10-01,51.1,True
ISM_PMI,1996-10-01,1996-11-01,50.5,True
ISM_PMI,1996-11-01,1996-12-01,53.0,True
ISM_PMI,1996-12-01,1997-01-01,55.2,True
ISM_PMI,1997-01-01,1997-02-01,53.8,True
ISM_PMI,1997-02-01,1997-03-01,53.1,True
ISM_PMI,1997-03-01,1997-04-01,53.8,True
ISM_PMI,1997-04-01,1997-05-01,53.7,True
ISM_PMI,1997-05-01,1997-06-01,56.1,True
ISM_PMI,1997-06-01,1997-07-01,54.9,True
ISM_PMI,1997-07-01,1997-08-01,57.7,True
ISM_PMI,1997-08-01,1997-09-01,56.3,True
ISM_PMI,1997-09-01,1997-10-01,53.9,True
ISM_PMI,1997-10-01,1997-11-01,56.4,True
ISM_PMI,1997-11-01,1997-12-01,55.7,True
ISM_PMI,1997-12-01,1998-01-01,54.5,True
ISM_PMI,1998-01-01,1998-02-01,53.8,True
ISM_PMI,1998-02-01,1998-03-01,52.9,True
ISM_PMI,1998-03-01,1998-04-01,52.9,True
ISM_PMI,1998-04-01,1998-05-01,52.2,True
ISM_PMI,1998-05-01,1998-06-01,50.9,True
ISM_PMI,1998-06-01,1998-07-01,48.9,True
ISM_PMI,1998-07-01,1998-08-01,49.2,True
ISM_PMI,1998-08-01,1998-09-01,49.3,True
ISM_PMI,1998-09-01,1998-10-01,48.7,True
ISM_PMI,1998-10-01,1998-11-01,48.7,True
ISM_PMI,1998-11-01,1998-12-01,48.2,True
ISM_PMI,1998-12-01,1999-01-01,46.8,True
ISM_PMI,1999-01-01,1999-02-01,50.6,True
ISM_PMI,1999-02-01,1999-03-01,51.7,True
ISM_PMI,1999-03-01,1999-04-01,52.4,True
ISM_PMI,1999-04-01,1999-05-01,52.3,True
ISM_PMI,1999-05-01,1999-06-01,54.3,True
ISM_PMI,1999-06-01,1999-07-01,55.8,True
ISM_PMI,1999-07-01,1999-08-01,53.6,True
ISM_PMI,1999-08-01,1999-09-01,54.8,True
ISM_PMI,1999-09-01,1999-10-01,57.0,True
ISM_PMI,1999-10-01,1999-11-01,57.2,True
ISM_PMI,1999-11-01,1999-12-01,58.1,True
ISM_PMI,1999-12-01,2000-01-01,57.8,True
ISM_PMI,2000-01-01,2000-02-01,56.7,True
ISM_PMI,2000-02-01,2000-03-01,55.8,True
ISM_PMI,2000-03-01,2000-04-01,54.9,True
ISM_PMI,2000-04-01,2000-05-01,54.7,True
ISM_PMI,2000-05-01,2000-06-01,53.2,True
ISM_PMI,2000-06-01,2000-07-01,51.4,True
ISM_PMI,2000-07-01,2000-08-01,52.5,True
ISM_PMI,2000-08-01,2000-09-01,49.9,True
ISM_PMI,2000-09-01,2000-10-01,49.7,True
ISM_PMI,2000-10-01,2000-11-01,48.7,True
ISM_PMI,2000-11-01,2000-12-01,48.5,True
ISM_PMI,2000-12-01,2001-01-01,43.9,True
ISM_PMI,2001-01-01,2001-02-01,42.3,True
ISM_PMI,2001-02-01,2001-03-01,42.1,True
ISM_PMI,2001-03-01,2001-04-01,43.1,True
ISM_PMI,2001-04-01,2001-05-01,42.7,True
ISM_PMI,2001-05-01,2001-06-01,41.3,True
ISM_PMI,2001-06-01,2001-07-01,43.2,True
ISM_PMI,2001-07-01,2001-08-01,43.5,True
ISM_PMI,2001-08-01,2001-09-01,46.3,True
ISM_PMI,2001-09-01,2001-10-01,46.2,True
ISM_PMI,2001-10-01,2001-11-01,40.8,True
ISM_PMI,2001-11-01,2001-12-01,44.1,True
ISM_PMI,2001-12-01,2002-01-01,45.3,True
ISM_PMI,2002-01-01,2002-02-01,47.5,True
ISM_PMI,2002-02-01,2002-03-01,50.7,True
ISM_PMI,2002-03-01,2002-04-01,52.4,True
ISM_PMI,2002-04-01,2002-05-01,52.4,True
ISM_PMI,2002-05-01,2002-06-01,53.1,True
ISM_PMI,2002-06-01,2002-07-01,53.6,True
ISM_PMI,2002-07-01,2002-08-01,50.2,True
ISM_PMI,2002-08-01,2002-09-01,50.3,True
ISM_PMI,2002-09-01,2002-10-01,50.5,True
ISM_PMI,2002-10-01,2002-11-01,49.0,True
ISM_PMI,2002-11-01,2002-12-01,48.5,True
ISM_PMI,2002-12-01,2003-01-01,51.6,True
ISM_PMI,2003-01-01,2003-02-01,51.3,True
ISM_PMI,2003-02-01,2003-03-01,48.8,True
ISM_PMI,2003-03-01,2003-04-01,46.3,True
ISM_PMI,2003-04-01,2003-05-01,46.1,True
ISM_PMI,2003-05-01,2003-06-01,49.0,True
ISM_PMI,2003-06-01,2003-07-01,49.0,True
ISM_PMI,2003-07-01,2003-08-01,51.0,True
ISM_PMI,2003-08-01,2003-09-01,53.2,True
ISM_PMI,2003-09-01,2003-10-01,52.4,True
ISM_PMI,2003-10-01,2003-11-01,55.2,True
ISM_PMI,2003-11-01,2003-12-01,58.4,True
ISM_PMI,2003-12-01,2004-01-01,60.1,True
ISM_PMI,2004-01-01,2004-02-01,60.8,True
ISM_PMI,2004-02-01,2004-03-01,59.9,True
ISM_PMI,2004-03-01,2004-04-01,60.6,True
ISM_PMI,2004-04-01,2004-05-01,60.6,True
ISM_PMI,2004-05-01,2004-06-01,61.4,True
ISM_PMI,2004-06-01,2004-07-01,60.5,True
ISM_PMI,2004-07-01,2004-08-01,59.9,True
ISM_PMI,2004-08-01,2004-09-01,58.5,True
ISM_PMI,2004-09-01,2004-10-01,57.4,True
ISM_PMI,2004-10-01,2004-11-01,56.3,True
ISM_PMI,2004-11-01,2004-12-01,56.2,True
ISM_PMI,2004-12-01,2005-01-01,57.2,True
ISM_PMI,2005-01-01,2005-02-01,56.8,True
ISM_PMI,2005-02-01,2005-03-01,55.5,True
ISM_PMI,2005-03-01,2005-04-01,55.2,True
ISM_PMI,2005-04-01,2005-05-01,52.2,True
ISM_PMI,2005-05-01,2005-06-01,50.8,True
ISM_PMI,2005-06-01,2005-07-01,52.4,True
ISM_PMI,2005-07-01,2005-08-01,52.8,True
ISM_PMI,2005-08-01,2005-09-01,52.4,True
ISM_PMI,2005-09-01,2005-10-01,56.8,True
ISM_PMI,2005-10-01,2005-11-01,57.2,True
ISM_PMI,2005-11-01,2005-12-01,56.7,True
ISM_PMI,2005-12-01,2006-01-01,55.1,True
ISM_PMI,2006-01-01,2006-02-01,55.0,True
ISM_PMI,2006-02-01,2006-03-01,55.8,True
ISM_PMI,2006-03-01,2006-04-01,54.3,True
ISM_PMI,2006-04-01,2006-05-01,55.2,True
ISM_PMI,2006-05-01,2006-06-01,53.7,True
ISM_PMI,2006-06-01,2006-07-01,52.0,True
ISM_PMI,2006-07-01,2006-08-01,53.0,True
ISM_PMI,2006-08-01,2006-09-01,53.7,True
ISM_PMI,2006-09-01,2006-10-01,52.2,True
ISM_PMI,2006-10-01,2006-11-01,51.4,True
ISM_PMI,2006-11-01,2006-12-01,50.3,True
ISM_PMI,2006-12-01,2007-01-01,51.4,True
ISM_PMI,2007-01-01,2007-02-01,49.5,True
ISM_PMI,2007-02-01,2007-03-01,51.9,True
ISM_PMI,2007-03-01,2007-04-01,50.7,True
ISM_PMI,2007-04-01,2007-05-01,52.6,True
ISM_PMI,2007-05-01,2007-06-01,52.5,True
ISM_PMI,2007-06-01,2007-07-01,52.6,True
ISM_PMI,2007-07-01,2007-08-01,52.4,True
ISM_PMI,2007-08-01,2007-09-01,50.9,True
ISM_PMI,2007-09-01,2007-10-01,51.0,True
ISM_PMI,2007-10-01,2007-11-01,51.1,True
ISM_PMI,2007-11-01,2007-12-01,50.5,True
ISM_PMI,2007-12-01,2008-01-01,49.0,True
ISM_PMI,2008-01-01,2008-02-01,50.7,True
ISM_PMI,2008-02-01,2008-03-03,48.3,True
ISM_PMI,2008-03-01,2008-04-01,48.6,True
ISM_PMI,2008-04-01,2008-05-01,48.6,True
ISM_PMI,2008-05-01,2008-06-02,49.6,True
ISM_PMI,2008-06-01,2008-07-01,50.2,True
ISM_PMI,2008-07-01,2008-08-01,50.0,True
ISM_PMI,2008-08-01,2008-09-02,49.9,True
ISM_PMI,2008-09-01,2008-10-01,43.5,True
ISM_PMI,2008-10-01,2008-11-03,38.9,True
ISM_PMI,2008-11-01,2008-12-01,36.2,True
ISM_PMI,2008-12-01,2009-01-02,32.9,True
ISM_PMI,2009-01-01,2009-02-02,35.6,True
ISM_PMI,2009-02-01,2009-03-02,35.8,True
ISM_PMI,2009-03-01,2009-04-01,36.3,True
ISM_PMI,2009-04-01,2009-05-01,40.1,True
ISM_PMI,2009-05-01,2009-06-01,42.8,True
ISM_PMI,2009-06-01,2009-07-01,44.8,True
ISM_PMI,2009-07-01,2009-08-03,48.9,True
ISM_PMI,2009-08-01,2009-09-01,52.9,True
ISM_PMI,2009-09-01,2009-10-01,52.6,True
ISM_PMI,2009-10-01,2009-11-02,55.7,True
ISM_PMI,2009-11-01,2009-12-01,53.6,True
ISM_PMI,2009-12-01,2010-01-04,54.9,True
ISM_PMI,2010-01-01,2010-02-01,58.4,True
ISM_PMI,2010-02-01,2010-03-01,56.5,True
ISM_PMI,2010-03-01,2010-04-01,59.6,True
ISM_PMI,2010-04-01,2010-05-03,60.4,True
ISM_PMI,2010-05-01,2010-06-01,59.7,True
ISM_PMI,2010-06-01,2010-07-01,56.2,True
ISM_PMI,2010-07-01,2010-08-02,55.5,True
ISM_PMI,2010-08-01,2010-09-01,56.3,True
ISM_PMI,2010-09-01,2010-10-01,54.4,True
ISM_PMI,2010-10-01,2010-11-01,56.9,True
ISM_PMI,2010-11-01,2010-12-01,56.6,True
ISM_PMI,2010-12-01,2011-01-03,58.5,True
ISM_PMI,2011-01-01,2011-02-01,60.8,True
ISM_PMI,2011-02-01,2011-03-01,61.4,True
ISM_PMI,2011-03-01,2011-04-01,61.2,True
ISM_PMI,2011-04-01,2011-05-02,60.4,True
ISM_PMI,2011-05-01,2011-06-01,53.5,True
ISM_PMI,2011-06-01,2011-07-01,55.3,True
ISM_PMI,2011-07-01,2011-08-01,50.9,True
ISM_PMI,2011-08-01,2011-09-01,50.6,True
ISM_PMI,2011-09-01,2011-10-03,51.6,True
ISM_PMI,2011-10-01,2011-11-01,50.8,True
ISM_PMI,2011-11-01,2011-12-01,52.7,True
ISM_PMI,2011-12-01,2012-01-03,53.9,True
ISM_PMI,2012-01-01,2012-02-01,54.1,True
ISM_PMI,2012-02-01,2012-03-01,52.4,True
ISM_PMI,2012-03-01,2012-04-02,53.4,True
ISM_PMI,2012-04-01,2012-05-01,54.8,True
ISM_PMI,2012-05-01,2012-06-01,53.5,True
ISM_PMI,2012-06-01,2012-07-02,49.7,True
ISM_PMI,2012-07-01,2012-08-01,49.8,True
ISM_PMI,2012-08-01,2012-09-04,49.6,True
ISM_PMI,2012-09-01,2012-10-01,51.5,True
ISM_PMI,2012-10-01,2012-11-01,51.7,True
ISM_PMI,2012-11-01,2012-12-03,49.5,True
ISM_PMI,2012-12-01,2013-01-02,50.2,True
ISM_PMI,2013-01-01,2013-02-01,53.1,True
ISM_PMI,2013-02-01,2013-03-01,54.2,True
ISM_PMI,2013-03-01,2013-04-01,51.3,True
ISM_PMI,2013-04-01,2013-05-01,50.7,True
ISM_PMI,2013-05-01,2013-06-03,49.0,True
ISM_PMI,2013-06-01,2013-07-01,50.9,True
ISM_PMI,2013-07-01,2013-08-01,55.4,True
ISM_PMI,2013-08-01,2013-09-03,55.7,True
ISM_PMI,2013-09-01,2013-10-01,56.2,True
ISM_PMI,2013-10-01,2013-11-01,56.4,True
ISM_PMI,2013-11-01,2013-12-02,57.3,True
ISM_PMI,2013-12-01,2014-01-02,57.0,True
ISM_PMI,2014-01-01,2014-02-03,51.3,True
ISM_PMI,2014-02-01,2014-03-03,53.2,True
ISM_PMI,2014-03-01,2014-04-01,53.7,True
ISM_PMI,2014-04-01,2014-05-01,54.9,True
ISM_PMI,2014-05-01,2014-06-02,55.4,True
ISM_PMI,2014-06-01,2014-07-01,55.3,True
ISM_PMI,2014-07-01,2014-08-01,57.1,True
ISM_PMI,2014-08-01,2014-09-02,59.0,True
ISM_PMI,2014-09-01,2014-10-01,56.6,True
ISM_PMI,2014-10-01,2014-11-03,59.0,True
ISM_PMI,2014-11-01,2014-12-01,58.7,True
ISM_PMI,2014-12-01,2015-01-02,55.5,True
ISM_PMI,2015-01-01,2015-02-02,53.5,True
ISM_PMI,2015-02-01,2015-03-02,52.9,True
ISM_PMI,2015-03-01,2015-04-01,51.5,True
ISM_PMI,2015-04-01,2015-05-01,51.5,True
ISM_PMI,2015-05-01,2015-06-01,52.8,True
ISM_PMI,2015-06-01,2015-07-01,53.5,True
ISM_PMI,2015-07-01,2015-08-03,52.7,True
ISM_PMI,2015-08-01,2015-09-01,51.1,True
ISM_PMI,2015-09-01,2015-10-01,50.2,True
ISM_PMI,2015-10-01,2015-11-02,50.1,True
ISM_PMI,2015-11-01,2015-12-01,48.6,True
ISM_PMI,2015-12-01,2016-01-04,48.0,True
ISM_PMI,2016-01-01,2016-02-01,48.2,True
ISM_PMI,2016-02-01,2016-03-01,49.5,True
ISM_PMI,2016-03-01,2016-04-01,51.8,True
ISM_PMI,2016-04-01,2016-05-02,50.8,True
ISM_PMI,2016-05-01,2016-06-01,51.3,True
ISM_PMI,2016-06-01,2016-07-01,53.2,True
ISM_PMI,2016-07-01,2016-08-01,52.6,True
ISM_PMI,2016-08-01,2016-09-01,49.4,True
ISM_PMI,2016-09-01,2016-10-03,51.5,True
ISM_PMI,2016-10-01,2016-11-01,51.9,True
ISM_PMI,2016-11-01,2016-12-01,53.2,True
ISM_PMI,2016-12-01,2017-01-03,54.5,True
ISM_PMI,2017-01-01,2017-02-01,56.0,True
ISM_PMI,2017-02-01,2017-03-01,57.7,True
ISM_PMI,2017-03-01,2017-04-03,57.2,True
ISM_PMI,2017-04-01,2017-05-01,54.8,True
ISM_PMI,2017-05-01,2017-06-01,54.9,True
ISM_PMI,2017-06-01,2017-07-03,57.8,True
ISM_PMI,2017-07-01,2017-08-01,56.3,True
ISM_PMI,2017-08-01,2017-09-01,58.8,True
ISM_PMI,2017-09-01,2017-10-02,60.8,True
ISM_PMI,2017-10-01,2017-11-01,58.7,True
ISM_PMI,2017-11-01,2017-12-01,58.2,True
ISM_PMI,2017-12-01,2018-01-03,59.7,True
ISM_PMI,2018-01-01,2018-02-01,59.1,True
ISM_PMI,2018-02-01,2018-03-01,60.8,True
ISM_PMI,2018-03-01,2018-04-02,59.3,True
ISM_PMI,2018-04-01,2018-05-01,57.3,True
ISM_PMI,2018-05-01,2018-06-01,58.7,True
ISM_PMI,2018-06-01,2018-07-02,60.2,True
ISM_PMI,2018-07-01,2018-08-01,58.1,True
ISM_PMI,2018-08-01,2018-09-04,61.3,True
ISM_PMI,2018-09-01,2018-10-01,59.8,True
ISM_PMI,2018-10-01,2018-11-01,57.7,True
ISM_PMI,2018-11-01,2018-12-03,59.3,True
ISM_PMI,2018-12-01,2019-01-03,54.3,True
ISM_PMI,2019-01-01,2019-02-01,56.6,True
ISM_PMI,2019-02-01,2019-03-01,54.2,True
ISM_PMI,2019-03-01,2019-04-01,55.3,True
ISM_PMI,2019-04-01,2019-05-01,52.8,True
ISM_PMI,2019-05-01,2019-06-03,52.1,True
ISM_PMI,2019-06-01,2019-07-01,51.7,True
ISM_PMI,2019-07-01,2019-08-01,51.2,True
ISM_PMI,2019-08-01,2019-09-03,49.1,True
ISM_PMI,2019-09-01,2019-10-01,47.8,True
ISM_PMI,2019-10-01,2019-11-01,48.3,True
ISM_PMI,2019-11-01,2019-12-02,48.1,True
ISM_PMI,2019-12-01,2020-01-03,47.8,True
ISM_PMI,2020-01-01,2020-02-03,50.9,True
ISM_PMI,2020-02-01,2020-03-02,50.1,True
ISM_PMI,2020-03-01,2020-04-01,49.1,True
ISM_PMI,2020-04-01,2020-05-01,41.5,True
ISM_PMI,2020-05-01,2020-06-01,43.1,True
ISM_PMI,2020-06-01,2020-07-01,52.6,True
ISM_PMI,2020-07-01,2020-08-03,54.2,True
ISM_PMI,2020-08-01,2020-09-01,56.0,True
ISM_PMI,2020-09-01,2020-10-01,55.4,True
ISM_PMI,2020-10-01,2020-11-02,59.3,True
ISM_PMI,2020-11-01,2020-12-01,57.5,True
ISM_PMI,2020-12-01,2021-01-05,60.5,True
ISM_PMI,2021-01-01,2021-02-01,58.7,True
ISM_PMI,2021-02-01,2021-03-01,60.8,True
ISM_PMI,2021-03-01,2021-04-01,64.7,True
ISM_PMI,2021-04-01,2021-05-03,60.7,True
ISM_PMI,2021-05-01,2021-06-01,61.2,True
ISM_PMI,2021-06-01,2021-07-01,60.6,True
ISM_PMI,2021-07-01,2021-08-02,59.5,True
ISM_PMI,2021-08-01,2021-09-01,59.9,True
ISM_PMI,2021-09-01,2021-10-01,61.1,True
ISM_PMI,2021-10-01,2021-11-01,60.8,True
ISM_PMI,2021-11-01,2021-12-01,61.1,True
ISM_PMI,2021-12-01,2022-01-04,58.8,True
ISM_PMI,2022-01-01,2022-02-01,57.6,True
ISM_PMI,2022-02-01,2022-03-01,58.6,True
ISM_PMI,2022-03-01,2022-04-01,57.1,True
ISM_PMI,2022-04-01,2022-05-02,55.4,True
ISM_PMI,2022-05-01,2022-06-01,56.1,True
ISM_PMI,2022-06-01,2022-07-01,53.0,True
ISM_PMI,2022-07-01,2022-08-01,52.8,True
ISM_PMI,2022-08-01,2022-09-01,52.8,True
ISM_PMI,2022-09-01,2022-10-03,50.9,True
ISM_PMI,2022-10-01,2022-11-01,50.2,True
ISM_PMI,2022-11-01,2022-12-01,49.0,True
ISM_PMI,2022-12-01,2023-01-04,48.4,True
ISM_PMI,2023-01-01,2023-02-01,47.4,True
ISM_PMI,2023-02-01,2023-03-01,47.7,True
ISM_PMI,2023-03-01,2023-04-03,46.3,True
ISM_PMI,2023-04-01,2023-05-01,47.1,True
ISM_PMI,2023-05-01,2023-06-01,46.9,True
ISM_PMI,2023-06-01,2023-07-03,46.0,True
ISM_PMI,2023-07-01,2023-08-01,46.4,True
ISM_PMI,2023-08-01,2023-09-01,47.6,True
ISM_PMI,2023-09-01,2023-10-02,49.0,True
ISM_PMI,2023-10-01,2023-11-01,46.7,True
ISM_PMI,2023-11-01,2023-12-01,46.7,True
ISM_PMI,2023-12-01,2024-01-03,47.1,True
ISM_PMI,2024-01-01,2024-02-01,49.1,True
ISM_PMI,2024-02-01,2024-03-01,47.8,True
ISM_PMI,2024-03-01,2024-04-01,50.3,True
ISM_PMI,2024-04-01,2024-05-01,49.2,True
ISM_PMI,2024-05-01,2024-06-03,48.7,True
ISM_PMI,2024-06-01,2024-07-01,48.5,True
ISM_PMI,2024-07-01,2024-08-01,46.8,True
ISM_PMI,2024-08-01,2024-09-03,47.2,True
ISM_PMI,2024-09-01,2024-10-01,47.2,True
ISM_PMI,2024-10-01,2024-11-01,46.5,True
ISM_PMI,2024-11-01,2024-12-02,48.4,True
ISM_PMI,2024-12-01,2025-01-03,49.2,True
ISM_PMI,2025-01-01,2025-02-03,50.9,True
ISM_PMI,2025-02-01,2025-03-03,50.3,True
ISM_PMI,2025-03-01,2025-04-01,49.0,True
ISM_PMI,2025-04-01,2025-05-01,48.7,True
ISM_PMI,2025-05-01,2025-06-02,48.5,True
ISM_PMI,2025-06-01,2025-07-01,49.0,True
ISM_PMI,2025-07-01,2025-08-01,48.0,True
ISM_PMI,2025-08-01,2025-09-02,48.7,True
ISM_PMI,2025-09-01,2025-10-01,49.1,True
ISM_PMI,2025-10-01,2025-11-03,48.7,True
ISM_PMI,2025-11-01,2025-12-01,48.2,True
ISM_PMI,2025-12-01,2026-01-05,47.9,True
ISM_PMI,2026-01-01,2026-02-02,52.6,True
ISM_PMI,2026-02-01,2026-03-02,52.4,True
ISM_PMI,2026-03-01,2026-04-01,52.7,True
ISM_PMI,2026-04-01,2026-05-01,52.7,True
ISM_PMI,2026-05-01,2026-06-01,54.0,True
ISM_PMI,2026-06-01,2026-07-01,53.3,True
ISM_PMI,2026-07-01,2026-08-03,55.6,True
